{
  "MX::ciudad-de-mexico": {
    "type": "large_city",
    "names": {
      "fr": "Mexico",
      "en": "Mexico City",
      "es": "Ciudad de México",
      "it": "Città del Messico",
      "pt": "Cidade do México",
      "de": "Mexiko-Stadt",
      "nl": "Mexico-Stad",
      "ar": "مدينة مكسيكو",
      "zh": "墨西哥城",
      "ja": "メキシコシティ",
      "ko": "멕시코시티",
      "ru": "Мехико",
      "hi": "मेक्सिको नगर",
      "tr": "Meksika Şehri",
      "pl": "Meksyk"
    }
  },
  "MX::oaxaca-de-juarez": {
    "type": "large_city",
    "names": {
      "es": "Oaxaca de Juárez",
      "fr": "Oaxaca de Juárez",
      "en": "Oaxaca de Juárez Municipality",
      "it": "Oaxaca de Juárez",
      "pt": "Municipio de Oaxaca de Juárez",
      "de": "Oaxaca de Juárez",
      "nl": "Oaxaca",
      "ru": "Оахака-де-Хуарес",
      "tr": "Oaxaca de Juárez (belediye)"
    }
  },
  "MX::puebla": {
    "type": "large_city",
    "names": {
      "en": "Puebla",
      "es": "Puebla",
      "ar": "بويبلا",
      "zh": "普埃布拉州",
      "ja": "プエブラ州",
      "ru": "Пуэбла",
      "pl": "Puebla",
      "fr": "Puebla",
      "it": "Puebla",
      "pt": "Puebla",
      "de": "Puebla",
      "nl": "Puebla",
      "ko": "푸에블라주",
      "hi": "प्यूएबला",
      "tr": "Puebla"
    }
  },
  "MX::merida": {
    "type": "large_city",
    "names": {
      "en": "Mérida",
      "es": "Mérida",
      "ar": "ماردة",
      "ja": "メリダ州",
      "ru": "Мерида",
      "pl": "Mérida",
      "fr": "Mérida",
      "it": "Mérida",
      "pt": "Mérida",
      "de": "Mérida",
      "nl": "Mérida",
      "zh": "梅里達",
      "ko": "메리다",
      "hi": "मेरिडा",
      "tr": "Mérida"
    }
  },
  "MX::tulum": {
    "type": "large_city",
    "names": {
      "en": "Tulum",
      "es": "Tulum",
      "ru": "Тулум",
      "fr": "Tulum",
      "it": "Tulum",
      "pt": "Município de Tulum",
      "de": "Municipio Tulum",
      "nl": "Tulum",
      "zh": "圖盧姆市",
      "ja": "トゥルム"
    }
  },
  "MX::san-cristobal-de-las-casas": {
    "type": "large_city",
    "names": {
      "es": "San Cristóbal",
      "fr": "San Cristóbal de Las Casas",
      "en": "San Cristóbal de Las Casas",
      "it": "San Cristóbal de Las Casas",
      "pt": "San Cristóbal de las Casas",
      "de": "San Cristóbal de las Casas",
      "nl": "San Cristóbal de las Casas",
      "zh": "圣克里斯托瓦尔-德拉斯卡萨斯",
      "ja": "サン・クリストバル・デ・ラス・カサス",
      "ko": "산크리스토발데라스카사스",
      "ru": "Сан-Кристобаль-де-лас-Касас",
      "tr": "San Cristóbal de las Casas",
      "pl": "San Cristóbal de las Casas"
    }
  },
  "MX::cancun": {
    "type": "medium_city",
    "names": {
      "en": "Cancún",
      "es": "Cancún",
      "ar": "كانكون",
      "zh": "坎昆",
      "ru": "Канкун",
      "fr": "Cancún",
      "it": "Cancún",
      "pt": "Cancún",
      "de": "Cancún",
      "nl": "Cancún",
      "ja": "カンクン",
      "ko": "캉쿤",
      "hi": "कान्कुन",
      "tr": "Cancún",
      "pl": "Cancún"
    }
  },
  "MX::puerto-escondido": {
    "type": "large_city",
    "names": {
      "_default": "Puerto Escondido",
      "fr": "Puerto Escondido",
      "en": "Puerto Escondido",
      "es": "Puerto Escondido",
      "it": "Puerto Escondido",
      "pt": "Puerto Escondido",
      "de": "Puerto Escondido",
      "nl": "Puerto Escondido",
      "zh": "埃斯孔迪多港",
      "ja": "プエルト・エスコンディード",
      "ko": "푸에르토에스콘디도",
      "ru": "Пуэрто-Эскондидо",
      "pl": "Puerto Escondido"
    }
  },
  "MX::palenque": {
    "type": "medium_city",
    "names": {
      "_default": "Palenque",
      "fr": "Palenque",
      "en": "Palenque Municipality",
      "es": "Municipio de Palenque",
      "it": "Palenque (comune messicano)",
      "de": "Municipio Palenque",
      "nl": "Palenque",
      "ja": "パレンケ",
      "ru": "Паленке"
    }
  },
  "MX::campeche": {
    "type": "small_city",
    "names": {
      "en": "Campeche",
      "es": "Campeche",
      "zh": "坎佩切州",
      "ja": "カンペチェ州",
      "ru": "Кампече",
      "pl": "Campeche",
      "fr": "Campeche",
      "it": "Campeche",
      "pt": "Campeche",
      "de": "Campeche",
      "nl": "Campeche",
      "ar": "ولاية كامبيتشي",
      "ko": "캄페체주",
      "hi": "कैम्पेचे",
      "tr": "Campeche"
    }
  },
  "MX::valladolid": {
    "type": "large_city",
    "names": {
      "es": "Valladolid",
      "fr": "Valladolid",
      "en": "Valladolid",
      "it": "Valladolid",
      "pt": "Valladolid",
      "de": "Valladolid",
      "nl": "Valladolid",
      "ar": "فالادوليد، المكسيك",
      "zh": "巴亚多利德",
      "ja": "バジャドリド",
      "ko": "바야돌리드",
      "ru": "Вальядолид",
      "hi": "वल्लाडोलिड",
      "tr": "Valladolid",
      "pl": "Valladolid"
    }
  },
  "MX::tijuana": {
    "type": "medium_city",
    "names": {
      "en": "Tijuana",
      "es": "Tijuana",
      "de": "Tijuana",
      "ar": "تيخوانا",
      "zh": "蒂华纳",
      "ko": "티후아나",
      "ru": "Тихуана",
      "fr": "Tijuana",
      "it": "Tijuana",
      "pt": "Tijuana",
      "nl": "Tijuana",
      "ja": "ティフアナ",
      "hi": "तिजुआना",
      "tr": "Tijuana",
      "pl": "Tijuana"
    }
  },
  "MX::mazunte": {
    "type": "small_city",
    "names": {
      "_default": "Mazunte",
      "en": "Mazunte",
      "es": "Mazunte",
      "it": "Mazunte",
      "de": "Mazunte",
      "zh": "马祖特"
    }
  },
  "MX::bacalar": {
    "type": "small_city",
    "names": {
      "es": "Bacalar",
      "fr": "Bacalar",
      "en": "Bacalar Municipality",
      "it": "Bacalar",
      "pt": "Bacalar",
      "de": "Municipio Bacalar",
      "nl": "Bacalar",
      "zh": "巴拉卡尔市镇",
      "ru": "Бакалар"
    }
  },
  "MX::holbox": {
    "type": "small_city",
    "names": {
      "_default": "Holbox",
      "fr": "Holbox",
      "en": "Isla Holbox",
      "es": "Isla Holbox",
      "it": "Holbox",
      "pt": "Ilha Holbox",
      "de": "Holbox",
      "nl": "Holbox",
      "zh": "奧爾沃克斯島",
      "ja": "オルボクス島",
      "ru": "Хольбош",
      "pl": "Isla Holbox"
    }
  },
  "MX::san-jose-del-cabo": {
    "type": "small_city",
    "names": {
      "es": "San José del Cabo",
      "ru": "Сан-Хосе-дель-Кабо"
    }
  },
  "MX::la-paz": {
    "type": "small_city",
    "names": {
      "en": "La Paz",
      "es": "La Paz",
      "zh": "拉巴斯",
      "ru": "Ла-Пас",
      "pl": "La Paz"
    }
  },
  "MX::taxco": {
    "type": "village",
    "names": {
      "es": "Taxco"
    }
  },
  "MX::rio-lagartos": {
    "type": "small_city",
    "names": {
      "_default": "Río Lagartos"
    }
  },
  "MX::ensenada": {
    "type": "small_city",
    "names": {
      "en": "Ensenada",
      "es": "Ensenada",
      "ar": "إنسناذا",
      "ru": "Энсенада"
    }
  },
  "MX::loreto": {
    "type": "small_city",
    "names": {
      "_default": "Loreto"
    }
  },
  "MX::cabo-pulmo": {
    "type": "village",
    "names": {
      "_default": "Cabo Pulmo"
    }
  },
  "MX::bahia-de-los-angeles": {
    "type": "small_city",
    "names": {
      "es": "Zona marina Bahía de los Ángeles, canales de Ballenas y de Salsipuedes"
    }
  },
  "MX::nevado-de-toluca": {
    "type": "small_city",
    "names": {
      "es": "Nevado de Toluca"
    }
  },
  "MX::la-ventana": {
    "type": "village",
    "names": {
      "_default": "La Ventana"
    }
  },
  "MX::san-ignacio": {
    "type": "village",
    "names": {
      "_default": "San Ignacio"
    }
  },
  "MX::bahia-tortugas": {
    "type": "village",
    "names": {
      "_default": "Bahía Tortugas"
    }
  }
}