{
  "AR::buenos-aires": {
    "type": "large_city",
    "names": {
      "fr": "Buenos Aires",
      "en": "Buenos Aires",
      "es": "Buenos Aires",
      "de": "Buenos Aires",
      "nl": "Buenos Aires",
      "ar": "بوينس آيرس",
      "zh": "布宜诺斯艾利斯",
      "ja": "ブエノスアイレス",
      "ko": "부에노스아이레스",
      "ru": "Буэнос-Айрес",
      "hi": "ब्यूनस आयर्स",
      "tr": "Buenos Aires",
      "pl": "Buenos Aires",
      "it": "Buenos Aires",
      "pt": "Buenos Aires"
    }
  },
  "AR::salta": {
    "type": "medium_city",
    "names": {
      "es": "Salta",
      "zh": "萨尔塔省",
      "ja": "サルタ州",
      "ru": "Сальта",
      "fr": "Salta",
      "en": "Salta Province",
      "it": "Salta",
      "pt": "Salta",
      "de": "Salta",
      "nl": "Salta",
      "ar": "سالتا",
      "ko": "살타주",
      "hi": "साल्टा",
      "tr": "Salta eyaleti",
      "pl": "Salta"
    }
  },
  "AR::ushuaia": {
    "type": "small_city",
    "names": {
      "fr": "Ushuaïa",
      "en": "Ushuaia",
      "es": "Ushuaia",
      "pt": "Ushuaia",
      "ar": "أوشوايا",
      "zh": "乌斯怀亚 / 烏蘇懷亞",
      "ja": "ウシュアイア",
      "ko": "우수아이아",
      "ru": "Ушуая",
      "hi": "उशुवाया",
      "it": "Ushuaia",
      "de": "Ushuaia",
      "nl": "Ushuaia",
      "tr": "Ushuaia",
      "pl": "Ushuaia"
    }
  },
  "AR::el-calafate": {
    "type": "small_city",
    "names": {
      "en": "El Calafate",
      "es": "El Calafate",
      "ko": "엘카라파테",
      "ru": "Эль-Калафате",
      "fr": "El Calafate",
      "it": "El Calafate",
      "pt": "El Calafate",
      "de": "El Calafate",
      "nl": "El Calafate",
      "ar": "إل كالافاتي",
      "zh": "埃尔卡拉法特",
      "ja": "エル・カラファテ",
      "hi": "एल कैलाफेट",
      "tr": "El Calafate",
      "pl": "El Calafate"
    }
  },
  "AR::humahuaca": {
    "type": "small_city",
    "names": {
      "es": "Municipio de Humahuaca",
      "fr": "Humahuaca",
      "en": "Humahuaca",
      "it": "Humahuaca",
      "pt": "Humahuaca",
      "de": "Humahuaca",
      "nl": "Humahuaca",
      "ar": "هوماهواكا",
      "zh": "烏瑪瓦卡",
      "ja": "ウマウアカ",
      "ko": "우마우아카",
      "tr": "Humahuaca",
      "pl": "Humahuaca"
    }
  },
  "AR::cafayate": {
    "type": "small_city",
    "names": {
      "_default": "Cafayate",
      "fr": "Cafayate",
      "en": "Cafayate",
      "es": "Cafayate",
      "it": "Cafayate",
      "pt": "Cafayate",
      "de": "Cafayate",
      "nl": "Cafayate",
      "zh": "卡法亞特",
      "tr": "Cafayate",
      "pl": "Cafayate"
    }
  },
  "AR::cachi": {
    "type": "small_city",
    "names": {
      "_default": "Cachi",
      "fr": "Cachi",
      "en": "Cachi Department",
      "es": "Departamento de Cachi",
      "it": "Dipartimento di Cachi",
      "pt": "Cachi (departamento)",
      "de": "Departamento Cachi",
      "nl": "Cachi",
      "zh": "卡奇縣",
      "ja": "カチ・デパルタメント",
      "ru": "Качи (департамент)",
      "tr": "Departamento de Cachi",
      "pl": "Cachi"
    }
  },
  "AR::tilcara": {
    "type": "village",
    "names": {
      "_default": "Tilcara"
    }
  },
  "AR::salinas-grandes": {
    "type": "village",
    "names": {
      "fr": "Salinas Grandes (centre nord-ouest argentin)",
      "en": "Salinas Grandes",
      "es": "Salinas Grandes",
      "de": "Salinas Grandes",
      "ja": "サリーナス・グランデス",
      "ru": "Салинас-Грандес",
      "pl": "Salinas Grandes"
    }
  },
  "AR::puerto-iguazu": {
    "type": "small_city",
    "names": {
      "fr": "Puerto Iguazú",
      "en": "Puerto Iguazú",
      "es": "Municipio de Puerto Iguazú",
      "it": "Puerto Iguazú",
      "pt": "Porto Iguaçu",
      "de": "Puerto Iguazú",
      "nl": "Puerto Iguazú",
      "ar": "بويرتو جواسيو",
      "zh": "伊瓜蘇港",
      "ja": "プエルト イグアス",
      "ko": "푸에르토이과수",
      "ru": "Пуэрто-Игуасу",
      "pl": "Puerto Iguazú"
    }
  },
  "AR::iruya": {
    "type": "village",
    "names": {
      "es": "Municipio Iruya"
    }
  },
  "AR::tolar-grande": {
    "type": "village",
    "names": {
      "es": "Municipio de Tolar Grande"
    }
  },
  "AR::el-penon": {
    "type": "village",
    "names": {
      "_default": "El Peñon"
    }
  },
  "AR::mendoza": {
    "type": "medium_city",
    "names": {
      "fr": "Mendoza",
      "en": "Mendoza",
      "es": "Ciudad de Mendoza",
      "it": "Mendoza",
      "de": "Mendoza",
      "nl": "Mendoza",
      "ar": "مندوزا",
      "zh": "门多萨",
      "ja": "メンドーサ",
      "ko": "멘도사",
      "ru": "Мендоса",
      "hi": "मेन्दोज़ा",
      "tr": "Mendoza",
      "pl": "Mendoza"
    }
  },
  "AR::puerto-madryn": {
    "type": "small_city",
    "names": {
      "es": "Municipio de Puerto Madryn",
      "ru": "Пуэрто-Мадрин"
    }
  },
  "AR::bariloche": {
    "type": "medium_city",
    "names": {
      "en": "San Carlos de Bariloche",
      "es": "San Carlos de Bariloche",
      "pt": "Bariloche",
      "de": "Bariloche",
      "nl": "Bariloche (Río Negro)",
      "ar": "باريلوتشي",
      "zh": "圣卡洛斯-德巴里洛切",
      "ja": "サン・カルロス・デ・バリローチェ",
      "ko": "산카를로스데바릴로체",
      "ru": "Сан-Карлос-де-Барилоче",
      "pl": "Bariloche"
    }
  },
  "AR::barreal": {
    "type": "village",
    "names": {
      "_default": "Barreal"
    }
  },
  "AR::san-rafael": {
    "type": "small_city",
    "names": {
      "es": "Distrito Ciudad de San Rafael"
    }
  },
  "AR::el-soberbio": {
    "type": "village",
    "names": {
      "_default": "El Soberbio"
    }
  },
  "AR::purmamarca": {
    "type": "village",
    "names": {
      "es": "Municipio de Purmamarca"
    }
  },
  "AR::abra-pampa": {
    "type": "village",
    "names": {
      "es": "Municipio de Abra Pampa"
    }
  }
}