{
  "RO::bucuresti": {
    "type": "large_city",
    "names": {
      "fr": "Bucarest",
      "en": "Bucharest",
      "es": "Bucarest",
      "it": "Bucarest",
      "pt": "Bucareste",
      "de": "Bukarest",
      "nl": "Boekarest",
      "ar": "بوخارست",
      "zh": "布加勒斯特",
      "ja": "ブカレスト",
      "ko": "부쿠레슈티",
      "ru": "Бухарест",
      "hi": "बुखारेस्ट",
      "tr": "Bukres",
      "pl": "Bukareszt"
    }
  },
  "RO::brasov": {
    "type": "large_city",
    "names": {
      "en": "Brasov",
      "de": "Kronstadt",
      "ar": "براشوف",
      "ja": "ブラショヴ",
      "ru": "Брашов",
      "tr": "Braşov",
      "pl": "Braszów",
      "fr": "Brașov",
      "es": "Brașov",
      "it": "Brașov",
      "pt": "Brașov",
      "nl": "Brașov",
      "zh": "布拉索夫",
      "ko": "브라쇼브",
      "hi": "ब्रासोव"
    }
  },
  "RO::cluj-napoca": {
    "type": "medium_city",
    "names": {
      "fr": "Cluj-Napoca",
      "en": "Cluj-Napoca",
      "de": "Klausenburg",
      "ar": "كلوج نابوكا",
      "zh": "克卢日-纳波卡",
      "ja": "クルジュ＝ナポカ",
      "ko": "클루지나포카",
      "ru": "Клуж-Напока",
      "tr": "Kaloşvar",
      "pl": "Kluż-Napoka",
      "es": "Cluj-Napoca",
      "it": "Cluj-Napoca",
      "pt": "Cluj-Napoca",
      "nl": "Cluj-Napoca",
      "hi": "क्लयूज -नापोका"
    }
  },
  "RO::sibiu": {
    "type": "medium_city",
    "names": {
      "fr": "Sibiu",
      "en": "Sibiu",
      "es": "Sibiu",
      "de": "Hermannstadt",
      "ar": "سيبيو",
      "ru": "Сибиу",
      "pl": "Sybin",
      "it": "Sibiu",
      "pt": "Sibiu",
      "nl": "Sibiu",
      "zh": "錫比烏",
      "ja": "シビウ",
      "ko": "시비우",
      "hi": "सीबीयू",
      "tr": "Sibin"
    }
  },
  "RO::sighisoara": {
    "type": "medium_city",
    "names": {
      "fr": "Sighișoara",
      "en": "Sighișoara",
      "es": "Sighișoara",
      "de": "Schäßburg",
      "ar": "سيغيشوارا",
      "ru": "Сигишоара"
    }
  },
  "RO::sighetu-marmatiei": {
    "type": "small_city",
    "names": {
      "en": "Sighetu Marmatiei",
      "de": "Marmaroschsiget",
      "ru": "Сигету-Мармацией",
      "pl": "Syhot Marmaroski",
      "fr": "Sighetu Marmației",
      "es": "Sighetu Marmației",
      "it": "Sighetu Marmației",
      "pt": "Sighetu Marmației",
      "nl": "Sighetu Marmației",
      "zh": "錫蓋圖馬爾馬切伊",
      "ja": "シゲトゥ・マルマツィエイ",
      "ko": "시게투마르마치에이",
      "tr": "Sighetu Marmației"
    }
  },
  "RO::sinaia": {
    "type": "small_city",
    "names": {
      "ru": "Синая",
      "fr": "Sinaia",
      "en": "Sinaia",
      "es": "Sinaia",
      "it": "Sinaia",
      "pt": "Sinaia",
      "de": "Sinaia",
      "nl": "Sinaia",
      "ar": "سينايا",
      "zh": "錫納亞",
      "ja": "シナヤ",
      "ko": "시나이아",
      "tr": "Sinaia",
      "pl": "Sinaia"
    }
  },
  "RO::gheorgheni": {
    "type": "small_city",
    "names": {
      "de": "Niklasmarkt",
      "ru": "Георгени",
      "en": "Gheorgheni"
    }
  },
  "RO::cartisoara": {
    "type": "medium_city",
    "names": {
      "_default": "Cârțișoara",
      "fr": "Cârțișoara",
      "en": "Cârțișoara",
      "it": "Cârțișoara",
      "pt": "Cârțișoara",
      "de": "Cârțișoara",
      "nl": "Cârțișoara",
      "pl": "Cârțișoara"
    }
  },
  "RO::gura-humorului": {
    "type": "small_city",
    "names": {
      "de": "Gura Humora",
      "ru": "Гура-Гуморулуй",
      "pl": "Gura Humora",
      "fr": "Gura Humorului",
      "en": "Gura Humorului",
      "es": "Gura Humorului",
      "it": "Gura Humorului",
      "pt": "Gura Humorului",
      "nl": "Gura Humorului",
      "zh": "古拉胡莫魯盧伊",
      "tr": "Gura Humorului"
    }
  },
  "RO::curtea-de-arges": {
    "type": "small_city",
    "names": {
      "de": "Argisch",
      "ru": "Куртя-де-Арджеш"
    }
  },
  "RO::constanta": {
    "type": "medium_city",
    "names": {
      "fr": "Constanța",
      "en": "Constanța",
      "es": "Constanza",
      "it": "Costanza",
      "pt": "Constança",
      "de": "Konstanza",
      "nl": "Constanța",
      "ar": "كونستانتسا",
      "zh": "康斯坦察",
      "ja": "コンスタンツァ",
      "ko": "콘스탄차",
      "ru": "Констанца",
      "tr": "Köstence",
      "pl": "Konstanca"
    }
  },
  "RO::murfatlar": {
    "type": "village",
    "names": {
      "de": "Murfatlar"
    }
  }
}