{
  "GB::london": {
    "type": "large_city",
    "names": {
      "fr": "Grand Londres",
      "en": "Greater London",
      "es": "Gran Londres",
      "it": "Londra",
      "pt": "Grande Londres",
      "de": "Groß-London",
      "nl": "Groot-Londen",
      "ar": "لندن",
      "zh": "大倫敦",
      "ja": "ロンドン",
      "ko": "그레이터런던",
      "ru": "Большой Лондон",
      "hi": "लंदन",
      "tr": "Londra",
      "pl": "Londyn"
    }
  },
  "GB::st-katharine-docks": {
    "type": "small_city",
    "names": {
      "_default": "St. Katharine Docks",
      "fr": "Docks de St Katharine",
      "en": "St Katharine Docks",
      "es": "Muelles de St Katharine",
      "pt": "Docas de St Katherine",
      "de": "St Katharine Docks",
      "nl": "St Katharine Docks",
      "zh": "圣凯瑟琳码头",
      "ja": "セント・キャサリン・ドッグ",
      "pl": "St. Katharine Docks"
    }
  },
  "GB::piccadilly-circus": {
    "type": "small_city",
    "names": {
      "en": "Piccadilly Circus",
      "zh": "皮卡迪利廣場",
      "ko": "피카딜리 서커스",
      "fr": "Piccadilly Circus",
      "es": "Piccadilly Circus",
      "it": "Piccadilly Circus",
      "pt": "Piccadilly Circus",
      "de": "Piccadilly Circus",
      "nl": "Piccadilly Circus",
      "ar": "ميدان بيكاديلي",
      "ja": "ピカデリーサーカス",
      "ru": "Пикадилли-Серкус",
      "hi": "पिकाडिली सर्कस",
      "tr": "Piccadilly Circus",
      "pl": "Piccadilly Circus"
    }
  },
  "GB::soho": {
    "type": "small_city",
    "names": {
      "en": "Soho",
      "ar": "سوهو",
      "ru": "Сохо",
      "fr": "Soho",
      "es": "Soho",
      "it": "Soho",
      "pt": "Soho",
      "de": "Soho",
      "nl": "Soho",
      "zh": "倫敦蘇豪區",
      "ja": "ソーホー",
      "ko": "소호",
      "hi": "सोहो",
      "tr": "Soho",
      "pl": "Soho"
    }
  },
  "GB::camden-town": {
    "type": "village",
    "names": {
      "fr": "Borough londonien de Camden",
      "en": "London Borough of Camden",
      "es": "Camden",
      "it": "Camden",
      "pt": "Camden",
      "de": "London Borough of Camden",
      "nl": "Camden",
      "zh": "卡姆登區",
      "ja": "カムデン区",
      "ko": "캠던구",
      "ru": "Камден",
      "hi": "कैमडन बरो",
      "tr": "Camden, Londra",
      "pl": "London Borough of Camden",
      "ar": "حي كامدن اللندني"
    }
  },
  "GB::notting-hill": {
    "type": "village",
    "names": {
      "en": "Notting Hill",
      "zh": "诺丁山",
      "fr": "Notting Hill",
      "es": "Notting Hill",
      "it": "Notting Hill",
      "pt": "Notting Hill",
      "de": "Notting Hill",
      "nl": "Notting Hill",
      "ar": "نوتينغ هيل",
      "ja": "ノッティング・ヒル",
      "ko": "노팅힐",
      "ru": "Ноттинг-Хилл",
      "hi": "नॉटिंग हिल",
      "tr": "Notting Hill",
      "pl": "Notting Hill"
    }
  },
  "GB::edinburgh": {
    "type": "large_city",
    "names": {
      "fr": "Édimbourg",
      "en": "City of Edinburgh",
      "es": "Edimburgo",
      "it": "Edimburgo",
      "pt": "Edimburgo",
      "de": "Edinburg",
      "nl": "Edinburgh",
      "ar": "إدنبرة",
      "zh": "爱丁堡",
      "ja": "エディンバラ",
      "ko": "에든버러",
      "ru": "Эдинбург",
      "hi": "ऎडिन्बर",
      "tr": "Edinburgh",
      "pl": "Edynburg"
    }
  },
  "GB::oxford-street": {
    "type": "small_city",
    "names": {
      "en": "Oxford Street",
      "fr": "Oxford Street",
      "es": "Oxford Street",
      "it": "Oxford Street",
      "pt": "Oxford Street",
      "de": "Oxford Street",
      "nl": "Oxford Street",
      "ar": "أكسفورد ستريت",
      "zh": "牛津街",
      "ja": "オックスフォード・ストリート",
      "ko": "옥스퍼드 스트리트",
      "ru": "Оксфорд-стрит",
      "tr": "Oxford Street",
      "pl": "Oxford Street"
    }
  },
  "GB::bath": {
    "type": "large_city",
    "names": {
      "fr": "Bath",
      "en": "Bath",
      "es": "Bath",
      "it": "Bath",
      "pt": "Bath",
      "de": "Bath",
      "nl": "Bath",
      "ar": "باث",
      "zh": "巴斯",
      "ja": "バース",
      "ko": "바스",
      "ru": "Бат",
      "tr": "Bath",
      "pl": "Bath",
      "hi": "बाथ"
    }
  },
  "GB::keswick": {
    "type": "large_city",
    "names": {
      "en": "Keswick",
      "fr": "Keswick",
      "es": "Keswick",
      "it": "Keswick",
      "pt": "Keswick",
      "de": "Keswick",
      "nl": "Keswick",
      "ar": "كيسويك، كمبريا",
      "zh": "凯西克",
      "ja": "ケズィック",
      "ko": "케직",
      "ru": "Кесуик",
      "tr": "Keswick, Cumbria",
      "pl": "Keswick"
    }
  },
  "GB::glasgow": {
    "type": "large_city",
    "names": {
      "fr": "Glasgow",
      "en": "Glasgow",
      "es": "Glasgow",
      "it": "Glasgow",
      "pt": "Glasgow",
      "de": "Glasgow",
      "nl": "Glasgow",
      "ar": "غلاسكو",
      "zh": "格拉斯哥",
      "ja": "グラスゴー",
      "ko": "글래스고",
      "ru": "Глазго",
      "hi": "ग्लास्गो",
      "tr": "Glasgow",
      "pl": "Glasgow"
    }
  },
  "GB::york": {
    "type": "medium_city",
    "names": {
      "fr": "York",
      "en": "York",
      "es": "York",
      "it": "York",
      "pt": "Iorque",
      "de": "York",
      "nl": "York",
      "ar": "يورك",
      "zh": "約克",
      "ja": "ヨーク",
      "ko": "요크",
      "ru": "Йорк",
      "hi": "यॉर्क",
      "tr": "York",
      "pl": "York"
    }
  },
  "GB::windermere": {
    "type": "large_city",
    "names": {
      "en": "Windermere",
      "zh": "温德米尔",
      "fr": "Windermere",
      "es": "Windermere",
      "it": "Windermere",
      "pt": "Windermere",
      "de": "Windermere",
      "nl": "Windermere",
      "ar": "ويندرمير",
      "ja": "ウィンダミア",
      "ko": "윈드미어",
      "ru": "Виндермер",
      "tr": "Windermere, Cumbria (town)",
      "pl": "Windermere"
    }
  },
  "GB::cambridge": {
    "type": "medium_city",
    "names": {
      "fr": "Cambridge",
      "en": "Cambridge",
      "es": "Cambridge",
      "it": "Cambridge",
      "pt": "Cambridge",
      "de": "Cambridge",
      "nl": "Cambridge",
      "ar": "كامبريدج",
      "zh": "剑桥",
      "ja": "ケンブリッジ",
      "ko": "케임브리지",
      "ru": "Кембридж",
      "hi": "कैम्ब्रिज",
      "tr": "Cambridge",
      "pl": "Cambridge"
    }
  },
  "GB::oxford": {
    "type": "medium_city",
    "names": {
      "fr": "Oxford",
      "en": "Oxford",
      "es": "Oxford",
      "it": "Oxford",
      "pt": "Oxford",
      "de": "Oxford",
      "nl": "Oxford",
      "ar": "أكسفورد",
      "zh": "牛津",
      "ja": "オックスフォード",
      "ko": "옥스퍼드",
      "ru": "Оксфорд",
      "hi": "ऑक्सफ़ोर्ड",
      "tr": "Oxford",
      "pl": "Oksford"
    }
  },
  "GB::salisbury": {
    "type": "large_city",
    "names": {
      "en": "Salisbury",
      "ar": "سالزبوري",
      "ru": "Солсбери",
      "fr": "Salisbury",
      "es": "Salisbury",
      "it": "Salisbury",
      "pt": "Salisbury",
      "de": "Salisbury",
      "nl": "Salisbury",
      "zh": "索爾茲伯里",
      "ja": "ソールズベリー",
      "ko": "솔즈베리",
      "hi": "सैलिसबरी",
      "tr": "Salisbury",
      "pl": "Salisbury"
    }
  },
  "GB::bakewell": {
    "type": "large_city",
    "names": {
      "en": "Bakewell CP",
      "fr": "Bakewell",
      "es": "Bakewell",
      "it": "Bakewell",
      "pt": "Bakewell",
      "de": "Bakewell",
      "nl": "Bakewell",
      "zh": "貝克威爾",
      "ja": "ベイクウェル",
      "ko": "베이크웰",
      "ru": "Бейквелл",
      "tr": "Bakewell",
      "pl": "Bakewell"
    }
  },
  "GB::birmingham": {
    "type": "large_city",
    "names": {
      "fr": "Birmingham",
      "en": "Birmingham",
      "es": "Birmingham",
      "it": "Birmingham",
      "pt": "Birmingham",
      "de": "Birmingham",
      "nl": "Birmingham",
      "ar": "برمنهام",
      "zh": "伯明翰",
      "ja": "バーミンガム",
      "ko": "버밍엄",
      "ru": "Бирмингем",
      "hi": "बर्मिंघम",
      "tr": "Birmingham",
      "pl": "Birmingham"
    }
  },
  "GB::bristol": {
    "type": "small_city",
    "names": {
      "fr": "Bristol",
      "en": "Bristol",
      "nl": "Bristol",
      "ar": "برستل",
      "zh": "布里斯托",
      "ja": "ブリストル",
      "ko": "브리스틀",
      "ru": "Бристоль",
      "hi": "ब्रिस्टल",
      "es": "Bristol",
      "it": "Bristol",
      "pt": "Bristol",
      "de": "Bristol",
      "tr": "Bristol",
      "pl": "Bristol"
    }
  },
  "GB::manchester": {
    "type": "medium_city",
    "names": {
      "fr": "Manchester",
      "en": "Manchester",
      "es": "Mánchester",
      "it": "Manchester",
      "pt": "Manchester",
      "de": "Manchester",
      "nl": "Manchester",
      "ar": "مانشستر",
      "zh": "曼彻斯特",
      "ja": "マンチェスター",
      "ko": "맨체스터",
      "ru": "Манчестер",
      "hi": "मांचॆस्टर",
      "tr": "Manchester",
      "pl": "Manchester"
    }
  },
  "GB::whitby": {
    "type": "large_city",
    "names": {
      "en": "Whitby",
      "fr": "Whitby",
      "es": "Whitby",
      "it": "Whitby",
      "pt": "Whitby",
      "de": "Whitby",
      "nl": "Whitby",
      "ar": "ويتبي",
      "zh": "惠特比",
      "ja": "ウィットビー",
      "ko": "휘트비",
      "ru": "Уитби",
      "tr": "Whitby",
      "pl": "Whitby"
    }
  },
  "GB::brighton": {
    "type": "medium_city",
    "names": {
      "fr": "Brighton",
      "en": "Brighton",
      "es": "Brighton",
      "it": "Brighton",
      "pt": "Brighton",
      "de": "Brighton",
      "nl": "Brighton",
      "ar": "برايتن",
      "zh": "布莱顿",
      "ja": "ブライトン",
      "ko": "브라이턴",
      "ru": "Брайтон",
      "tr": "Brighton",
      "pl": "Brighton",
      "hi": "ब्राइटन"
    }
  },
  "GB::exeter": {
    "type": "medium_city",
    "names": {
      "en": "Exeter",
      "ar": "إكستر",
      "zh": "艾克斯特",
      "ko": "엑서터",
      "ru": "Эксетер",
      "fr": "Exeter",
      "es": "Exeter",
      "it": "Exeter",
      "pt": "Exeter",
      "de": "Exeter",
      "nl": "Exeter",
      "ja": "エクセター",
      "hi": "एक्सेर",
      "tr": "Exeter",
      "pl": "Exeter"
    }
  },
  "GB::skipton": {
    "type": "medium_city",
    "names": {
      "_default": "Skipton",
      "fr": "Skipton",
      "en": "Skipton",
      "es": "Skipton",
      "it": "Skipton",
      "pt": "Skipton",
      "de": "Skipton",
      "nl": "Skipton",
      "zh": "斯基普頓",
      "ja": "スキップトン",
      "ko": "스킵턴",
      "ru": "Скиптон",
      "tr": "Skipton",
      "pl": "Skipton"
    }
  },
  "GB::norwich": {
    "type": "medium_city",
    "names": {
      "fr": "Norwich",
      "en": "Norwich",
      "es": "Norwich",
      "it": "Norwich",
      "pt": "Norwich",
      "de": "Norwich",
      "nl": "Norwich",
      "ar": "نورتش",
      "zh": "諾里奇",
      "ja": "ノリッジ",
      "ko": "노리치",
      "ru": "Норидж",
      "tr": "Norwich",
      "pl": "Norwich",
      "hi": "नॉर्विच"
    }
  },
  "GB::durham": {
    "type": "medium_city",
    "names": {
      "fr": "Durham",
      "en": "County Durham",
      "es": "Durham",
      "it": "Durham",
      "pt": "Durham",
      "de": "Durham",
      "nl": "Durham",
      "ar": "درم",
      "zh": "达勒姆郡",
      "ja": "ダラム",
      "ko": "더럼",
      "ru": "Дарем",
      "hi": "डरहम",
      "tr": "Durham",
      "pl": "Durham"
    }
  },
  "GB::penzance": {
    "type": "large_city",
    "names": {
      "en": "Penzance",
      "ru": "Пензанс",
      "fr": "Penzance",
      "es": "Penzance",
      "it": "Penzance",
      "pt": "Penzance",
      "de": "Penzance",
      "nl": "Penzance",
      "ar": "بينزانس",
      "zh": "彭赞斯",
      "ja": "ペンザンス",
      "ko": "펜잰스",
      "tr": "Penzance",
      "pl": "Penzance"
    }
  },
  "GB::wroxham": {
    "type": "medium_city",
    "names": {
      "_default": "Wroxham",
      "fr": "Wroxham",
      "en": "Wroxham",
      "it": "Wroxham",
      "de": "Wroxham",
      "nl": "Wroxham",
      "ru": "Роксхем",
      "tr": "Wroxham",
      "pl": "Wroxham"
    }
  },
  "GB::great-yarmouth": {
    "type": "medium_city",
    "names": {
      "en": "Great Yarmouth",
      "ru": "Грейт-Ярмут",
      "fr": "Great Yarmouth",
      "es": "Municipio de Great Yarmouth",
      "it": "Great Yarmouth",
      "de": "Borough of Great Yarmouth",
      "nl": "Great Yarmouth",
      "zh": "大雅茅斯區",
      "ja": "グレート・ヤーマス",
      "ko": "그레이트야머스구",
      "pl": "Great Yarmouth"
    }
  },
  "GB::castleton": {
    "type": "large_city",
    "names": {
      "_default": "Castleton",
      "fr": "Castleton",
      "en": "Castleton",
      "es": "Castleton",
      "it": "Castleton (Derbyshire)",
      "de": "Castleton",
      "nl": "Castleton",
      "zh": "卡斯尔顿",
      "ja": "キャッスルトン (ダービーシャー)",
      "pl": "Castleton"
    }
  },
  "GB::liverpool": {
    "type": "medium_city",
    "names": {
      "fr": "Liverpool",
      "en": "Liverpool",
      "es": "Liverpool",
      "it": "Liverpool",
      "pt": "Liverpool",
      "de": "Liverpool",
      "nl": "Liverpool",
      "ar": "ليفربول",
      "zh": "利物浦",
      "ja": "リヴァプール",
      "ko": "리버풀",
      "ru": "Ливерпуль",
      "hi": "लिवरपूल",
      "tr": "Liverpool",
      "pl": "Liverpool"
    }
  },
  "GB::malham": {
    "type": "medium_city",
    "names": {
      "_default": "Malham",
      "fr": "Malham",
      "en": "Malham",
      "es": "Malham",
      "it": "Malham",
      "de": "Malham",
      "nl": "Malham",
      "tr": "Malham",
      "pl": "Malham"
    }
  },
  "GB::haworth": {
    "type": "medium_city",
    "names": {
      "en": "Haworth",
      "fr": "Haworth",
      "es": "Haworth",
      "it": "Haworth",
      "pt": "Haworth",
      "de": "Haworth",
      "nl": "Haworth",
      "ar": "هاوورث",
      "zh": "霍沃思",
      "ja": "ハワース",
      "ko": "하워스",
      "ru": "Хоэрт",
      "pl": "Haworth"
    }
  },
  "GB::st-ives": {
    "type": "medium_city",
    "names": {
      "en": "St. Ives",
      "ru": "Сент-Айвс",
      "fr": "St Ives",
      "es": "St Ives",
      "it": "St Ives",
      "pt": "St Ives",
      "de": "St Ives",
      "nl": "St Ives",
      "ar": "سانت ايفيس",
      "zh": "圣艾夫斯",
      "ja": "セント・アイヴス",
      "ko": "세인트아이브스",
      "tr": "St Ives, Cornwall",
      "pl": "St Ives"
    }
  },
  "GB::nottingham": {
    "type": "medium_city",
    "names": {
      "fr": "Nottingham",
      "en": "Nottingham",
      "es": "Nottingham",
      "it": "Nottingham",
      "pt": "Nottingham",
      "de": "Nottingham",
      "nl": "Nottingham",
      "ar": "مدينة نوتنهام",
      "zh": "诺丁汉",
      "ja": "ノッティンガム",
      "ko": "노팅엄",
      "ru": "Ноттингем",
      "hi": "नॉटिंघम",
      "tr": "Nottingham",
      "pl": "Nottingham"
    }
  },
  "GB::cardiff": {
    "type": "medium_city",
    "names": {
      "fr": "Cardiff",
      "en": "Cardiff",
      "es": "Cardiff",
      "it": "Cardiff",
      "pt": "Cardiff",
      "de": "Cardiff",
      "nl": "Cardiff",
      "ar": "كارديف",
      "zh": "卡迪夫",
      "ja": "カーディフ",
      "ko": "카디프",
      "ru": "Кардифф",
      "hi": "कार्डिफ़",
      "tr": "Cardiff",
      "pl": "Cardiff"
    }
  },
  "GB::dedham-vale": {
    "type": "medium_city",
    "names": {
      "_default": "Dedham Vale",
      "fr": "Vallée de Dedham",
      "en": "Dedham Vale",
      "es": "Valle de Dedham",
      "pt": "Vale de Dedham",
      "de": "Dedham Vale",
      "nl": "Dedham Vale",
      "zh": "戴德姆溪谷",
      "ja": "デダム・ヴェイル",
      "ru": "Дедем-Вейл"
    }
  },
  "GB::warwick": {
    "type": "medium_city",
    "names": {
      "en": "Warwick",
      "ar": "ورك",
      "fr": "Warwick",
      "es": "Warwick",
      "it": "Warwick",
      "pt": "Warwick",
      "de": "Warwick",
      "nl": "Warwick",
      "zh": "華威",
      "ja": "ウォリック",
      "ko": "워릭",
      "ru": "Уорик",
      "hi": "वारविक",
      "tr": "Warwick",
      "pl": "Warwick"
    }
  },
  "GB::llanberis": {
    "type": "small_city",
    "names": {
      "en": "Llanberis",
      "ru": "Лланберис",
      "zh": "蘭貝里斯",
      "ja": "ランベリス",
      "ko": "랑베리스"
    }
  },
  "GB::edale": {
    "type": "medium_city",
    "names": {
      "_default": "Edale",
      "fr": "Edale",
      "en": "Edale",
      "es": "Edale (Inglaterra)",
      "it": "Edale",
      "nl": "Edale",
      "zh": "埃代尔",
      "ja": "イーデル",
      "tr": "Edale",
      "pl": "Edale"
    }
  },
  "GB::shaftesbury": {
    "type": "medium_city",
    "names": {
      "_default": "Shaftesbury",
      "fr": "Shaftesbury",
      "en": "Shaftesbury",
      "es": "Shaftesbury",
      "it": "Shaftesbury",
      "pt": "Shaftesbury",
      "de": "Shaftesbury",
      "nl": "Shaftesbury",
      "ar": "شافتسبري",
      "zh": "沙夫茨伯里",
      "ja": "シャフテスブリー",
      "ko": "샤프츠버리",
      "ru": "Шафтесбери",
      "pl": "Shaftesbury"
    }
  },
  "GB::newcastle": {
    "type": "large_city",
    "names": {
      "fr": "Newcastle upon Tyne",
      "en": "Newcastle upon Tyne",
      "ar": "نيوكاسل أبون تاين",
      "zh": "紐卡素",
      "ja": "ニューカッスル・アポン・タイン",
      "ko": "뉴캐슬어폰타인",
      "ru": "Ньюкасл-апон-Тайн",
      "de": "Newcastle upon Tyne",
      "hi": "न्यूकैसल अपॉन टाइन नोड"
    }
  },
  "GB::southwold": {
    "type": "large_city",
    "names": {
      "_default": "Southwold",
      "fr": "Southwold",
      "en": "Southwold",
      "es": "Southwold",
      "it": "Southwold",
      "pt": "Southwold",
      "de": "Southwold",
      "nl": "Southwold",
      "zh": "索思沃爾德",
      "ja": "サウスワールド",
      "ko": "사우스울드",
      "ru": "Соузволд",
      "tr": "Southwold",
      "pl": "Southwold"
    }
  },
  "GB::kingston-upon-hull": {
    "type": "medium_city",
    "names": {
      "fr": "Kingston-upon-Hull",
      "en": "Kingston upon Hull",
      "ar": "كينغستون أبون هال",
      "ja": "キングストン・アポン・ハル",
      "ru": "Кингстон-апон-Халл"
    }
  },
  "GB::scarborough": {
    "type": "large_city",
    "names": {
      "en": "Scarborough",
      "ar": "سكاربورو",
      "zh": "斯卡伯勒",
      "ru": "Скарборо",
      "fr": "Scarborough",
      "es": "Scarborough",
      "it": "Scarborough",
      "pt": "Scarborough",
      "de": "Scarborough",
      "nl": "Scarborough",
      "ja": "スカーブラ",
      "ko": "스카버러",
      "hi": "स्कारबोरो",
      "pl": "Scarborough"
    }
  },
  "GB::bury-st-edmunds": {
    "type": "large_city",
    "names": {
      "fr": "Bury St Edmunds",
      "en": "Bury St Edmunds",
      "es": "Bury St Edmunds",
      "it": "Bury St Edmunds",
      "pt": "Bury St Edmunds",
      "de": "Bury St Edmunds",
      "nl": "Bury St. Edmunds",
      "ar": "بوري سانت ادموندز",
      "zh": "圣埃德蒙兹伯里",
      "ko": "베리세인트에드먼즈",
      "ru": "Бери-Сент-Эдмундс",
      "tr": "Bury St Edmunds",
      "pl": "Bury St Edmunds",
      "ja": "ベリー・セント・エドマンズ"
    }
  },
  "GB::pitlochry": {
    "type": "large_city",
    "names": {
      "en": "Pitlochry",
      "ru": "Питлохри",
      "fr": "Pitlochry",
      "es": "Pitlochry",
      "it": "Pitlochry",
      "de": "Pitlochry",
      "nl": "Pitlochry",
      "zh": "皮特洛赫里",
      "ja": "ピトロッホリー",
      "pl": "Pitlochry"
    }
  },
  "GB::ironbridge": {
    "type": "village",
    "names": {
      "_default": "Ironbridge",
      "fr": "Ironbridge",
      "en": "Ironbridge",
      "it": "Ironbridge",
      "de": "Ironbridge",
      "nl": "Ironbridge",
      "zh": "艾恩布里奇",
      "ja": "アイアンブリッジ (イングランド)",
      "pl": "Ironbridge"
    }
  },
  "GB::canterbury": {
    "type": "medium_city",
    "names": {
      "fr": "Cantorbéry",
      "en": "Canterbury",
      "pt": "Cantuária",
      "ar": "كانتربيري",
      "ko": "캔터베리",
      "ru": "Кентербери",
      "es": "Ciudad de Canterbury",
      "it": "City of Canterbury",
      "de": "City of Canterbury",
      "nl": "City of Canterbury",
      "zh": "坎特伯雷市",
      "ja": "シティ・オブ・カンタベリー",
      "pl": "City of Canterbury (Anglia)"
    }
  },
  "GB::ipswich": {
    "type": "medium_city",
    "names": {
      "en": "Ipswich",
      "ar": "إبسوتش",
      "ko": "입스위치",
      "it": "Ipswich",
      "nl": "Ipswich",
      "ja": "イプスウィッチ",
      "ru": "Ипсуич",
      "pl": "Ipswich"
    }
  },
  "GB::hawes": {
    "type": "medium_city",
    "names": {
      "en": "Hawes",
      "fr": "Hawes",
      "es": "Hawes",
      "it": "Hawes",
      "nl": "Hawes",
      "zh": "霍斯",
      "ja": "ハーズ",
      "tr": "Hawes",
      "pl": "Hawes"
    }
  },
  "GB::buxton": {
    "type": "small_city",
    "names": {
      "fr": "Buxton",
      "en": "Buxton",
      "es": "Buxton",
      "it": "Buxton",
      "pt": "Buxton",
      "de": "Buxton",
      "nl": "Buxton",
      "zh": "巴克斯頓",
      "ko": "벅스턴",
      "ru": "Бакстон",
      "pl": "Buxton",
      "ar": "باكستون",
      "ja": "バクストン"
    }
  },
  "GB::brecon": {
    "type": "small_city",
    "names": {
      "en": "Brecon",
      "fr": "Brecon",
      "es": "Brecon",
      "it": "Brecon",
      "pt": "Brecon",
      "de": "Brecon",
      "nl": "Brecon",
      "ar": "بريكون",
      "zh": "布雷肯",
      "ja": "ブレコン",
      "ko": "브레콘",
      "ru": "Брекон",
      "pl": "Brecon"
    }
  },
  "GB::coventry": {
    "type": "small_city",
    "names": {
      "fr": "Coventry",
      "en": "Coventry",
      "es": "Coventry",
      "it": "Coventry",
      "pt": "Coventry",
      "de": "Coventry",
      "nl": "Coventry",
      "ar": "كوفنتري",
      "zh": "考文垂",
      "ja": "コヴェントリー",
      "ko": "코번트리",
      "ru": "Ковентри",
      "tr": "Coventry",
      "pl": "Coventry"
    }
  },
  "GB::caernarfon": {
    "type": "village",
    "names": {
      "en": "Caernarfon",
      "zh": "加拿分",
      "ru": "Карнарвон",
      "ar": "كارنارفون",
      "ja": "カーナーヴォン",
      "ko": "카나번"
    }
  },
  "GB::dartmouth": {
    "type": "medium_city",
    "names": {
      "en": "Dartmouth",
      "ru": "Дартмут",
      "fr": "Dartmouth",
      "es": "Dartmouth",
      "it": "Dartmouth",
      "pt": "Dartmouth",
      "de": "Dartmouth",
      "nl": "Dartmouth",
      "zh": "达特茅斯",
      "ja": "ダートマス (イングランド)",
      "ko": "다트머스",
      "pl": "Dartmouth"
    }
  },
  "GB::stratford_upon_avon": {
    "type": "medium_city",
    "names": {
      "en": "Stratford-upon-Avon",
      "es": "Stratford-upon-Avon",
      "de": "Stratford-upon-Avon",
      "ar": "ستراتفورد",
      "zh": "埃文河畔斯特拉特福",
      "ja": "ストラトフォード＝アポン＝エイヴォン",
      "ko": "스트랫퍼드어폰에이번",
      "ru": "Стратфорд-апон-Эйвон",
      "pl": "Stratford-upon-Avon"
    }
  },
  "GB::winchester": {
    "type": "medium_city",
    "names": {
      "en": "Winchester",
      "ar": "ونشستر",
      "ru": "Винчестер",
      "fr": "cité de Winchester",
      "it": "City of Winchester",
      "de": "City of Winchester",
      "nl": "City of Winchester",
      "zh": "溫切斯特市",
      "ja": "シティ・オブ・ウィンチェスター",
      "ko": "시티오브윈체스터",
      "pl": "City of Winchester"
    }
  },
  "GB::leicester": {
    "type": "medium_city",
    "names": {
      "en": "Leicester",
      "es": "Leicester",
      "ar": "ليستر",
      "ja": "レスター",
      "ko": "레스터",
      "ru": "Лестер",
      "fr": "Leicester",
      "it": "Leicester",
      "pt": "Leicester",
      "de": "Leicester",
      "nl": "Leicester",
      "zh": "莱斯特",
      "hi": "लीसेस्टर",
      "tr": "Leicester",
      "pl": "Leicester"
    }
  },
  "GB::shrewsbury": {
    "type": "medium_city",
    "names": {
      "en": "Shrewsbury",
      "ar": "شروزبري",
      "fr": "Shrewsbury",
      "es": "Shrewsbury",
      "it": "Shrewsbury",
      "pt": "Shrewsbury",
      "de": "Shrewsbury",
      "nl": "Shrewsbury",
      "zh": "什魯斯伯里",
      "ja": "シュルーズベリー",
      "ko": "슈루즈버리",
      "ru": "Шрусбери",
      "hi": "श्रूस्बरी",
      "tr": "Shrewsbury",
      "pl": "Shrewsbury"
    }
  },
  "GB::tenby": {
    "type": "medium_city",
    "names": {
      "en": "Tenby",
      "fr": "Tenby",
      "es": "Tenby",
      "it": "Tenby",
      "pt": "Tenby",
      "de": "Tenby",
      "nl": "Tenby",
      "ar": "تينبي",
      "zh": "滕比",
      "ja": "テンビー",
      "ko": "텐비",
      "ru": "Тенби",
      "pl": "Tenby"
    }
  },
  "GB::hastings": {
    "type": "medium_city",
    "names": {
      "en": "Hastings",
      "ar": "هيستينغز",
      "ru": "Гастингс",
      "fr": "Hastings",
      "es": "Hastings",
      "it": "Hastings",
      "pt": "Hastings",
      "de": "Hastings",
      "nl": "Hastings",
      "zh": "黑斯廷斯",
      "ja": "ヘイスティングス",
      "ko": "헤이스팅스",
      "tr": "Hastings",
      "pl": "Hastings"
    }
  },
  "GB::plymouth": {
    "type": "medium_city",
    "names": {
      "fr": "Plymouth",
      "en": "Plymouth",
      "es": "Plymouth",
      "it": "Plymouth",
      "pt": "Plymouth",
      "de": "Plymouth",
      "nl": "Plymouth",
      "ar": "بليموث",
      "zh": "普利茅夫",
      "ja": "プリマス",
      "ko": "플리머스",
      "ru": "Плимут",
      "tr": "Plymouth",
      "pl": "Plymouth",
      "hi": "प्लायमाउथ"
    }
  },
  "GB::thornton-le-dale": {
    "type": "medium_city",
    "names": {
      "_default": "Thornton-le-Dale",
      "fr": "Thornton-le-Dale",
      "en": "Thornton-le-Dale",
      "es": "Thornton-le-Dale",
      "it": "Thornton-le-Dale",
      "nl": "Thornton-le-Dale",
      "tr": "Thornton-le-Dale",
      "pl": "Thornton-le-Dale"
    }
  },
  "GB::bodmin": {
    "type": "medium_city",
    "names": {
      "en": "Bodmin",
      "ru": "Бодмин",
      "fr": "Bodmin",
      "es": "Bodmin",
      "it": "Bodmin",
      "pt": "Bodmin",
      "de": "Bodmin",
      "nl": "Bodmin",
      "zh": "博德明",
      "ja": "ボドミン",
      "ko": "보드민",
      "tr": "Bodmin",
      "pl": "Bodmin"
    }
  },
  "GB::saltburn-by-the-sea": {
    "type": "small_city",
    "names": {
      "en": "Saltburn by the Sea",
      "fr": "Saltburn-by-the-Sea",
      "es": "Saltburn-by-the-Sea",
      "it": "Saltburn-by-the-Sea",
      "pt": "Saltburn-by-the-Sea",
      "de": "Saltburn-by-the-Sea",
      "nl": "Saltburn-by-the-Sea",
      "zh": "濱海索爾特本",
      "ja": "ソルトバーン・バイ・ザ・シー",
      "ko": "솔트번",
      "ru": "Солтберн-бай-Си",
      "pl": "Saltburn-by-the-Sea"
    }
  },
  "GB::chipping-campden": {
    "type": "medium_city",
    "names": {
      "_default": "Chipping Campden",
      "fr": "Chipping Campden",
      "en": "Chipping Campden",
      "es": "Chipping Campden",
      "it": "Chipping Campden",
      "pt": "Chipping Campden",
      "de": "Chipping Campden",
      "nl": "Chipping Campden",
      "zh": "奇平卡姆登",
      "ja": "チッピング・カムデン",
      "ko": "치핑캠프던",
      "tr": "Chipping Campden",
      "pl": "Chipping Campden"
    }
  },
  "GB::aldeburgh": {
    "type": "medium_city",
    "names": {
      "en": "Aldeburgh",
      "ru": "Олдборо",
      "fr": "Aldeburgh",
      "es": "Aldeburgh",
      "it": "Aldeburgh",
      "pt": "Aldeburgh",
      "de": "Aldeburgh",
      "nl": "Aldeburgh",
      "zh": "奧爾德堡",
      "ja": "オールドバラ",
      "ko": "올드버러",
      "tr": "Aldeburgh",
      "pl": "Aldeburgh"
    }
  },
  "GB::stratford-upon-avon": {
    "type": "medium_city",
    "names": {
      "en": "Stratford-upon-Avon",
      "es": "Stratford-upon-Avon",
      "de": "Stratford-upon-Avon",
      "ar": "ستراتفورد",
      "zh": "埃文河畔斯特拉特福",
      "ja": "ストラトフォード＝アポン＝エイヴォン",
      "ko": "스트랫퍼드어폰에이번",
      "ru": "Стратфорд-апон-Эйвон",
      "pl": "Stratford-upon-Avon"
    }
  },
  "GB::inverness": {
    "type": "medium_city",
    "names": {
      "en": "Inverness",
      "ar": "إنفرنيس",
      "ja": "インヴァネス",
      "ko": "인버네스",
      "ru": "Инвернесс",
      "fr": "Inverness",
      "es": "Inverness",
      "it": "Inverness",
      "pt": "Inverness",
      "de": "Inverness",
      "nl": "Inverness",
      "zh": "因弗内斯",
      "hi": "इनवर्नेस",
      "tr": "Inverness",
      "pl": "Inverness"
    }
  },
  "GB::burnham-market": {
    "type": "medium_city",
    "names": {
      "_default": "Burnham Market",
      "fr": "Burnham Market",
      "en": "Burnham Market",
      "es": "Burnham Market",
      "it": "Burnham Market",
      "nl": "Burnham Market",
      "zh": "伯納姆市場",
      "ja": "バーナム・マーケット",
      "ru": "Бёрнхем-Маркет",
      "tr": "Burnham Market",
      "pl": "Burnham Market"
    }
  },
  "GB::mumbles": {
    "type": "medium_city",
    "names": {
      "en": "Mumbles",
      "fr": "Mumbles",
      "es": "Mumbles",
      "it": "The Mumbles",
      "pt": "Mumbles",
      "de": "Mumbles",
      "nl": "Mumbles",
      "ja": "マンブルズ",
      "ko": "멈블스",
      "ru": "Мамблс",
      "pl": "Mumbles"
    }
  },
  "GB::llandudno": {
    "type": "small_city",
    "names": {
      "en": "Llandudno",
      "ar": "خلنددنو",
      "zh": "蘭迪德諾",
      "ja": "スランディドノ",
      "ko": "란디드노",
      "ru": "Лландидно"
    }
  },
  "GB::cirencester": {
    "type": "medium_city",
    "names": {
      "_default": "Cirencester",
      "fr": "Cirencester",
      "en": "Cirencester",
      "es": "Cirencester",
      "it": "Cirencester",
      "pt": "Cirencester",
      "de": "Cirencester",
      "nl": "Cirencester",
      "ar": "سيرينسيستر",
      "zh": "賽倫賽斯特",
      "ja": "サイレンセスター",
      "ko": "사이런세스터",
      "ru": "Сайренсестер",
      "pl": "Cirencester"
    }
  },
  "GB::conwy": {
    "type": "village",
    "names": {
      "fr": "Conwy",
      "en": "Conwy",
      "es": "Conwy",
      "it": "Distretto di contea di Conwy",
      "pt": "Conwy County Borough",
      "de": "Conwy County Borough",
      "nl": "Conwy",
      "zh": "康威郡自治市",
      "ja": "コンウィ",
      "ko": "콘위 자치시",
      "ru": "Конуи",
      "pl": "Conwy"
    }
  },
  "GB::holt": {
    "type": "medium_city",
    "names": {
      "en": "Holt",
      "ru": "Холт",
      "fr": "Holt",
      "es": "Holt",
      "it": "Holt",
      "pt": "Holt",
      "de": "Holt",
      "nl": "Holt",
      "zh": "霍爾特",
      "ja": "ホルト (ノーフォーク州)",
      "tr": "Holt, Norfolk",
      "pl": "Holt"
    }
  },
  "GB::whitstable": {
    "type": "small_city",
    "names": {
      "_default": "Whitstable",
      "fr": "Whitstable",
      "en": "Whitstable",
      "es": "Whitstable",
      "it": "Whitstable",
      "de": "Whitstable",
      "nl": "Whitstable",
      "ar": "وايتستابل",
      "zh": "惠特斯特布尔",
      "ja": "ケント州",
      "ru": "Уитстабл",
      "pl": "Whitstable"
    }
  },
  "GB::lavenham": {
    "type": "medium_city",
    "names": {
      "_default": "Lavenham",
      "fr": "Lavenham",
      "en": "Lavenham",
      "es": "Lavenham",
      "it": "Lavenham",
      "de": "Lavenham",
      "nl": "Lavenham",
      "ja": "ラヴェナム",
      "ru": "Лавенхем",
      "tr": "Lavenham",
      "pl": "Lavenham"
    }
  },
  "GB::ludlow": {
    "type": "medium_city",
    "names": {
      "en": "Ludlow",
      "fr": "Ludlow",
      "es": "Ludlow",
      "it": "Ludlow",
      "pt": "Ludlow",
      "de": "Ludlow",
      "nl": "Ludlow",
      "ar": "لودلو",
      "zh": "拉德洛",
      "ja": "ラドロー",
      "ko": "루드로우",
      "ru": "Ладлоу",
      "tr": "Ludlow",
      "pl": "Ludlow"
    }
  },
  "GB::richmond": {
    "type": "medium_city",
    "names": {
      "fr": "Borough londonien de Richmond upon Thames",
      "en": "London Borough of Richmond upon Thames",
      "es": "Richmond upon Thames",
      "it": "Richmond upon Thames",
      "pt": "Richmond upon Thames",
      "de": "London Borough of Richmond upon Thames",
      "nl": "Richmond upon Thames",
      "ar": "ريتشموند على نهر التايمز",
      "zh": "泰晤士河畔列治文區",
      "ja": "リッチモンド・アポン・テムズ区",
      "ko": "리치먼드어폰템스구",
      "ru": "Ричмонд-апон-Темс",
      "hi": "रिचमंड अपॉन टेम्स बरो",
      "tr": "Richmond upon Thames",
      "pl": "London Borough of Richmond upon Thames"
    }
  },
  "GB::newquay": {
    "type": "small_city",
    "names": {
      "en": "Newquay",
      "fr": "Newquay",
      "es": "Newquay",
      "it": "Newquay",
      "pt": "Newquay",
      "de": "Newquay",
      "nl": "Newquay",
      "zh": "紐奎",
      "ja": "ニューキー",
      "ko": "뉴키",
      "ru": "Ньюки",
      "pl": "Newquay"
    }
  },
  "GB::dover": {
    "type": "small_city",
    "names": {
      "fr": "Douvres",
      "en": "Dover",
      "es": "Duvres",
      "nl": "Daveren",
      "ar": "دوفر",
      "zh": "多佛尔",
      "ja": "ドーバー",
      "ko": "도버",
      "ru": "Дувр",
      "it": "Dover",
      "de": "Dover",
      "pl": "Dover"
    }
  },
  "GB::bamburgh": {
    "type": "small_city",
    "names": {
      "en": "Bamburgh",
      "fr": "Bamburgh",
      "es": "Bamburgh",
      "it": "Bamburgh",
      "pt": "Bamburgo",
      "de": "Bamburgh",
      "nl": "Bamburgh",
      "zh": "班堡",
      "ja": "バンボロー",
      "ru": "Бамборо",
      "pl": "Bamburgh"
    }
  },
  "GB::wells-next-the-sea": {
    "type": "medium_city",
    "names": {
      "en": "Wells-Next-the-Sea",
      "fr": "Wells-next-the-Sea",
      "es": "Wells-next-the-Sea",
      "it": "Wells-next-the-Sea",
      "de": "Wells-next-the-Sea",
      "nl": "Wells-next-the-Sea",
      "zh": "海濱韋爾斯",
      "ja": "ウェルス＝ネクスト＝ザ＝シー",
      "tr": "Wells-next-the-Sea",
      "pl": "Wells-next-the-Sea"
    }
  },
  "GB::tetbury": {
    "type": "small_city",
    "names": {
      "_default": "Tetbury",
      "fr": "Tetbury",
      "en": "Tetbury",
      "es": "Tetbury",
      "it": "Tetbury",
      "pt": "Tetbury",
      "de": "Tetbury",
      "nl": "Tetbury",
      "zh": "泰特伯里",
      "ja": "テトベリー",
      "ko": "테트버리",
      "ru": "Тетбери",
      "tr": "Tetbury",
      "pl": "Tetbury"
    }
  },
  "GB::ely": {
    "type": "medium_city",
    "names": {
      "en": "Ely",
      "ar": "إيلي",
      "ko": "일리",
      "ru": "Или",
      "fr": "Ely",
      "es": "Ely",
      "it": "Ely",
      "pt": "Ely",
      "de": "Ely",
      "nl": "Ely",
      "zh": "伊利",
      "ja": "イーリー",
      "hi": "ईली",
      "tr": "Ely",
      "pl": "Ely"
    }
  },
  "GB::portree-isle-of-skye": {
    "type": "small_city",
    "names": {
      "en": "Jewson"
    }
  },
  "GB::chipping-norton": {
    "type": "small_city",
    "names": {
      "_default": "Chipping Norton",
      "fr": "Chipping Norton",
      "en": "Chipping Norton",
      "es": "Chipping Norton",
      "it": "Chipping Norton",
      "pt": "Chipping Norton",
      "de": "Chipping Norton",
      "nl": "Chipping Norton",
      "zh": "奇平諾頓",
      "ja": "チッピングノートン",
      "ko": "치핑노턴",
      "ru": "Чиппинг-Нортон",
      "tr": "Chipping Norton",
      "pl": "Chipping Norton"
    }
  },
  "GB::stow-on-the-wold": {
    "type": "medium_city",
    "names": {
      "_default": "Stow-on-the-Wold",
      "fr": "Stow-on-the-Wold",
      "en": "Stow-on-the-Wold",
      "es": "Stow-on-the-Wold",
      "it": "Stow-on-the-Wold",
      "pt": "Stow-on-the-Wold",
      "de": "Stow-on-the-Wold",
      "nl": "Stow-on-the-Wold",
      "ar": "ستو أون ذا وولد",
      "zh": "斯托昂澤沃爾德",
      "ja": "ストーン・オン・ザ・ウォルド",
      "ko": "스토온더월드",
      "tr": "Stow-on-the-Wold",
      "pl": "Stow-on-the-Wold"
    }
  },
  "GB::wareham": {
    "type": "medium_city",
    "names": {
      "_default": "Wareham",
      "fr": "Wareham",
      "en": "Wareham",
      "es": "Wareham",
      "it": "Wareham",
      "pt": "Wareham Town",
      "de": "Wareham",
      "nl": "Wareham",
      "zh": "韋勒姆",
      "ja": "ウェアラム",
      "ko": "와레햄 타운",
      "ru": "Уорхэм",
      "tr": "Wareham Town",
      "pl": "Wareham"
    }
  },
  "GB::braintree": {
    "type": "medium_city",
    "names": {
      "en": "Braintree",
      "ru": "Брейнтри",
      "fr": "Braintree",
      "es": "Distrito de Braintree",
      "it": "Braintree",
      "de": "Braintree",
      "nl": "Braintree",
      "zh": "布倫特里區",
      "ja": "ブレントリー",
      "ko": "브레인트리구",
      "pl": "Braintree (dystrykt)"
    }
  },
  "GB::alnwick": {
    "type": "small_city",
    "names": {
      "en": "Alnwick",
      "ko": "알른윅",
      "fr": "Alnwick",
      "es": "Alnwick",
      "it": "Alnwick",
      "pt": "Alnwick",
      "de": "Alnwick",
      "nl": "Alnwick",
      "ar": "أونيك",
      "zh": "阿尼克",
      "ja": "アニック",
      "ru": "Алник",
      "tr": "Alnwick",
      "pl": "Alnwick"
    }
  },
  "GB::deal": {
    "type": "small_city",
    "names": {
      "_default": "Deal",
      "fr": "Deal",
      "en": "Deal",
      "es": "Deal",
      "it": "Deal",
      "pt": "Deal",
      "de": "Deal",
      "nl": "Deal",
      "ar": "ديل",
      "zh": "迪爾",
      "ja": "ディール",
      "ko": "딜",
      "ru": "Дил",
      "tr": "Deal, Kent",
      "pl": "Deal"
    }
  },
  "GB::thetford": {
    "type": "medium_city",
    "names": {
      "en": "Thetford",
      "ar": "ثيتفورد",
      "ru": "Тетфорд",
      "fr": "Thetford",
      "es": "Thetford",
      "it": "Thetford",
      "pt": "Thetford",
      "de": "Thetford",
      "nl": "Thetford",
      "zh": "塞特福德",
      "ja": "セットフォード",
      "ko": "테트포드",
      "tr": "Thetford",
      "pl": "Thetford"
    }
  },
  "GB::padstow": {
    "type": "medium_city",
    "names": {
      "en": "Padstow",
      "fr": "Padstow",
      "es": "Padstow",
      "it": "Padstow",
      "pt": "Padstow",
      "de": "Padstow",
      "nl": "Padstow",
      "zh": "帕德斯托",
      "ja": "パッドストー",
      "ko": "패드스토",
      "ru": "Пэдстоу",
      "tr": "Padstow",
      "pl": "Padstow"
    }
  },
  "GB::tunbridge-wells": {
    "type": "medium_city",
    "names": {
      "en": "Royal Tunbridge Wells",
      "fr": "Royal Tunbridge Wells",
      "es": "Royal Tunbridge Wells",
      "it": "Royal Tunbridge Wells",
      "pt": "Royal Tunbridge Wells",
      "de": "Royal Tunbridge Wells",
      "nl": "Royal Tunbridge Wells",
      "ar": "رويال تونبريدج ولز",
      "zh": "皇家唐橋井",
      "ja": "ロイヤル・タンブリッジ・ウェルズ",
      "ko": "턴브리지 웰즈",
      "ru": "Ройал-Танбридж-Уэлс",
      "hi": "रॉयल टनब्रिज वेल्स",
      "tr": "Royal Tunbridge Wells",
      "pl": "Royal Tunbridge Wells"
    }
  },
  "GB::hereford": {
    "type": "small_city",
    "names": {
      "fr": "Hereford",
      "en": "Hereford",
      "es": "Hereford",
      "it": "Hereford",
      "pt": "Hereford",
      "de": "Hereford",
      "nl": "Hereford",
      "ar": "هيرفورد",
      "zh": "赫里福德",
      "ja": "ヘレフォード",
      "ko": "헤리퍼드",
      "ru": "Херефорд",
      "tr": "Hereford",
      "pl": "Hereford",
      "hi": "हेफ़ेर्ड"
    }
  },
  "GB::plockton": {
    "type": "small_city",
    "names": {
      "en": "Plockton",
      "fr": "Plockton",
      "nl": "station Plockton"
    }
  },
  "GB::rye": {
    "type": "medium_city",
    "names": {
      "en": "Rye",
      "ru": "Рай",
      "fr": "Rye",
      "es": "Rye",
      "it": "Rye",
      "pt": "Rye",
      "de": "Rye",
      "nl": "Rye",
      "ar": "ري",
      "zh": "拉伊",
      "ja": "ライ",
      "ko": "라이",
      "tr": "Rye, East Sussex",
      "pl": "Rye"
    }
  },
  "GB::fort-william": {
    "type": "small_city",
    "names": {
      "en": "Fort William",
      "ru": "Форт-Уильям",
      "fr": "Fort William",
      "es": "Fort William",
      "it": "Fort William",
      "pt": "Fort William",
      "de": "Fort William",
      "nl": "Fort William",
      "zh": "威廉堡",
      "ja": "フォート・ウィリアム",
      "ko": "포트윌리엄",
      "pl": "Fort William"
    }
  },
  "GB::portree-skye": {
    "type": "small_city",
    "names": {
      "en": "Radio Skye",
      "fr": "Cuillin FM",
      "it": "Cuillin FM"
    }
  },
  "GB::bourton-on-the-water": {
    "type": "small_city",
    "names": {
      "_default": "Bourton-on-the-Water",
      "fr": "Bourton-on-the-Water",
      "en": "Bourton-on-the-Water",
      "es": "Bourton-on-the-Water",
      "it": "Bourton-on-the-Water",
      "pt": "Bourton-on-the-Water",
      "de": "Bourton-on-the-Water",
      "nl": "Bourton-on-the-Water",
      "zh": "水上伯頓",
      "ja": "ボートン・オン・ザ・ウォーター",
      "tr": "Bourton-on-the-Water",
      "pl": "Bourton-on-the-Water"
    }
  },
  "GB::llanddwyn_island": {
    "type": "small_city",
    "names": {
      "_default": "Llanddwyn Island Close",
      "fr": "Ynys Llanddwyn",
      "en": "Ynys Llanddwyn",
      "it": "Ynys Llanddwyn",
      "de": "Ynys Llanddwyn",
      "nl": "Llanddwyn",
      "ja": "シランズイン島",
      "ru": "Инис Лландуйн",
      "pl": "Ynys Llanddwyn"
    }
  },
  "GB::ullapool": {
    "type": "medium_city",
    "names": {
      "en": "Ullapool",
      "ru": "Аллапул",
      "fr": "Ullapool",
      "es": "Ullapool",
      "it": "Ullapool",
      "de": "Ullapool",
      "nl": "Ullapool",
      "zh": "阿勒浦",
      "ja": "アラプール",
      "ko": "얼러풀",
      "tr": "Ullapool",
      "pl": "Ullapool"
    }
  },
  "GB::tintagel": {
    "type": "small_city",
    "names": {
      "en": "Tintagel",
      "fr": "Tintagel",
      "es": "Tintagel",
      "it": "Tintagel",
      "pt": "Tintagel",
      "de": "Tintagel",
      "nl": "Tintagel",
      "ar": "تينتغل",
      "zh": "廷塔哲",
      "ja": "ティンタジェル",
      "ko": "틴터글",
      "ru": "Тинтеджел",
      "tr": "Tintagel",
      "pl": "Tintagel"
    }
  },
  "GB::arrochar": {
    "type": "small_city",
    "names": {
      "en": "Arrochar",
      "fr": "Arrochar",
      "it": "Arrochar",
      "nl": "Arrochar",
      "zh": "阿罗查尔",
      "ru": "Аррочар"
    }
  },
  "GB::sandringham": {
    "type": "small_city",
    "names": {
      "_default": "Sandringham",
      "fr": "Sandringham",
      "en": "Sandringham",
      "es": "Sandringham",
      "it": "Sandringham",
      "pt": "Sandringham",
      "de": "Sandringham",
      "nl": "Sandringham",
      "ar": "ساندرينغهام، نورفولك",
      "zh": "桑林翰",
      "ja": "サンドリンガム (ノーフォーク)",
      "ru": "Сандрингем",
      "tr": "Sandringham, Norfolk",
      "pl": "Sandringham"
    }
  },
  "GB::gairloch": {
    "type": "medium_city",
    "names": {
      "en": "Gairloch",
      "fr": "Gairloch",
      "es": "Gairloch",
      "it": "Gairloch",
      "de": "Gairloch",
      "nl": "Gairloch",
      "zh": "盖尔洛赫",
      "ja": "ゲイロッホ"
    }
  },
  "GB::pembrokeshire_coast": {
    "type": "small_city",
    "names": {
      "en": "Pembrokeshire Coast National Park",
      "fr": "parc national côtier du Pembrokeshire",
      "es": "Parque nacional de la Costa de Pembrokeshire",
      "it": "Parco nazionale costiero del Pembrokeshire",
      "de": "Pembrokeshire-Coast-Nationalpark",
      "nl": "Pembrokeshire Coast National Park",
      "zh": "彭布羅克郡海岸線國家公園",
      "ja": "ペンブルックシャー・コースト国立公園",
      "ru": "Национальный парк Побережье Пембрукшира",
      "tr": "Pembrokeshire Kıyısı Millî Parkı",
      "pl": "Park Narodowy Pembrokeshire Coast"
    }
  },
  "GB::holyhead": {
    "type": "small_city",
    "names": {
      "en": "Holyhead",
      "fr": "Holyhead",
      "es": "Holyhead",
      "it": "Holyhead",
      "pt": "Holyhead",
      "de": "Holyhead",
      "nl": "Holyhead",
      "zh": "霍利希德",
      "ja": "ホリーヘッド",
      "ko": "홀리헤드",
      "ru": "Холихед",
      "pl": "Holyhead"
    }
  },
  "GB::tobermory-mull": {
    "type": "medium_city",
    "names": {
      "en": "Mull Museum",
      "nl": "Mull Museum"
    }
  },
  "GB::mablethorpe": {
    "type": "small_city",
    "names": {
      "_default": "Mablethorpe",
      "fr": "Mablethorpe",
      "en": "Mablethorpe",
      "es": "Mablethorpe",
      "it": "Mablethorpe",
      "de": "Mablethorpe",
      "nl": "Mablethorpe",
      "zh": "梅布尔索普",
      "ja": "マーブルソープ",
      "pl": "Mablethorpe"
    }
  },
  "GB::anglesey": {
    "type": "small_city",
    "names": {
      "fr": "Anglesey",
      "en": "Anglesey",
      "es": "Anglesey",
      "it": "Anglesey",
      "pt": "Ilha de Anglesey",
      "de": "Anglesey",
      "nl": "Anglesey",
      "ar": "أنغلسي",
      "zh": "安格尔西岛",
      "ja": "アングルシー島",
      "ko": "앵글시",
      "ru": "Англси",
      "tr": "Anglesey",
      "pl": "Anglesey"
    }
  },
  "GB::tywyn": {
    "type": "small_city",
    "names": {
      "en": "Tywyn"
    }
  },
  "GB::grantown-on-spey": {
    "type": "small_city",
    "names": {
      "en": "Grantown-on-Spey"
    }
  },
  "GB::rhossili": {
    "type": "small_city",
    "names": {
      "_default": "Rhossili"
    }
  }
}