{
  "PF::bora-bora": {
    "type": "small_city",
    "names": {
      "fr": "Bora-Bora",
      "en": "Bora Bora",
      "es": "Bora Bora",
      "it": "Bora Bora",
      "pt": "Bora Bora",
      "de": "Bora Bora",
      "nl": "Bora Bora",
      "ar": "بورا بورا",
      "zh": "波拉波拉岛",
      "ja": "ボラボラ島",
      "ko": "보라보라섬",
      "ru": "Бора-Бора",
      "tr": "Bora Bora",
      "pl": "Bora-Bora"
    }
  },
  "PF::uturoa": {
    "type": "medium_city",
    "names": {
      "fr": "Uturoa",
      "en": "Uturoa",
      "es": "Uturoa",
      "it": "Uturoa",
      "pt": "Uturoa",
      "de": "Uturoa",
      "nl": "Uturoa",
      "zh": "烏圖羅阿",
      "ja": "ウツロア",
      "ru": "Утуроа",
      "tr": "Uturoa",
      "pl": "Uturoa"
    }
  },
  "PF::moorea": {
    "type": "small_city",
    "names": {
      "fr": "Moorea",
      "en": "Moorea",
      "es": "Moorea",
      "it": "Moorea",
      "pt": "Moorea",
      "de": "Moorea",
      "nl": "Moorea",
      "ru": "Moorea",
      "pl": "Moorea"
    }
  },
  "PF::taiohae": {
    "type": "small_city",
    "names": {
      "fr": "Taiohae",
      "en": "Taiohae",
      "es": "Taiohae",
      "it": "Taiohae",
      "pt": "Taiohae",
      "de": "Taiohae",
      "nl": "Taiohae",
      "zh": "泰奧哈埃",
      "ja": "タイオハエ",
      "pl": "Taiohae"
    }
  },
  "PF::vaitape": {
    "type": "medium_city",
    "names": {
      "fr": "Vaitape",
      "en": "Vaitape",
      "it": "Vaitape",
      "pt": "Vaitapé",
      "nl": "Vaitape",
      "ar": "فايتابي",
      "zh": "瓦伊塔佩",
      "ja": "バイタペ",
      "ko": "바이타페",
      "ru": "Вайтапе",
      "hi": "वेटप",
      "tr": "Vaitape",
      "pl": "Vaitape"
    }
  },
  "PF::arue": {
    "type": "small_city",
    "names": {
      "fr": "Arue",
      "en": "Arue",
      "es": "Arue",
      "it": "Arue",
      "pt": "Arue",
      "de": "Arue",
      "nl": "Arue",
      "zh": "阿吕",
      "tr": "Arue",
      "pl": "Arue"
    }
  },
  "PF::tema-e": {
    "type": "small_city",
    "names": {
      "en": "Tema East Constituency"
    }
  },
  "PF::paopao": {
    "type": "medium_city",
    "names": {
      "fr": "Paopao",
      "en": "Paopao",
      "es": "Paopao",
      "it": "Paopao",
      "pt": "Paopao",
      "de": "Paopao",
      "nl": "Paopao",
      "zh": "帕帕奥",
      "tr": "Paopao",
      "pl": "Paopao"
    }
  },
  "PF::huahine": {
    "type": "medium_city",
    "names": {
      "fr": "Huahine",
      "en": "Huahine",
      "es": "Huahine",
      "it": "Huahine",
      "pt": "Huahine",
      "de": "Huahine",
      "nl": "Huahine",
      "ar": "هواهاين",
      "zh": "胡阿希內島",
      "ja": "フアヒネ島",
      "ru": "Хуахине",
      "pl": "Huahine"
    }
  },
  "PF::opunohu": {
    "type": "small_city",
    "names": {
      "fr": "baie d'Ōpūnohu",
      "en": "Opunohu Bay",
      "it": "Baia di Opunohu",
      "ru": "Опуноху"
    }
  },
  "PF::paea": {
    "type": "small_city",
    "names": {
      "en": "Paea"
    }
  },
  "PF::opoa": {
    "type": "village",
    "names": {
      "en": "Opoa",
      "ru": "Опоа"
    }
  },
  "PF::haapiti": {
    "type": "small_city",
    "names": {
      "fr": "Haapiti",
      "en": "Haapiti",
      "es": "Haapiti",
      "it": "Haapiti",
      "pt": "Haapiti",
      "de": "Haapiti",
      "nl": "Haapiti",
      "ru": "Аапити",
      "tr": "Haapiti",
      "pl": "Haapiti"
    }
  },
  "PF::matira": {
    "type": "small_city",
    "names": {
      "en": "Matira",
      "nl": "Matira"
    }
  },
  "PF::taravao": {
    "type": "small_city",
    "names": {
      "fr": "Taravao",
      "en": "Afaahiti",
      "es": "Afaahiti",
      "it": "Taravao",
      "pt": "Taravao",
      "de": "Taravao",
      "nl": "Taravao",
      "ru": "Таравао",
      "tr": "Taravao",
      "pl": "Afaahiti"
    }
  },
  "PF::maupiti": {
    "type": "small_city",
    "names": {
      "fr": "Maupiti",
      "en": "Maupiti",
      "es": "Maupiti",
      "it": "Maupiti",
      "pt": "Maupiti",
      "de": "Maupiti",
      "nl": "Maupiti",
      "zh": "莫皮蒂",
      "tr": "Maupiti",
      "pl": "Maupiti"
    }
  },
  "PF::papara": {
    "type": "village",
    "names": {
      "en": "Papara",
      "tr": "Papara"
    }
  },
  "PF::atuona": {
    "type": "small_city",
    "names": {
      "fr": "Atuona",
      "en": "Atuona",
      "es": "Atuona",
      "it": "Atuona",
      "pt": "Atuona",
      "de": "Atuona",
      "nl": "Atuona",
      "ru": "Atuona",
      "pl": "Atuona"
    }
  },
  "PF::avatoru": {
    "type": "small_city",
    "names": {
      "fr": "Avatoru",
      "en": "Avatoru",
      "es": "Avatoru",
      "it": "Avatoru",
      "pt": "Avatoru",
      "de": "Avatoru",
      "nl": "Avatoru",
      "ja": "アヴァトル",
      "ru": "Аватору",
      "tr": "Avatoru",
      "pl": "Avatoru"
    }
  },
  "PF::puamau": {
    "type": "village",
    "names": {
      "fr": "Puamau",
      "en": "Puamau",
      "es": "Puamau"
    }
  },
  "PF::fakarava": {
    "type": "small_city",
    "names": {
      "fr": "Fakarava",
      "en": "Fakarava",
      "es": "Fakarava",
      "it": "Fakarava",
      "pt": "Fakarava",
      "de": "Fakarava",
      "nl": "Fakarava",
      "zh": "法卡拉瓦",
      "tr": "Fakarava",
      "pl": "Fakarava"
    }
  }
}