{
  "AU::sydney": {
    "type": "large_city",
    "names": {
      "fr": "Sydney",
      "en": "Sydney",
      "es": "Sídney",
      "de": "Sydney",
      "ar": "سيدني",
      "zh": "悉尼",
      "ja": "シドニー",
      "ko": "시드니",
      "ru": "Сидней",
      "hi": "सिड्णि",
      "tr": "Sidney",
      "pl": "Sydney",
      "it": "Sydney",
      "pt": "Sydney",
      "nl": "Sydney"
    }
  },
  "AU::melbourne": {
    "type": "large_city",
    "names": {
      "fr": "Melbourne",
      "en": "Melbourne",
      "es": "Melbourne",
      "it": "Melbourne",
      "pt": "Melbourne",
      "de": "Melbourne",
      "ar": "ملبورن",
      "zh": "墨爾本",
      "ja": "メルボルン",
      "ko": "멜버른",
      "ru": "Мельбурн",
      "hi": "मेलबॉर्न",
      "pl": "Melbourne",
      "nl": "Melbourne",
      "tr": "Melbourne"
    }
  },
  "AU::brisbane": {
    "type": "small_city",
    "names": {
      "fr": "Brisbane",
      "en": "City of Brisbane",
      "es": "Brisbane",
      "pt": "Brisbane",
      "de": "Brisbane",
      "ar": "بريزبان",
      "zh": "布里斯班",
      "ja": "ブリスベン",
      "ko": "브리즈번",
      "ru": "Брисбен",
      "hi": "ब्रिस्बेन",
      "it": "città di Brisbane",
      "nl": "City of Brisbane",
      "pl": "City of Brisbane"
    }
  },
  "AU::cairns": {
    "type": "medium_city",
    "names": {
      "en": "Cairns",
      "zh": "凯恩斯",
      "ja": "ケアンズ",
      "ru": "Кэрнс",
      "fr": "Cairns",
      "es": "Cairns",
      "it": "Cairns",
      "pt": "Cairns",
      "de": "Cairns",
      "nl": "Cairns",
      "ar": "كيرنز",
      "ko": "케언스",
      "hi": "केर्न्स",
      "tr": "Cairns",
      "pl": "Cairns"
    }
  },
  "AU::albany": {
    "type": "small_city",
    "names": {
      "en": "Albany",
      "ja": "アルバニー",
      "ru": "Олбани",
      "fr": "Albany",
      "es": "Albany",
      "it": "Albany",
      "pt": "Albany",
      "de": "Albany",
      "nl": "Albany",
      "ar": "ألباني",
      "zh": "奧班尼",
      "ko": "올버니",
      "hi": "ऐल्बनी",
      "tr": "Albany",
      "pl": "Albany"
    }
  },
  "AU::denmark": {
    "type": "small_city",
    "names": {
      "_default": "Denmark",
      "fr": "Denmark",
      "en": "Denmark",
      "es": "Denmark",
      "it": "Denmark",
      "de": "Denmark",
      "nl": "Denmark",
      "ar": "دنمارك",
      "ja": "デンマーク (西オーストラリア州)",
      "pl": "Denmark (Australia)"
    }
  },
  "AU::magnetic-island": {
    "type": "small_city",
    "names": {
      "_default": "Magnetic Island",
      "fr": "île Magnétique",
      "en": "Magnetic Island",
      "es": "Isla Magnetic",
      "it": "Magnetic Island",
      "pt": "Ilha Magnetic",
      "de": "Magnetic Island",
      "nl": "Magnetic Island",
      "ar": "جزيرة ماغنتيك",
      "zh": "磁岛",
      "ja": "マグネティック島",
      "ru": "Магнитный остров",
      "tr": "Magnetic Adası (II)"
    }
  },
  "AU::port-campbell": {
    "type": "small_city",
    "names": {
      "en": "Port Campbell",
      "ja": "ポート・キャンベル",
      "fr": "Port Campbell",
      "de": "Port Campbell",
      "nl": "Port Campbell",
      "zh": "坎貝爾港",
      "pl": "Port Campbell"
    }
  },
  "AU::noosa": {
    "type": "small_city",
    "names": {
      "en": "Noosa Shire",
      "fr": "comté de Noosa",
      "it": "Noosa",
      "de": "Noosa Shire",
      "zh": "努薩",
      "ja": "ヌーサ",
      "ko": "누사",
      "ru": "Нуса"
    }
  },
  "AU::airlie-beach": {
    "type": "village",
    "names": {
      "_default": "'Airlie'",
      "fr": "Airlie",
      "en": "Airlie",
      "es": "Airlie",
      "it": "Airlie",
      "pt": "Airlie",
      "de": "Airlie"
    }
  },
  "AU::byron-bay": {
    "type": "small_city",
    "names": {
      "en": "Byron Bay",
      "ko": "바이런베이",
      "fr": "Byron Bay",
      "es": "Byron Bay",
      "it": "Byron Bay",
      "pt": "Byron Bay",
      "de": "Byron Bay",
      "nl": "Byron Bay",
      "ar": "خليج بايرون",
      "zh": "拜倫灣",
      "ja": "バイロンベイ",
      "ru": "Байрон-Бей",
      "pl": "Byron Bay"
    }
  },
  "AU::hervey-bay": {
    "type": "small_city",
    "names": {
      "en": "Hervey Bay",
      "zh": "赫维湾",
      "ja": "ハービー・ベイ"
    }
  },
  "AU::whitsundays": {
    "type": "small_city",
    "names": {
      "_default": "Whitsundays"
    }
  },
  "AU::margaret-river": {
    "type": "small_city",
    "names": {
      "_default": "Margaret River"
    }
  },
  "AU::walpole": {
    "type": "village",
    "names": {
      "_default": "Walpole"
    }
  },
  "AU::mount-barker": {
    "type": "small_city",
    "names": {
      "_default": "Mount Barker"
    }
  },
  "AU::katoomba": {
    "type": "small_city",
    "names": {
      "en": "Katoomba",
      "ja": "カトゥーンバ"
    }
  },
  "AU::murwillumbah": {
    "type": "small_city",
    "names": {
      "_default": "Murwillumbah"
    }
  },
  "AU::gold-coast": {
    "type": "large_city",
    "names": {
      "en": "Gold Coast City",
      "es": "Gold Coast",
      "pt": "Gold Coast",
      "de": "Gold Coast",
      "ar": "غولد كوست",
      "zh": "黄金海岸",
      "ja": "ゴールドコースト",
      "ko": "골드코스트",
      "ru": "Голд-Кост",
      "hi": "गोल्ड कोस्ट"
    }
  },
  "AU::townsville": {
    "type": "medium_city",
    "names": {
      "en": "Townsville",
      "zh": "汤斯维尔",
      "ja": "タウンズビル",
      "ru": "Таунсвилл"
    }
  },
  "AU::derby": {
    "type": "small_city",
    "names": {
      "en": "Derby",
      "ru": "Дерби"
    }
  },
  "AU::kununurra": {
    "type": "small_city",
    "names": {
      "en": "Kununurra",
      "ja": "カナナラ",
      "ru": "Кунунарра"
    }
  },
  "AU::echuca": {
    "type": "small_city",
    "names": {
      "_default": "Echuca"
    }
  },
  "AU::darwin": {
    "type": "medium_city",
    "names": {
      "en": "Darwin",
      "es": "Darwin",
      "ar": "داروين",
      "zh": "达尔文",
      "ja": "ダーウィン",
      "ru": "Дарвин"
    }
  },
  "AU::jabiru": {
    "type": "village",
    "names": {
      "_default": "Jabiru"
    }
  },
  "AU::perth": {
    "type": "large_city",
    "names": {
      "fr": "Perth",
      "en": "Perth",
      "es": "Perth",
      "pt": "Perth",
      "de": "Perth",
      "nl": "Perth",
      "ar": "بيرث",
      "zh": "珀斯",
      "ja": "パース",
      "ko": "퍼스",
      "ru": "Перт",
      "hi": "पर्थ",
      "tr": "Perth",
      "pl": "Perth"
    }
  }
}