{
  "EC::quito": {
    "type": "large_city",
    "names": {
      "fr": "Quito",
      "en": "Quito",
      "es": "Quito",
      "de": "Quito",
      "nl": "Quito",
      "ar": "كيتو",
      "zh": "基多",
      "ja": "キト",
      "ko": "키토",
      "ru": "Кито",
      "hi": "क्वीटो",
      "pl": "Quito",
      "it": "Quito",
      "pt": "Quito",
      "tr": "Quito"
    }
  },
  "EC::guayaquil": {
    "type": "medium_city",
    "names": {
      "es": "Guayaquil",
      "ar": "غواياكيل",
      "fr": "Guayaquil",
      "en": "Guayaquil",
      "it": "Guayaquil",
      "pt": "Guaiaquil",
      "de": "Guayaquil",
      "nl": "Guayaquil",
      "zh": "瓜亞基爾",
      "ja": "グアヤキル",
      "ko": "과야킬",
      "ru": "Гуаякиль",
      "hi": "गावकील",
      "tr": "Guayaquil",
      "pl": "Guayaquil"
    }
  },
  "EC::cuenca": {
    "type": "small_city",
    "names": {
      "es": "Cuenca",
      "ar": "كوينكا",
      "zh": "昆卡",
      "ja": "クエンカ",
      "ko": "쿠엥카",
      "ru": "Куэнка",
      "fr": "Cuenca",
      "en": "Cuenca",
      "it": "Cuenca",
      "pt": "Cuenca",
      "de": "Cuenca",
      "nl": "Cuenca",
      "hi": "क्वेंका",
      "tr": "Cuenca",
      "pl": "Cuenca"
    }
  },
  "EC::banos": {
    "type": "large_city",
    "names": {
      "_default": "Baños",
      "fr": "Baños",
      "en": "Baños Canton",
      "es": "Cantón Baños",
      "it": "cantone di Baños",
      "de": "Kanton Baños de Agua Santa",
      "nl": "Baños Canton",
      "zh": "巴尼奧斯縣",
      "ja": "バーニョス郡",
      "pl": "Baños (kanton)"
    }
  },
  "EC::ambato": {
    "type": "medium_city",
    "names": {
      "es": "Ambato",
      "fr": "Ambato",
      "en": "Ambato",
      "it": "Ambato",
      "pt": "Ambato",
      "de": "Ambato",
      "nl": "Ambato",
      "ar": "أمباتو",
      "zh": "安巴托",
      "ja": "アンバート",
      "ko": "암바토",
      "ru": "Амбато",
      "hi": "एम्बाटो",
      "tr": "Ambato",
      "pl": "Ambato"
    }
  },
  "EC::otavalo": {
    "type": "small_city",
    "names": {
      "_default": "Otavalo",
      "fr": "Otavalo",
      "en": "Otavalo Canton",
      "es": "Cantón Otavalo",
      "it": "cantone di Otavalo",
      "de": "Kanton Otavalo",
      "nl": "Otavalo Canton",
      "zh": "奧塔瓦洛縣",
      "ru": "Отавало",
      "pl": "Otavalo (kanton)"
    }
  },
  "EC::puerto-ayora": {
    "type": "small_city",
    "names": {
      "es": "Puerto Ayora",
      "zh": "阿約拉港",
      "ja": "プエルト・アヨラ",
      "ko": "푸에르토아요라",
      "ru": "Пуэрто-Айора",
      "hi": "प्यूर्टो अयोरा",
      "fr": "Puerto Ayora",
      "en": "Puerto Ayora",
      "it": "Puerto Ayora",
      "pt": "Puerto Ayora",
      "de": "Puerto Ayora",
      "nl": "Puerto Ayora",
      "ar": "Puerto Ayora",
      "pl": "Puerto Ayora"
    }
  },
  "EC::latacunga": {
    "type": "small_city",
    "names": {
      "_default": "Latacunga",
      "fr": "Latacunga",
      "en": "Latacunga",
      "es": "Latacunga",
      "it": "Latacunga",
      "pt": "Latacunga",
      "de": "Latacunga",
      "nl": "Latacunga",
      "ar": "لاتاكونغا",
      "zh": "拉塔昆加",
      "ja": "ラタクンガ",
      "ko": "라타쿵가",
      "ru": "Латакунга",
      "hi": "लाटुकांगा",
      "tr": "Latacunga",
      "pl": "Latacunga"
    }
  },
  "EC::mindo": {
    "type": "small_city",
    "names": {
      "_default": "Mindo",
      "en": "Mindo River",
      "es": "Río Mindo"
    }
  },
  "EC::puyo": {
    "type": "small_city",
    "names": {
      "es": "Puyo"
    }
  },
  "EC::tena": {
    "type": "small_city",
    "names": {
      "_default": "Tena"
    }
  },
  "EC::quilotoa": {
    "type": "village",
    "names": {
      "_default": "Quilotoa"
    }
  },
  "EC::papallacta": {
    "type": "village",
    "names": {
      "_default": "Papallacta"
    }
  }
}