{
  "PE::lima": {
    "type": "large_city",
    "names": {
      "fr": "Lima",
      "en": "Lima",
      "es": "Lima",
      "de": "Lima",
      "nl": "Lima",
      "ar": "ليما",
      "zh": "利馬/利马",
      "ja": "リマ",
      "ko": "리마",
      "ru": "Лима",
      "hi": "लीमा",
      "pl": "Lima",
      "it": "Lima",
      "pt": "Lima",
      "tr": "Lima"
    }
  },
  "PE::cusco": {
    "type": "medium_city",
    "names": {
      "fr": "Cuzco",
      "en": "Cuzco",
      "es": "Cuzco",
      "de": "Cuzco",
      "ko": "쿠스코",
      "ru": "Куско",
      "pl": "Cuzco",
      "it": "Cusco",
      "pt": "Cusco",
      "nl": "Cuzco",
      "ar": "كوسكو",
      "zh": "庫斯科",
      "ja": "クスコ",
      "hi": "कुज़्को",
      "tr": "Cusco"
    }
  },
  "PE::arequipa": {
    "type": "medium_city",
    "names": {
      "en": "Arequipa",
      "es": "Arequipa",
      "de": "Arequipa",
      "ru": "Арекипа",
      "pl": "Arequipa",
      "pt": "Distrito de Arequipa",
      "nl": "Arequipa",
      "ar": "مديرية أريكيبا",
      "zh": "阿雷基帕區"
    }
  },
  "PE::lima-airport": {
    "type": "village",
    "names": {
      "en": "Jorge Chávez International Airport",
      "es": "Aeropuerto Internacional Jorge Chávez",
      "zh": "豪尔赫·查韦斯国际机场",
      "fr": "aéroport international Jorge Chávez",
      "it": "Aeroporto Internazionale Jorge Chávez",
      "pt": "Aeroporto Internacional Jorge Chávez",
      "de": "Flughafen Lima",
      "nl": "Internationale Luchthaven Jorge Chávez",
      "ar": "مطار خورخي تشافيز الدولي",
      "ja": "ホルヘ・チャベス国際空港",
      "ko": "호르헤 차베스 국제공항",
      "ru": "Хорхе Чавес (аэропорт)",
      "pl": "Port lotniczy Lima-Jorge Chávez"
    }
  },
  "PE::trujillo": {
    "type": "small_city",
    "names": {
      "en": "Trujillo",
      "es": "Trujillo",
      "de": "Trujillo",
      "ru": "Трухильо",
      "pl": "Trujillo",
      "fr": "district de Trujillo",
      "it": "distretto di Trujillo",
      "pt": "Trujillo",
      "nl": "Trujillo District",
      "zh": "特魯希略區"
    }
  },
  "PE::huaraz": {
    "type": "small_city",
    "names": {
      "en": "Huaraz",
      "es": "Huaraz",
      "de": "Huaraz",
      "ko": "와라즈",
      "ru": "Уарас",
      "pl": "Huaraz",
      "it": "Distretto di Huaraz",
      "pt": "Huaraz",
      "nl": "Huaraz District",
      "zh": "瓦拉斯區"
    }
  },
  "PE::ollantaytambo": {
    "type": "medium_city",
    "names": {
      "es": "Ollantaytambo",
      "fr": "District d'Ollantaytambo",
      "en": "Ollantaytambo District",
      "it": "Distretto di Ollantaytambo",
      "pt": "Ollantaytambo",
      "de": "Distrikt Ollantaytambo",
      "nl": "Ollantaytambo District",
      "zh": "奧揚泰坦博區"
    }
  },
  "PE::machu-picchu": {
    "type": "small_city",
    "names": {
      "fr": "Machu Picchu",
      "en": "Machu Picchu",
      "es": "Ciudadela de Machu Picchu",
      "de": "Machu Picchu",
      "ar": "ماتشو بيتشو",
      "zh": "马丘比丘",
      "ja": "マチュ・ピチュ",
      "ru": "Мачу-Пикчу",
      "it": "Machu Picchu",
      "pt": "Machu Picchu",
      "nl": "Machu Picchu",
      "ko": "마추 픽추",
      "hi": "माचू पिच्चू",
      "tr": "Machu Picchu",
      "pl": "Machu Picchu"
    }
  },
  "PE::aguas-calientes": {
    "type": "small_city",
    "names": {
      "es": "Aguas Calientes",
      "ko": "아구아스칼리엔테",
      "fr": "Quebrada Aguas Calientes",
      "en": "Quebrada Aguas Calientes",
      "de": "Quebrada Aguas Calientes"
    }
  },
  "PE::huacachina": {
    "type": "small_city",
    "names": {
      "_default": "Huacachina",
      "fr": "Huacachina",
      "en": "Huacachina",
      "es": "Huacachina",
      "it": "Huacachina",
      "pt": "Huacachina",
      "de": "Huacachina",
      "nl": "Huacachina",
      "ar": "هواكاتشينا",
      "zh": "瓦卡奇納",
      "ja": "ワカチナ",
      "ru": "Уакачина",
      "tr": "Huacachina"
    }
  },
  "PE::caraz": {
    "type": "small_city",
    "names": {
      "_default": "Caraz",
      "en": "Caraz District",
      "es": "Distrito de Caraz",
      "it": "Distretto di Caraz",
      "pt": "Caraz",
      "de": "Distrikt Caraz",
      "nl": "Caraz District",
      "zh": "卡拉斯區"
    }
  },
  "PE::uros": {
    "type": "small_city",
    "names": {
      "_default": "Uros",
      "fr": "Uroš",
      "en": "Uroš",
      "es": "Uroš",
      "it": "Uroš",
      "pt": "Uroš",
      "de": "Uroš",
      "nl": "Uroš",
      "zh": "乌罗斯",
      "ko": "우로시",
      "ru": "Урош",
      "tr": "Uroš",
      "pl": "Uroš"
    }
  },
  "PE::chavin-de-huantar": {
    "type": "small_city",
    "names": {
      "_default": "Chavín de Huantar",
      "fr": "Chavín de Huantar",
      "en": "Chavín de Huantar District",
      "es": "Chavín de Huántar",
      "it": "Chavín de Huantar",
      "pt": "Chavin de Huantar",
      "de": "Distrikt Chavín de Huántar",
      "nl": "Chavín de Huantar",
      "zh": "查文德萬塔爾區"
    }
  },
  "PE::paracas": {
    "type": "small_city",
    "names": {
      "_default": "Paracas"
    }
  },
  "PE::yanque-colca": {
    "type": "small_city",
    "names": {
      "es": "Carretera al Colca"
    }
  },
  "PE::kuelap": {
    "type": "village",
    "names": {
      "_default": "Kuelap"
    }
  },
  "PE::colca-canyon": {
    "type": "village",
    "names": {
      "fr": "Canyon de Colca",
      "en": "Colca Canyon",
      "es": "Valle del Colca",
      "pt": "Vale do Colca",
      "de": "Colca-Tal",
      "nl": "Colca Canyon",
      "zh": "科尔卡峡谷",
      "ru": "Каньон Колка"
    }
  },
  "PE::caral": {
    "type": "village",
    "names": {
      "_default": "Caral"
    }
  },
  "PE::gocta": {
    "type": "village",
    "names": {
      "en": "Gocta Cataracts",
      "es": "Catarata del Gocta",
      "pt": "Catarata de Gocta",
      "ru": "Гокта"
    }
  }
}