{
  "VA::san-pietro": {
    "type": "small_city",
    "names": {
      "fr": "Saint Pierre",
      "en": "Saint Peter",
      "es": "San Pedro",
      "it": "San Pietro",
      "de": "Heiliger Petrus",
      "ar": "القديس بطرس",
      "zh": "聖伯多祿",
      "ru": "Святой Петр",
      "pt": "San Pietro in Guarano",
      "nl": "San Pietro in Guarano",
      "ja": "サン・ピエトロ・イン・グアラーノ",
      "tr": "San Pietro in Guarano",
      "pl": "San Pietro in Guarano"
    }
  },
  "VA::cupola-san-pietro": {
    "type": "small_city",
    "names": {
      "it": "Cupola di San Pietro",
      "ar": "قبة القديس بطرس",
      "fr": "coupole de Saint-Pierre",
      "en": "St. Peter's Dome",
      "es": "Cúpula de san Pedro",
      "ru": "купол собора св. Петра"
    }
  }
}