{
  "PL::poznan": {
    "type": "large_city",
    "names": {
      "en": "Poznan",
      "de": "Posen",
      "ar": "بوزنان",
      "pl": "Poznań",
      "fr": "Poznań",
      "es": "Poznań",
      "it": "Poznań",
      "pt": "Poznań",
      "nl": "Poznań",
      "zh": "波茲南",
      "ja": "ポズナン",
      "ko": "포즈난",
      "ru": "Познань",
      "hi": "पॉज़्नान",
      "tr": "Poznań"
    }
  },
  "PL::sopot": {
    "type": "small_city",
    "names": {
      "en": "Sopot",
      "de": "Zoppot",
      "ja": "ソポト",
      "ru": "Сопот",
      "pl": "Sopot",
      "it": "Zoppot",
      "ar": "سوبوت",
      "zh": "索波特",
      "ko": "소포트",
      "tr": "Sopot"
    }
  },
  "PL::lodz": {
    "type": "medium_city",
    "names": {
      "de": "Lodz",
      "ar": "وودج",
      "ru": "Лодзь",
      "pl": "Łódź",
      "fr": "Łódź",
      "en": "Łódź",
      "es": "Lodz",
      "it": "Łódź",
      "pt": "Łódź",
      "nl": "Łódź",
      "zh": "罗兹",
      "ja": "ウッチ",
      "ko": "우치",
      "hi": "लोड्ज़",
      "tr": "Łódź"
    }
  },
  "PL::oswiecim": {
    "type": "small_city",
    "names": {
      "de": "Auschwitz",
      "pl": "Oświęcim",
      "fr": "Oświęcim",
      "en": "Oświęcim",
      "es": "Oświęcim",
      "it": "Oświęcim",
      "pt": "Oświęcim",
      "nl": "Oświęcim",
      "ar": "أشفنشم",
      "zh": "奥斯威辛",
      "ja": "オシフィエンチム",
      "ko": "오시비엥침",
      "ru": "Освенцим",
      "hi": "औसवेसिम",
      "tr": "Auschwitz"
    }
  },
  "PL::gdynia": {
    "type": "medium_city",
    "names": {
      "de": "Gdingen",
      "pl": "Gdynia",
      "fr": "Gdynia",
      "en": "Gdynia",
      "es": "Gdynia",
      "it": "Gdynia",
      "pt": "Gdynia",
      "nl": "Gdynia",
      "ar": "غدينيا",
      "zh": "格丁尼亚",
      "ja": "グディニャ",
      "ko": "그디니아",
      "ru": "Гдыня",
      "hi": "दीनिया",
      "tr": "Gdynia"
    }
  },
  "PL::torun": {
    "type": "medium_city",
    "names": {
      "en": "Toruń",
      "es": "Torún",
      "de": "Thorn",
      "ar": "تورون",
      "zh": "托伦",
      "ja": "トルン",
      "ko": "토룬",
      "ru": "Торунь",
      "pl": "Toruń",
      "fr": "Toruń",
      "it": "Toruń",
      "pt": "Toruń",
      "nl": "Toruń",
      "hi": "टोरून",
      "tr": "Toruń"
    }
  },
  "PL::bialowieza": {
    "type": "small_city",
    "names": {
      "en": "Bialowieza",
      "pl": "Białowieża",
      "fr": "Białowieża",
      "it": "Białowieża",
      "pt": "Białowieża",
      "de": "Białowieża",
      "nl": "Białowieża",
      "zh": "比亞沃維耶扎",
      "ja": "ビャウォヴィエジャ",
      "ko": "비아워비에자",
      "ru": "Беловеж",
      "tr": "Białowieża"
    }
  },
  "PL::czestochowa": {
    "type": "medium_city",
    "names": {
      "fr": "Częstochowa",
      "en": "Częstochowa",
      "de": "Tschenstochau",
      "ja": "チェンストホヴァ",
      "ru": "Ченстохова",
      "pl": "Częstochowa",
      "es": "Częstochowa",
      "it": "Częstochowa",
      "pt": "Częstochowa",
      "nl": "Częstochowa",
      "ar": "تشيستوخوفا",
      "zh": "琴斯托霍瓦",
      "ko": "쳉스토호바",
      "hi": "झेस्टोचोवा",
      "tr": "Częstochowa"
    }
  },
  "PL::swidnica": {
    "type": "medium_city",
    "names": {
      "de": "Schweidnitz",
      "ru": "Свидница",
      "pl": "Świdnica",
      "fr": "Świdnica",
      "en": "Świdnica",
      "es": "Świdnica",
      "it": "Świdnica",
      "pt": "Świdnica",
      "nl": "Świdnica",
      "ar": "شويدنكتسا",
      "zh": "希维德尼察",
      "ja": "シフィドニツァ",
      "ko": "시비드니차",
      "hi": "स्विडनिका",
      "tr": "Świdnica"
    }
  },
  "PL::gniezno": {
    "type": "medium_city",
    "names": {
      "de": "Gnesen",
      "ru": "Гнезно",
      "pl": "Gniezno",
      "fr": "Gniezno",
      "en": "Gniezno",
      "es": "Gniezno",
      "it": "Gniezno",
      "pt": "Gniezno",
      "nl": "Gniezno",
      "ar": "جنازنة",
      "zh": "格涅茲諾",
      "ja": "グニェズノ",
      "ko": "그니에즈노",
      "tr": "Gniezno"
    }
  },
  "PL::lancut": {
    "type": "medium_city",
    "names": {
      "de": "Landshut",
      "ru": "Ланьцут",
      "pl": "Łańcut",
      "fr": "Łańcut",
      "en": "Łańcut",
      "es": "Łańcut",
      "it": "Łańcut",
      "pt": "Łańcut",
      "nl": "Łańcut",
      "zh": "萬楚特",
      "ja": "ワンツト",
      "ko": "완추트",
      "tr": "Łańcut"
    }
  },
  "PL::hel": {
    "type": "small_city",
    "names": {
      "de": "Hela",
      "pl": "Hel",
      "fr": "Hel",
      "en": "Hel",
      "es": "Hel",
      "it": "Hel",
      "pt": "Hel",
      "nl": "Hel",
      "zh": "赫爾",
      "ja": "ヘル",
      "ko": "헬",
      "ru": "Хель",
      "tr": "Hel, Polonya"
    }
  },
  "PL::chelmno": {
    "type": "medium_city",
    "names": {
      "de": "Kulm",
      "pl": "Chełmno",
      "fr": "Chełmno",
      "en": "Chełmno",
      "es": "Chelmno",
      "it": "Chełmno",
      "pt": "Chełmno",
      "nl": "Chełmno nad Wisłą",
      "zh": "海烏姆諾",
      "ja": "ヘウムノ",
      "ko": "헤움노",
      "ru": "Хелмно",
      "tr": "Chełmno"
    }
  },
  "PL::tykocin": {
    "type": "small_city",
    "names": {
      "ru": "Тыкоцин",
      "pl": "Tykocin",
      "fr": "Tykocin",
      "en": "Tykocin",
      "es": "Tykocin",
      "it": "Tykocin",
      "pt": "Tykocin",
      "de": "Tykocin",
      "nl": "Tykocin",
      "zh": "蒂科欽",
      "tr": "Tykocin"
    }
  },
  "PL::nysa": {
    "type": "small_city",
    "names": {
      "de": "Neisse",
      "ru": "Ныса",
      "pl": "Nysa",
      "fr": "Nysa",
      "en": "Nysa",
      "es": "Nysa",
      "it": "Nysa",
      "pt": "Nysa",
      "nl": "Nysa",
      "ar": "نيسا",
      "zh": "尼斯",
      "ja": "ニサ",
      "ko": "니사",
      "tr": "Nysa"
    }
  },
  "PL::malbork": {
    "type": "small_city",
    "names": {
      "de": "Marienburg",
      "pl": "Malbork",
      "fr": "Malbork",
      "en": "Malbork",
      "es": "Malbork",
      "it": "Malbork",
      "pt": "Malbork",
      "nl": "Malbork",
      "ar": "مالبورك",
      "zh": "马尔堡",
      "ja": "マルボルク",
      "ko": "말보르크",
      "ru": "Мальборк",
      "tr": "Malbork"
    }
  },
  "PL::zalipie": {
    "type": "small_city",
    "names": {
      "fr": "Zalipie",
      "en": "Zalipie, Lesser Poland Voivodeship",
      "de": "Zalipie",
      "nl": "Zalipie",
      "zh": "薩利派",
      "ru": "Залипье",
      "tr": "Zalipie",
      "pl": "Zalipie"
    }
  },
  "PL::lidzbark-warminski": {
    "type": "small_city",
    "names": {
      "de": "Heilsberg",
      "pl": "Lidzbark Warmiński",
      "fr": "Lidzbark Warmiński",
      "en": "Lidzbark Warmiński",
      "it": "Lidzbark Warmiński",
      "pt": "Lidzbark Warmiński",
      "nl": "Lidzbark Warmiński",
      "zh": "瓦爾米亞地區利茲巴克",
      "ja": "リズバルク・ヴァルミンスキ",
      "ko": "리즈바르크 바르민스키",
      "ru": "Лидзбарк-Варминьский",
      "tr": "Lidzbark Warmiński"
    }
  },
  "PL::frombork": {
    "type": "small_city",
    "names": {
      "de": "Frauenburg",
      "ru": "Фромборк",
      "pl": "Frombork",
      "fr": "Frombork",
      "en": "Frombork",
      "es": "Frombork",
      "it": "Frombork",
      "pt": "Frombork",
      "nl": "Frombork",
      "zh": "弗龙堡",
      "ja": "フロンボルク",
      "tr": "Frombork"
    }
  }
}