{
  "CL::santiago": {
    "type": "large_city",
    "names": {
      "fr": "Santiago",
      "en": "Santiago",
      "es": "Santiago",
      "it": "Santiago del Cile",
      "pt": "Santiago",
      "de": "Santiago",
      "nl": "Santiago",
      "ar": "سانتياغو",
      "zh": "聖地亞哥/圣地亚哥",
      "ja": "サンティアゴ",
      "ko": "산티아고",
      "ru": "Сантьяго",
      "hi": "सेण्टियागो",
      "tr": "Santiago",
      "pl": "Santiago"
    }
  },
  "CL::san-pedro-de-atacama": {
    "type": "small_city",
    "names": {
      "_default": "San Pedro de Atacama",
      "fr": "San Pedro de Atacama",
      "en": "San Pedro de Atacama",
      "es": "San Pedro de Atacama",
      "it": "San Pedro de Atacama",
      "pt": "San Pedro de Atacama",
      "de": "San Pedro de Atacama",
      "nl": "San Pedro de Atacama",
      "zh": "聖佩德羅德阿塔卡馬",
      "ja": "サンペドロ・デ・アタカマ",
      "ko": "산페드로데아타카마",
      "ru": "Сан-Педро-де-Атакама",
      "tr": "San Pedro de Atacama",
      "pl": "San Pedro de Atacama"
    }
  },
  "CL::pucon": {
    "type": "large_city",
    "names": {
      "es": "Pucón",
      "fr": "Pucón",
      "en": "Pucón",
      "it": "Pucón",
      "pt": "Pucón",
      "de": "Pucón",
      "nl": "Pucón",
      "ar": "بوكون",
      "zh": "普孔",
      "ja": "プコン",
      "ko": "푸콘",
      "ru": "Пукон",
      "pl": "Pucón"
    }
  },
  "CL::puerto-varas": {
    "type": "small_city",
    "names": {
      "es": "Puerto Varas",
      "ru": "Пуэрто-Варас",
      "fr": "Puerto Varas",
      "en": "Puerto Varas",
      "it": "Puerto Varas",
      "pt": "Puerto Varas",
      "de": "Puerto Varas",
      "nl": "Puerto Varas",
      "ar": "بويرتو فاراس",
      "zh": "巴拉斯港",
      "ja": "プエルト・バラス",
      "ko": "푸에르토바라스",
      "tr": "Puerto Varas",
      "pl": "Puerto Varas"
    }
  },
  "CL::puerto-natales": {
    "type": "medium_city",
    "names": {
      "en": "Puerto Natales",
      "es": "Puerto Natales",
      "ko": "푸에르토나탈레스",
      "ru": "Пуэрто-Наталес",
      "fr": "Puerto Natales",
      "it": "Puerto Natales",
      "pt": "Puerto Natales",
      "de": "Puerto Natales",
      "nl": "Puerto Natales",
      "ar": "بويرتو نتالز",
      "zh": "納塔萊斯港",
      "ja": "プエルト・ナターレス",
      "hi": "पुरतो नातालीस",
      "tr": "Puerto Natales",
      "pl": "Puerto Natales"
    }
  },
  "CL::punta-arenas": {
    "type": "small_city",
    "names": {
      "en": "Punta Arenas",
      "es": "Punta Arenas",
      "ar": "بونتا أريناس",
      "zh": "蓬塔阿雷纳斯",
      "ja": "プンタ・アレーナス",
      "ko": "푼타아레나스",
      "ru": "Пунта-Аренас",
      "fr": "Punta Arenas"
    }
  },
  "CL::torres-del-paine": {
    "type": "small_city",
    "names": {
      "es": "Torres del Paine",
      "fr": "Torres del Paine",
      "en": "Torres del Paine",
      "it": "Torres del Paine",
      "pt": "Torres del Paine",
      "de": "Torres del Paine",
      "nl": "Torres del Paine",
      "zh": "托雷德佩恩",
      "ko": "토레스델파이네",
      "ru": "Торрес-дель-Пайне",
      "pl": "Torres del Paine"
    }
  }
}