{
  "IL::tel-aviv": {
    "type": "large_city",
    "names": {
      "fr": "Tel-Aviv",
      "en": "Tel-Aviv",
      "es": "Tel-Aviv",
      "it": "Tel Aviv",
      "pt": "Tel Aviv",
      "de": "Tel-Aviv",
      "nl": "Tel Aviv",
      "ar": "تل أبيب – يافا",
      "zh": "特拉維夫-雅法",
      "ja": "テルアビブ",
      "ko": "텔아비브",
      "ru": "Тель-Авив",
      "hi": "तेल अविव",
      "tr": "Tel Aviv",
      "pl": "Tel-Awiw"
    }
  },
  "IL::haifa": {
    "type": "medium_city",
    "names": {
      "fr": "Haïfa",
      "en": "Haifa",
      "es": "Haifa",
      "it": "Haifa",
      "pt": "Haifa",
      "de": "Haifa",
      "nl": "Haifa",
      "ar": "حيفا",
      "zh": "海法",
      "ja": "ハイファ",
      "ko": "하이파",
      "ru": "Хайфа",
      "hi": "हाइफ़ा",
      "tr": "Hayfa",
      "pl": "Hajfa"
    }
  },
  "IL::acre": {
    "type": "small_city",
    "names": {
      "fr": "Acre",
      "en": "Acre",
      "es": "Acre",
      "it": "Acri",
      "de": "Akko",
      "ar": "عكا",
      "ru": "Акко",
      "hi": "एक्कर",
      "tr": "Akka",
      "pl": "Akka"
    }
  },
  "IL::tiberias": {
    "type": "small_city",
    "names": {
      "fr": "Tibériade",
      "en": "Tiberias",
      "es": "Tiberíades",
      "it": "Tiberiade",
      "de": "Tiberias",
      "ar": "طبريا",
      "ja": "ティベリア",
      "ko": "티베리아스",
      "ru": "Тверия",
      "hi": "टबरिया"
    }
  },
  "IL::nazareth": {
    "type": "small_city",
    "names": {
      "fr": "Nazareth",
      "en": "Nazareth",
      "es": "Nazaret",
      "it": "Nazareth",
      "de": "Nazareth",
      "ar": "الناصرة",
      "ko": "나사렛"
    }
  },
  "IL::majdal-shams": {
    "type": "village",
    "names": {
      "fr": "Majdal Shams",
      "en": "Majdal Shams",
      "es": "Majdal Shams",
      "de": "Madschdal Schams",
      "ar": "مجدل شمس",
      "ru": "Мадждаль-Шамс",
      "pl": "Madżdal Szams"
    }
  },
  "IL::jerusalem": {
    "type": "large_city",
    "names": {
      "fr": "Jérusalem",
      "en": "Jerusalem",
      "es": "Jerusalén",
      "it": "Gerusalemme",
      "pt": "Jerusalém",
      "de": "Jerusalem",
      "nl": "Jeruzalem",
      "ar": "القدس",
      "zh": "耶路撒冷",
      "ja": "エルサレム",
      "ko": "예루살렘",
      "ru": "Иерусалим",
      "hi": "यरुशलम",
      "tr": "Kudüs",
      "pl": "Jerozolima"
    }
  },
  "IL::bethleem": {
    "type": "small_city",
    "names": {
      "fr": "Bethléem de Galilée",
      "en": "Beit Lehem HaGelilit",
      "es": "Belén de Galilea",
      "it": "Betlemme di Galilea",
      "pt": "Belém da Galiléia",
      "de": "Bethlehem von Galiläa",
      "ar": "بيت لحم الجليل‎",
      "ja": "ガリラヤのベツレヘム",
      "ru": "Вифлеем Галилейский",
      "tr": "Celile Bethlehem",
      "pl": "Betlejem z Galilei"
    }
  }
}