{
  "version": 1,
  "updated_at": "2026-02-03T12:45:09.926Z",
  "total": 643,
  "itineraries": {
    "AE::uae::road-trip-classique": "2025-10-30T19:07:08.000Z",
    "AL::albanie::paysages-et-villes-incontournables": "2026-01-01T00:00:00.000Z",
    "AM::temp_1763501147618": "2025-11-22T07:10:18.000Z",
    "AR::ar::cuyo-argentine-pays-du-vin-sommets-andins-et-paysages-d-un-autre-monde": "2026-01-01T00:00:00.000Z",
    "AR::temp_1765135216984": "2026-01-01T00:00:00.000Z",
    "AR::temp_1765135054541": "2026-01-01T00:00:00.000Z",
    "AR::temp_1765135800145": "2026-01-01T00:00:00.000Z",
    "AR::countrywide::argentina-14j-roadtrip": "2025-10-24T07:14:36.000Z",
    "AR::temp_1765134557762": "2026-01-01T00:00:00.000Z",
    "AT::autriche::two-weeks-explorers": "2025-10-24T07:14:36.000Z",
    "AT::carinthia::lakes-mountains-alpine-roads": "2026-01-01T00:00:00.000Z",
    "AT::autriche::roadtrip-famille-nature-et-culture": "2025-10-24T07:14:36.000Z",
    "AT::eastern-alps::lacs-et-montagnes-7j": "2025-10-24T07:14:36.000Z",
    "AT::austria-family-roadtrip": "2025-10-24T07:14:36.000Z",
    "AU::national::destinations-phares-2025": "2026-01-01T00:00:00.000Z",
    "AU::western-australia::cote-sud-ouest": "2026-01-01T00:00:00.000Z",
    "AU::east-coast::aventures-pacifique": "2026-01-01T00:00:00.000Z",
    "AU::temp_1764873577000": "2026-01-01T00:00:00.000Z",
    "AU::kimberley::traversee-gibb-river": "2026-01-01T00:00:00.000Z",
    "BA::bosnia::bridges-waterfalls-history": "2026-01-01T00:00:00.000Z",
    "BB::temp_1763589332571": "2025-11-22T07:10:18.000Z",
    "BD::national::bangladesh-essentiel-10j": "2025-10-26T07:28:54.000Z",
    "BD::country::bangladesh-7j-dhaka-delta-sylhet-cox-chittagong": "2025-10-26T07:28:54.000Z",
    "BD::southwest::bangladesh-3weeks": "2025-10-26T07:28:54.000Z",
    "BE::vwv::gand-bruges-damme-ypres": "2025-10-25T15:45:40.000Z",
    "BE::temp_1763149880408": "2025-11-15T09:29:48.000Z",
    "BE::belgique::road-trip-classiques": "2025-10-30T19:07:08.000Z",
    "BG::temp_1763242741245": "2025-11-16T09:13:18.000Z",
    "BG::bulgaria::monasteries-mountains-black-sea": "2026-01-01T00:00:00.000Z",
    "BO::ultimate-bolivia::3-4-weeks": "2025-10-24T07:14:36.000Z",
    "BO::altiplano::bolivia-deux-semaines": "2025-10-24T07:14:36.000Z",
    "BO::classic-bolivia-loop": "2025-10-24T07:14:36.000Z",
    "BR::ne::lencois-delta-ibiapaba-coast-14j": "2025-10-24T07:14:36.000Z",
    "BR::ne::nordeste-aventure-4x4": "2025-10-24T07:14:36.000Z",
    "BR::grand-tour::sud-centre-nordeste-sudeste": "2025-10-24T07:14:36.000Z",
    "BR::multi::paraty-chapada-amazonie-rio-16j": "2025-10-24T07:14:36.000Z",
    "BR::sudeste-nordeste::rio-iguacu-jeri-porto": "2025-10-24T07:14:36.000Z",
    "BR::rj::rio-et-cote-verte": "2025-10-24T07:14:36.000Z",
    "BR::sudeste::bresil-saveurs-costa-verde": "2025-10-24T07:14:36.000Z",
    "BS::exuma-nassau::exumas-nassau-classiques": "2025-10-26T07:28:54.000Z",
    "BS::bahamas::exuma-nassau-5j": "2025-10-26T07:28:54.000Z",
    "BW::northern::circuit-complet-15j": "2026-01-18T12:00:00Z",
    "BW::botswana::delta-desert-wilderness": "2026-01-01T00:00:00.000Z",
    "BZ::country::belize-14-jours": "2025-10-30T19:07:08.000Z",
    "CA::ON-QC::canada-east-roadtrip": "2025-10-24T07:14:36.000Z",
    "CA::bc::ouest-canadien": "2025-10-24T07:14:36.000Z",
    "CA::transcanadienne::traversee-est-ouest": "2025-10-24T07:14:36.000Z",
    "CH::switzerland::grand-loop-10d": "2025-10-24T07:14:36.000Z",
    "CH::valais-bern::roadtrip-7j-suisse": "2025-10-24T07:14:36.000Z",
    "CH::basel::three-countries-grand-tour": "2026-01-01T00:00:00.000Z",
    "CH::bern::swiss-treasures-grand-tour": "2026-01-01T00:00:00.000Z",
    "CH::temp_1763240538613": "2025-11-16T09:13:18.000Z",
    "CH::switzerland::10d-summer-classics": "2025-10-24T07:14:36.000Z",
    "CL::country::chile-north-to-south-21d": "2025-10-24T07:14:36.000Z",
    "CN::beijing-guilin-shanghai": "2025-10-24T07:14:36.000Z",
    "CN::multi-province::china-21d-classics": "2025-10-24T07:14:36.000Z",
    "CN::yn::yunnan-minorites-kunming-dali-lijiang-shangrila": "2025-10-24T07:14:36.000Z",
    "CN::multi-china::taste-of-china": "2025-10-24T07:14:36.000Z",
    "CN::silk-road::east-to-west-complete": "2026-01-01T00:00:00.000Z",
    "CN::shanghai-beijing-highlights": "2025-10-24T07:14:36.000Z",
    "CN::xibei-northwest-china": "2025-10-24T07:14:36.000Z",
    "CO::andes-caraibes::colombie-2semaines": "2025-10-24T07:14:36.000Z",
    "CO::slowtravel-colombie::baroudeurs": "2025-10-24T07:14:36.000Z",
    "CR::central-highlands::costa-rica-classic": "2025-10-24T07:14:36.000Z",
    "CR::10days-classic": "2025-10-24T07:14:36.000Z",
    "CU::cuba::cuba-3-semaines-classiques": "2025-10-26T07:28:54.000Z",
    "CU::west-centre::cuba-3semaines": "2025-10-26T07:28:54.000Z",
    "CZ::temp_1763149838074": "2025-11-15T09:29:48.000Z",
    "CZ::moravie-sud::route-des-chateaux-et-prague": "2025-10-30T19:07:08.000Z",
    "DE::baviere::decouverte-complete": "2026-01-01T00:00:00.000Z",
    "DE::saxe-anhalt::patrimoine-complet": "2026-01-01T00:00:00.000Z",
    "DE::romantische-strasse::contes-chateaux-7n": "2025-10-26T07:28:54.000Z",
    "DE::bayern-badenwurtemberg-roadtrip": "2025-10-26T07:28:54.000Z",
    "DE::ni::hanovre-excursions-1-2h": "2025-10-30T19:07:08.000Z",
    "DE::lower-saxony::heritage-and-nature": "2026-01-01T00:00:00.000Z",
    "DE::temp_1763150615850": "2025-11-15T09:29:48.000Z",
    "DE::temp_1763150421494": "2025-11-15T09:29:48.000Z",
    "DE::temp_1763150936338": "2025-11-15T09:29:48.000Z",
    "DE::nord::road-trip-nord-allemagne": "2025-10-30T19:07:08.000Z",
    "DE::nord::lakes-castles-beaches": "2025-10-26T07:28:54.000Z",
    "DE::south-germany::fairytale-roadtrip": "2025-10-26T07:28:54.000Z",
    "DE::baden-wuerttemberg::complete-discovery": "2026-01-01T00:00:00.000Z",
    "DE::by::deutsche-alpenstrasse-lindau-königssee-5j": "2025-10-26T07:28:54.000Z",
    "DE::by-romantische-strasse": "2025-10-26T07:28:54.000Z",
    "DE::bavaria::romantic-road": "2026-01-01T00:00:00.000Z",
    "DK::country::danemark-famille-12j": "2025-10-26T07:28:54.000Z",
    "DK::roadtrip-danemark": "2025-10-26T07:28:54.000Z",
    "DK::country::roadtrip-danemark-famille": "2025-10-26T07:28:54.000Z",
    "DO::domrep::coasts-to-peaks": "2025-10-26T07:28:54.000Z",
    "DO::rd-roadtrip": "2025-10-26T07:28:54.000Z",
    "DO::sur-ouest::rd-sud-ouest-bahia-aguilas": "2025-10-26T07:28:54.000Z",
    "DO::repdom::roadtrip-7j": "2025-10-26T07:28:54.000Z",
    "DO::rd-roadtrip-classique": "2025-10-26T07:28:54.000Z",
    "EA::ke-ug-rw-tz-roadtrip": "2025-10-24T07:14:36.000Z",
    "EC::national::ecuador-3weeks": "2025-10-24T07:14:36.000Z",
    "EC::quito-mindo-banos-tena": "2025-10-24T07:14:36.000Z",
    "EC::andes::ecuador-mainland": "2025-10-24T07:14:36.000Z",
    "EG::vallee-nil::egypte-hier-aujourdhui": "2025-10-26T07:28:54.000Z",
    "EG::egypt-independent-trip": "2025-10-26T07:28:54.000Z",
    "EG::nile::classic-10d": "2025-10-26T07:28:54.000Z",
    "EG::western-desert::route-oasis-desert-blanc": "2025-10-26T07:28:54.000Z",
    "EG::egypt::one-week-classic": "2025-10-26T07:28:54.000Z",
    "EG::egypt-2weeks-classic": "2025-10-26T07:28:54.000Z",
    "ES::andalucia::joyaux-andalous": "2025-10-24T07:14:36.000Z",
    "ES::aragon::saragosse-et-mudejar": "2025-10-24T07:14:36.000Z",
    "ES::cantabria::baies-et-montagnes": "2025-10-24T07:14:36.000Z",
    "ES::castellon-maestrazgo::chateaux-et-calanques": "2025-10-24T07:14:36.000Z",
    "ES::castilla-la-mancha::quijote-patrimonio": "2026-01-01T00:00:00.000Z",
    "ES::fuerteventura::dunes-et-lagons": "2025-10-24T07:14:36.000Z",
    "ES::castilla-la-mancha::moulins-et-gorges": "2025-10-24T07:14:36.000Z",
    "ES::rioja::vins-et-monasteres": "2025-10-24T07:14:36.000Z",
    "ES::canarias::lanzarote-et-la-palma": "2025-10-24T07:14:36.000Z",
    "ES::madrid::castille-royale": "2025-10-24T07:14:36.000Z",
    "ES::illes-balears::balears-essentielles": "2025-10-24T07:14:36.000Z",
    "ES::murcia::baroque-mer-et-sable": "2025-10-24T07:14:36.000Z",
    "ES::pais-vasco::golfe-de-biscaye": "2025-10-24T07:14:36.000Z",
    "ES::temp_1763152181611": "2025-11-15T09:29:48.000Z",
    "ES::jaen::renacimiento-naturaleza": "2026-01-01T00:00:00.000Z",
    "ES::temp_1763753973101": "2025-11-22T07:10:18.000Z",
    "ES::castilla-y-leon-nord::gothique-et-roman": "2025-10-24T07:14:36.000Z",
    "ES::temp_1763151414713": "2025-11-15T09:29:48.000Z",
    "ES::es::incontournables-de-castille-et-leon": "2026-01-01T00:00:00.000Z",
    "ES::temp_1763239526365": "2025-11-16T09:13:18.000Z",
    "ES::temp_1763154141623": "2025-11-15T09:29:48.000Z",
    "ES::almeria::criques-volcaniques-et-desert": "2025-10-24T07:14:36.000Z",
    "ES::asturias::mer-et-picos": "2025-10-24T07:14:36.000Z",
    "ES::catalunya::barcelone-costa-brava": "2025-10-24T07:14:36.000Z",
    "ES::andalucia-occidentale::cadix-sherry-donana": "2025-10-24T07:14:36.000Z",
    "ES::canarias::tenerife-gran-canaria": "2025-10-24T07:14:36.000Z",
    "ES::extremadura::pierres-et-vautours": "2025-10-24T07:14:36.000Z",
    "ES::menorca::ports-et-criques": "2025-10-24T07:14:36.000Z",
    "ES::navarra::chateaux-et-forets": "2025-10-24T07:14:36.000Z",
    "ES::madrid-sierra::guadarrama-et-chateaux": "2025-10-24T07:14:36.000Z",
    "ES::valencia::art-nouveau-et-costa-blanca": "2025-10-24T07:14:36.000Z",
    "FI::se-finland::vantaa-sipoo-porvoo-kotka-hamina-kouvola": "2025-10-24T07:14:36.000Z",
    "FI::south-north-finland-discovery": "2025-10-24T07:14:36.000Z",
    "FR::06::alpes-maritimes": "2025-10-25T15:45:40.000Z",
    "FR::ain::grand-tour-ain-savoie-mont-blanc": "2026-01-01T00:00:00.000Z",
    "FR::02::aisne": "2025-10-25T15:45:40.000Z",
    "FR::04::alpes-de-haute-provence": "2025-10-25T15:45:40.000Z",
    "FR::13::alpilles-pays-aix-25-villages": "2025-11-03T09:07:36.000Z",
    "FR::09::ariege-essentiels": "2025-10-25T15:45:40.000Z",
    "FR::06::villages-cote-dazur-arriere-pays": "2025-10-25T15:45:40.000Z",
    "FR::10::aube": "2025-10-25T15:45:40.000Z",
    "FR::11::aude": "2026-01-24",
    "FR::69-01-38-42-71-39::autour-de-lyon-15-villages-boucle": "2025-11-03T09:07:36.000Z",
    "FR::temp_1763238031274": "2025-11-16T09:13:18.000Z",
    "FR::06::autour-de-nice-15-sites": "2025-11-03T09:07:36.000Z",
    "FR::15-43-63::auvergne-villages-de-caractere": "2025-11-03T09:07:36.000Z",
    "FR::normandie-bretagne::mont-saint-michel-bay-discovery": "2026-01-01T00:00:00.000Z",
    "FR::67::bas-rhin": "2025-10-25T15:45:40.000Z",
    "FR::14::calvados": "2025-10-25T15:45:40.000Z",
    "FR::16::charente": "2025-01-24T10:00:00Z",
    "FR::pdl::haunted-pays-de-la-loire-4j-stepified": "2025-10-26T07:28:54.000Z",
    "FR::18::cher": "2025-01-24T10:00:00.000Z",
    "FR::2A::corse-du-sud": "2025-10-25T15:45:40.000Z",
    "FR::06-83::riviera-esterel-4j": "2025-10-25T15:45:40.000Z",
    "FR::23::creuse": "2025-10-25T15:45:40.000Z",
    "FR::79::deux-sevres": "2025-10-25T15:45:40.000Z",
    "FR::25::doubs": "2025-10-25T15:45:40.000Z",
    "FR::25::roadtrip-doubs": "2025-10-25T15:45:40.000Z",
    "FR::91::essonne": "2025-10-25T15:45:40.000Z",
    "FR::27::eure": "2026-01-25T10:00:00.000Z",
    "FR::28::eure-et-loir": "2025-10-25T15:45:40.000Z",
    "FR::29::finistere": "2025-10-25T15:45:40.000Z",
    "FR::30::gard": "2025-10-25T15:45:40.000Z",
    "FR::33::gironde": "2025-10-25T15:45:40.000Z",
    "GP::archipelago::guadeloupe-lagoons-and-volcano": "2025-10-25T15:45:40.000Z",
    "FR::52::haute-marne": "2025-10-25T15:45:40.000Z",
    "FR::70::haute": "2025-10-25T15:45:40.000Z",
    "FR::65::hautes-pyrenees": "2025-10-25T15:45:40.000Z",
    "FR::87::haute-vienne": "2025-10-25T15:45:40.000Z",
    "FR::HDF::hauts-de-france-villages-cote-opale-et-terres": "2026-02-02T12:00:00Z",
    "RE::island::reunion-cirques-and-lava": "2025-10-25T15:45:40.000Z",
    "FR::35::ille-et-vilaine": "2025-01-25T15:45:40.000Z",
    "FR::39::jura": "2025-10-25T15:45:40.000Z",
    "FR::83::villages-autour-lac-sainte-croix": "2025-11-03T09:07:36.000Z",
    "FR::42::loire": "2025-10-25T15:45:40.000Z",
    "FR::pdl::haunted-pays-de-la-loire-4j-stepified-v2": "2025-10-26T07:28:54.000Z",
    "FR::46::lot": "2025-10-25T15:45:40.000Z",
    "FR::48::lozere": "2025-10-25T15:45:40.000Z",
    "FR::50::manche": "2025-10-25T15:45:40.000Z",
    "MQ::island::martinique-volcano-and-anse": "2025-10-25T15:45:40.000Z",
    "FR::53::mayenne": "2025-10-25T15:45:40.000Z",
    "YT::lagoon::mayotte-ylang-lagoon": "2025-10-25T15:45:40.000Z",
    "FR::55::meuse": "2025-10-25T15:45:40.000Z",
    "FR::occitanie::villages-caches-midi-pyrenees": "2025-10-25T15:45:40.000Z",
    "FR::57::moselle": "2026-01-19T13:30:48.631Z",
    "FR::59::nord": "2025-10-25T15:45:40.000Z",
    "FR::hdf::haunted-hauts-de-france-2j-v2": "2025-10-26T07:28:54.000Z",
    "FR::NAQ::nouvelle-aquitaine-plus-beaux-villages-grande-boucle": "2025-11-03T09:07:36.000Z",
    "FR::occ::haunted-occitanie-4j-v2": "2025-10-26T07:28:54.000Z",
    "FR::61::orne": "2025-10-25T15:45:40.000Z",
    "FR::paca::haunted-provence-alpes-cote-azur-5j-v2": "2025-10-26T07:28:54.000Z",
    "FR::63::puy-de": "2025-10-25T15:45:40.000Z",
    "FR::64::pyrenees-atlantiques-7j-bearn-pays-basque": "2025-10-25T15:45:40.000Z",
    "FR::26-38::rhone-alpes": "2025-10-25T15:45:40.000Z",
    "FR::73::savoie": "2025-10-25T15:45:40.000Z",
    "FR::77::seine-et-marne": "2025-10-25T15:45:40.000Z",
    "FR::93::seine-saint-denis": "2025-10-25T15:45:40.000Z",
    "PF::society::tahiti-moorea-bora-raiatea": "2025-10-25T15:45:40.000Z",
    "FR::81::tarn": "2025-10-25T15:45:40.000Z",
    "FR::95::val-doise-impressionist-hills": "2025-10-25T15:45:40.000Z",
    "FR::30::ceze-ardeche-villages-et-sites-antiques": "2025-11-03T09:07:36.000Z",
    "FR::83::var": "2025-10-25T15:45:40.000Z",
    "FR::85::vendee": "2025-10-25T15:45:40.000Z",
    "FR::auvergne-rhone-alpes::volcans-routes-alpines-7j": "2025-10-25T15:45:40.000Z",
    "FR::bfc::vosges-du-sud-haute-saone-belfort": "2025-10-25T15:45:40.000Z",
    "FR::89::yonne": "2025-10-25T15:45:40.000Z",
    "FR::lr::languedoc-roussillon-classique": "2025-10-25T15:45:40.000Z",
    "FR::41::loir-et-cher": "2025-10-25T15:45:40.000Z",
    "FR::83::haut-var-10-villages": "2025-11-03T09:07:36.000Z",
    "FR::OCCIT::occitanie-13-plus-beaux-villages-route-des-joyaux": "2025-11-03T09:07:36.000Z",
    "FR::06::autour-de-nice-15-destinations": "2025-11-03T09:07:36.000Z",
    "FR::67-68::alsace-15-villages-de-caractere": "2025-11-03T09:07:36.000Z",
    "FR::BFC::bourgogne-15-villages-de-caractere": "2025-11-03T09:07:36.000Z",
    "FR::84::luberon-15-villages-classiques": "2025-11-03T09:07:36.000Z",
    "FR::07::ardeche-18-villages-de-caractere": "2025-11-03T09:07:36.000Z",
    "FR::NORM::normandie-20-plus-beaux-villages-mer-seine-bocage": "2025-11-03T09:07:36.000Z",
    "FR::temp_1763155913301": "2025-11-15T09:29:48.000Z",
    "FR::temp_1763241197906": "2025-11-16T09:13:18.000Z",
    "FR::temp_1763928498131": "2025-11-24T18:57:06.000Z",
    "FR::75::paris": "2026-01-19T11:57:13.050Z",
    "FR::75::paris-incontournables": "2025-10-25T15:45:40.000Z",
    "FR::alsace::best-christmas-markets": "2026-01-01T00:00:00.000Z",
    "FR::temp_1763239373924": "2025-11-16T09:13:18.000Z",
    "FR::idf::haunted-ile-de-france-3j-v2": "2025-10-26T07:28:54.000Z",
    "FR::75::paris-3-jours-incontournables": "2025-10-25T15:45:40.000Z",
    "FR::01::ain": "2025-10-25T15:45:40.000Z",
    "FR::03::allier": "2025-10-25T15:45:40.000Z",
    "FR::na::haunted-nouvelle-aquitaine-4j-v2": "2025-10-26T07:28:54.000Z",
    "FR::07::ardeche": "2025-10-25T15:45:40.000Z",
    "FR::08::ardennes": "2025-10-25T15:45:40.000Z",
    "FR::09::ariege": "2025-10-25T15:45:40.000Z",
    "FR::01-73::auvergne-rhone-alpes": "2025-10-25T15:45:40.000Z",
    "FR::12::aveyron": "2025-10-25T15:45:40.000Z",
    "FR::sud-ouest::bordeaux-toulouse": "2025-10-25T15:45:40.000Z",
    "FR::BFC::bourgogne-classique": "2025-10-25T15:45:40.000Z",
    "FR::bfc::haunted-bourgogne-franche-comte-3j-v2": "2025-10-26T07:28:54.000Z",
    "FR::BRE::bretagne-18-villages-mer-histoire": "2025-11-03T09:07:36.000Z",
    "FR::29-22::bretagne-5-jours-finistere-granit-rose": "2025-10-25T15:45:40.000Z",
    "FR::brn::haunted-bretagne-normandie-4j-v2": "2025-10-26T07:28:54.000Z",
    "FR::15::cantal": "2025-10-25T15:45:40.000Z",
    "FR::17::charente-maritime": "2025-01-24T15:00:00Z",
    "FR::19::correze": "2026-01-24T16:47:44.113Z",
    "FR::cor::haunted-corse-2j-v2": "2025-10-26T07:28:54.000Z",
    "FR::24::dordogne": "2025-10-25T15:45:40.000Z",
    "FR::04::pays-de-forcalquier-15-villages": "2025-11-03T09:07:36.000Z",
    "FR::temp_1763933007792": "2025-11-24T18:57:06.000Z",
    "FR::GE::grand-est-20-plus-beaux-villages-grande-boucle": "2025-11-03T09:07:36.000Z",
    "FR::2B::haute-corse": "2025-10-25T15:45:40.000Z",
    "FR::31::haute-garonne": "2025-01-25T15:00:00.000Z",
    "FR::43::haute-loire": "2025-10-25T15:45:40.000Z",
    "FR::05::hautes-alpes": "2025-10-25T15:45:40.000Z",
    "FR::74::haute-savoie": "2025-10-25T15:45:40.000Z",
    "FR::87::haute-vienne-perigord-limousin": "2025-10-25T15:45:40.000Z",
    "FR::68::haut-rhin": "2025-10-25T15:45:40.000Z",
    "FR::92::hauts-de-seine": "2025-10-25T15:45:40.000Z",
    "FR::34::herault": "2025-10-25T15:45:40.000Z",
    "FR::36::indre": "2025-01-25T15:45:40.000Z",
    "FR::40::landes": "2025-10-25T15:45:40.000Z",
    "FR::44::loire-atlantique": "2025-10-25T15:45:40.000Z",
    "FR::47::lot-et-garonne": "2025-10-25T15:45:40.000Z",
    "FR::auvergne-rhone-alpes::lyon-annecy-boucle": "2025-10-30T19:07:08.000Z",
    "FR::49::maine-et-loire": "2025-10-25T15:45:40.000Z",
    "FR::51::marne": "2025-10-25T15:45:40.000Z",
    "FR::54::meurthe-et-moselle": "2025-10-25T15:45:40.000Z",
    "FR::56::morbihan": "2025-10-25T15:45:40.000Z",
    "FR::58::nievre": "2025-10-25T15:45:40.000Z",
    "FR::normandie::roadtrip-15j": "2025-10-25T15:45:40.000Z",
    "FR::normandie::cote-10j": "2025-10-25T15:45:40.000Z",
    "FR::60::oise": "2025-10-25T15:45:40.000Z",
    "FR::paris-normandy-loire-bordeaux": "2025-10-25T15:45:40.000Z",
    "FR::62::pas-de-calais": "2025-10-25T15:45:40.000Z",
    "FR::paca::sud-france-2-weeks": "2025-10-25T15:45:40.000Z",
    "FR::30-84-13::sites-antiques-provence": "2025-10-25T15:45:40.000Z",
    "FR::64::pyrenees-atlantiques": "2025-10-25T15:45:40.000Z",
    "FR::66::pyrenees-orientales": "2025-10-25T15:45:40.000Z",
    "FR::26-38::royans-vercors-villages-et-balcons": "2025-11-03T09:07:36.000Z",
    "FR::72::sarthe": "2025-10-25T15:45:40.000Z",
    "FR::76::seine-maritime": "2026-01-19T12:07:54.701Z",
    "FR::80::somme": "2025-10-25T15:45:40.000Z",
    "FR::sud-est::roadtrip-sud-est-france": "2025-10-25T15:45:40.000Z",
    "FR::82::tarn-et-garonne": "2025-10-25T15:45:40.000Z",
    "FR::90::territoire-de-belfort": "2025-10-25T15:45:40.000Z",
    "FR::94::val-de-marne": "2025-10-25T15:45:40.000Z",
    "FR::84::vaucluse": "2025-10-25T15:45:40.000Z",
    "FR::86::vienne": "2025-10-25T15:45:40.000Z",
    "FR::63::auvergne-volcans": "2025-10-25T15:45:40.000Z",
    "FR::88::vosges": "2025-10-25T15:45:40.000Z",
    "FR::78::yvelines": "2025-10-25T15:45:40.000Z",
    "FR::88::route-des-abbayes-vosges": "2025-10-25T15:45:40.000Z",
    "FR::57::route-des-creches-de-noel-moselle": "2025-10-25T15:45:40.000Z",
    "FR::21::route-des-grands-crus": "2025-10-25T15:45:40.000Z",
    "FR::39::route-des-lacs-jura": "2025-10-25T15:45:40.000Z",
    "FR::65::grande-route-des-spas": "2025-10-25T15:45:40.000Z",
    "FR::fr::tour-complet-de-la-corse": "2026-01-01T00:00:00.000Z",
    "GF::coast-forest::guyane-space-and-wild": "2025-10-25T15:45:40.000Z",
    "NC::grand-terre::caledonia-reef-and-kanak": "2025-10-25T15:45:40.000Z",
    "MF::island::saint-martin-coves-and-peaks": "2025-10-25T15:45:40.000Z",
    "PM::islands::saint-pierre-miquelon-cliffs-and-capes": "2025-10-25T15:45:40.000Z",
    "WF::islands::wallis-futuna-lagoons-and-marae": "2025-10-25T15:45:40.000Z",
    "FR::paca::arriere-pays-nicois-grassois": "2026-01-27T12:00:00Z",
    "FR::65::circuit-hautes-pyrenees": "2026-02-02T11:28:12.019Z",
    "BL::island::st-barts-bays-and-hills": "2025-10-25T15:45:40.000Z",
    "GB::lieux-secrets-10j": "2025-10-24T07:14:36.000Z",
    "GB::temp_1763069527476": "2025-11-14T09:25:02.000Z",
    "GB::scotland::10d-classics": "2025-10-24T07:14:36.000Z",
    "GB::gastronomie-10j": "2025-10-24T07:14:36.000Z",
    "GB::lake-district-10j": "2025-10-24T07:14:36.000Z",
    "GB::temp_1763068487087": "2025-11-14T09:25:02.000Z",
    "GB::temp_1763068408765": "2025-11-14T09:25:02.000Z",
    "GB::sud-est-kent-10j": "2025-10-24T07:14:36.000Z",
    "GB::yorkshire-10j": "2025-10-24T07:14:36.000Z",
    "GB::cornwall::complete-discovery": "2026-01-01T00:00:00.000Z",
    "GB::dorset::jurassic-coast-discovery": "2026-01-01T00:00:00.000Z",
    "GB::grand-tour-21j": "2025-10-24T07:14:36.000Z",
    "GB::scottish-highlands::complete-discovery": "2026-01-01T00:00:00.000Z",
    "GB::gb::musees-et-galeries-majeurs-de-londres": "2026-01-01T00:00:00.000Z",
    "GB::gb::incontournables-de-l-est-de-l-angleterre": "2026-01-01T00:00:00.000Z",
    "GB::temp_1763067075297": "2025-11-14T09:25:02.000Z",
    "GB::temp_1763066328907": "2025-11-14T09:25:02.000Z",
    "GB::temp_1763064505251": "2025-11-14T09:25:02.000Z",
    "GB::temp_1763930220752": "2025-11-24T18:57:08.000Z",
    "GB::gb::5-day-road-trip-best-places-in-yorkshire": "2026-01-01T00:00:00.000Z",
    "GB::temp_1763069735970": "2025-11-14T09:25:02.000Z",
    "GB::wales::complete-discovery": "2026-01-01T00:00:00.000Z",
    "GB::LND::londres-3-jours-incontournables": "2025-10-24T07:14:36.000Z",
    "GB::incontournables-15j": "2025-10-24T07:14:36.000Z",
    "GB::user::GB::GB::lieux-secrets-10j": "2025-11-14T09:25:02.000Z",
    "GB::cotswolds-10j": "2025-10-24T07:14:36.000Z",
    "GB::est-anglia-10j": "2025-10-24T07:14:36.000Z",
    "GB::sct::scotland-3-weeks-classic": "2025-10-24T07:14:36.000Z",
    "GB::midlands-10j": "2025-10-24T07:14:36.000Z",
    "GB::sud-ouest-15j": "2025-10-24T07:14:36.000Z",
    "GB::temp_1763535842252": "2025-11-22T07:10:18.000Z",
    "GE::georgia::caucasus-heritage-trail": "2026-01-01T00:00:00.000Z",
    "GR::ioniennes-2": "2025-10-24T07:14:36.000Z",
    "GR::crete-2": "2025-10-24T07:14:36.000Z",
    "GR::crete::exploration-crete": "2025-10-24T07:14:36.000Z",
    "GR::cyclades-2": "2025-10-24T07:14:36.000Z",
    "GR::attique-2": "2025-10-24T07:14:36.000Z",
    "GR::dodecanese-2": "2025-10-24T07:14:36.000Z",
    "GR::eubee-1": "2025-10-24T07:14:36.000Z",
    "GR::peloponnese::grece-classique": "2025-10-24T07:14:36.000Z",
    "GR::peloponnese-2": "2025-10-24T07:14:36.000Z",
    "GR::gr::northern-greece-discovery-thessaloniki-ancient-macedonia-and-meteora": "2026-01-01T00:00:00.000Z",
    "GR::macedoine-2": "2025-10-24T07:14:36.000Z",
    "GR::cyclades::paros-naousa-naxos-koufonissia-schinoussa-ios-amorgos-iraklia-folegandros-santorini-sikinos-sifnos-kythnos-serifos-milos-kimolos-antiparos-paros-21j": "2025-10-24T07:14:36.000Z",
    "GR::macedonia-thrace::northern-greece-roadtrip": "2025-10-24T07:14:36.000Z",
    "GR::attique-1": "2025-10-24T07:14:36.000Z",
    "GR::crete-1": "2025-10-24T07:14:36.000Z",
    "GR::athenes-cyclades-classique": "2025-10-24T07:14:36.000Z",
    "GR::epire-centrale-peloponnese": "2025-10-24T07:14:36.000Z",
    "GR::ioniennes-1": "2025-10-24T07:14:36.000Z",
    "GR::macedoine-1": "2025-10-24T07:14:36.000Z",
    "GR::peloponnese-1": "2025-10-24T07:14:36.000Z",
    "GR::crete::sud-ouest-aventure": "2025-10-24T07:14:36.000Z",
    "GR::cyclades-athenes-santorini-mykonos-naxos": "2025-10-24T07:14:36.000Z",
    "GR::cyclades-1": "2025-10-24T07:14:36.000Z",
    "GR::dodecanese-1": "2025-10-24T07:14:36.000Z",
    "GR::sporades-1": "2025-10-24T07:14:36.000Z",
    "GT::10d::guatemala-adventure": "2025-10-24T07:14:36.000Z",
    "HR::continental::zagreb-slavonia": "2026-01-01T00:00:00.000Z",
    "HR::istria::pula-rovinj-interior": "2026-01-01T00:00:00.000Z",
    "HR::istria::secret-istria-hills": "2026-01-01T00:00:00.000Z",
    "HR::kvarner::opatija-krk-losinj-rab": "2026-01-01T00:00:00.000Z",
    "HR::south-dalmatia::split-to-dubrovnik": "2026-01-01T00:00:00.000Z",
    "HR::national-parks::plitvice-to-lastovo": "2026-01-01T00:00:00.000Z",
    "HR::slavonia::zagreb-to-slavonski-brod": "2026-01-01T00:00:00.000Z",
    "HR::south-dalmatia::split-to-hvar": "2026-01-01T00:00:00.000Z",
    "HR::south-dalmatia::vis-to-dubrovnik": "2026-01-01T00:00:00.000Z",
    "HR::dalmatia-north::zadar-sibenik-krka": "2026-01-01T00:00:00.000Z",
    "HU::pest::autour-de-budapest": "2025-10-30T19:07:08.000Z",
    "HU::country::hongrie-ouest-est-classiques": "2025-10-30T19:07:08.000Z",
    "HU::hu::hongrie-grand-tour-8j": "2025-10-30T19:07:08.000Z",
    "HU::budapest::patrimoine": "2026-01-01T00:00:00.000Z",
    "ID::bali-java::decouverte-indonesie": "2025-10-24T07:14:36.000Z",
    "ID::borneo-java-bali-expedition": "2025-10-24T07:14:36.000Z",
    "ID::temp_1763498674893": "2025-11-22T07:10:18.000Z",
    "ID::temp_1763497793979": "2025-11-22T07:10:18.000Z",
    "ID::multi::java-bali-lombok-flores-komodo-14j": "2025-10-24T07:14:36.000Z",
    "ID::ba::bali-lombok-aventure-tropicale": "2025-10-24T07:14:36.000Z",
    "ID::temp_1763498111541": "2025-11-22T07:10:18.000Z",
    "ID::temp_1763499485511": "2025-11-22T07:10:18.000Z",
    "ID::bali::best-of-15d": "2025-10-24T07:14:36.000Z",
    "ID::id::top-14-best-places-to-visit-in-kalimantan-indonesia": "2026-01-01T00:00:00.000Z",
    "IE::gastronomie-10j": "2025-10-24T07:14:36.000Z",
    "IE::grand-tour-21j": "2025-10-24T07:14:36.000Z",
    "IE::incontournables-15j": "2025-10-24T07:14:36.000Z",
    "IE::lieux-secrets-10j": "2025-10-24T07:14:36.000Z",
    "IL::temp_1763798177192": "2025-11-22T07:58:28.000Z",
    "IN::south-india::hampi-goa-kochi-coimbatore-loop": "2025-10-24T07:14:36.000Z",
    "IN::kerala-karnataka-tamilnadu::southern-india-essentials": "2025-10-24T07:14:36.000Z",
    "IN::kerala::one-week-classic": "2025-10-24T07:14:36.000Z",
    "IN::temp_1763500289554": "2025-11-22T07:10:18.000Z",
    "IN::RJ::rajasthan-heritage-loop": "2025-10-24T07:14:36.000Z",
    "IN::RJ::rajasthan-forts-lakes-taj-delhi": "2025-10-24T07:14:36.000Z",
    "IN::TN-KL::tamil-nadu-kerala-essentiels": "2025-10-24T07:14:36.000Z",
    "IS::nord::roadtrip-10j": "2025-10-24T07:14:36.000Z",
    "IS::ringroad::islande-circulaire": "2025-10-24T07:14:36.000Z",
    "IT::toscana::firenze-dintorni": "2026-01-01T00:00:00.000Z",
    "IT::toscana::arezzo-borghi-casentino": "2026-01-01T00:00:00.000Z",
    "IT::lazio::ciociaria-abbayes": "2026-01-01T00:00:00.000Z",
    "IT::toscana::province-sienne": "2026-01-01T00:00:00.000Z",
    "IT::toscana::costa-etruschi-livorno": "2026-01-01T00:00:00.000Z",
    "IT::emilia-romagna::piacenza-colli-castelli": "2026-01-01T00:00:00.000Z",
    "IT::dolomiti::merano-carezza-funes-ortisei-cortina-braies-5j": "2025-10-25T15:45:40.000Z",
    "IT::north-south::italy-roadtrip": "2025-10-25T15:45:40.000Z",
    "IT::liguria-piemonte::riviera-alps-5-escapes": "2025-10-25T15:45:40.000Z",
    "IT::nord-centre::italie-2-semaines-classiques": "2025-10-25T15:45:40.000Z",
    "IT::italie-nord-semaine": "2025-10-25T15:45:40.000Z",
    "IT::calabria::roadtrip-9j": "2025-10-26T07:28:54.000Z",
    "IT::sardegna::nord-cotes": "2026-01-01T00:00:00.000Z",
    "IT::umbria::borghi-nascosti": "2026-01-01T00:00:00.000Z",
    "IT::piemonte::torino-langhe-monferrato": "2026-01-01T00:00:00.000Z",
    "IT::puglia::pouilles-10-jours-salento-vallee-itria": "2025-10-25T15:45:40.000Z",
    "IT::lazio::borghi-latina": "2026-01-01T00:00:00.000Z",
    "IT::toscana::borghi-lucchesi": "2026-01-01T00:00:00.000Z",
    "IT::toscana::borghi-pistoia": "2026-01-01T00:00:00.000Z",
    "IT::toscana::prato-mediceo": "2026-01-01T00:00:00.000Z",
    "IT::lazio::rieti-valle-santa-terminillo": "2026-01-01T00:00:00.000Z",
    "IT::emilia-romagna::rimini-entroterra": "2026-01-01T00:00:00.000Z",
    "IT::lazio::tuscia-viterbese": "2026-01-01T00:00:00.000Z",
    "IT::friuli::udine-dintorni": "2026-01-01T00:00:00.000Z",
    "IT::piemonte::six-vallees-piemont": "2025-10-25T15:45:40.000Z",
    "IT::veneto::vicenza-ville-palladiane": "2026-01-01T00:00:00.000Z",
    "IT::lazio::grand-tour-lazio": "2026-01-01T00:00:00.000Z",
    "IT::toscana::30-tesori-firenze": "2026-01-01T00:00:00.000Z",
    "IT::parma::castles-mountains-labyrinths": "2026-01-01T00:00:00.000Z",
    "IT::temp_1763062939055": "2025-11-14T09:25:02.000Z",
    "IT::bologna::natura-10-incontournables": "2026-01-01T00:00:00.000Z",
    "IT::plages-cachees": "2025-10-25T15:45:40.000Z",
    "IT::friuli-venezia-giulia::12-incontournables": "2026-01-01T00:00:00.000Z",
    "IT::lazio::borghi-roma": "2026-01-01T00:00:00.000Z",
    "IT::campanie::cote-amalfitaine-3-jours": "2025-10-25T15:45:40.000Z",
    "IT::toscana::5-borghi-grosseto": "2026-01-01T00:00:00.000Z",
    "IT::toscana::10-borghi-pisa": "2026-01-01T00:00:00.000Z",
    "IT::toscana::20-borghi-senesi": "2026-01-01T00:00:00.000Z",
    "IT::temp_1763239775915": "2025-11-16T09:13:18.000Z",
    "IT::marche::borghi-nascosti": "2026-01-01T00:00:00.000Z",
    "IT::abruzzo::borghi-piu-belli": "2026-01-01T00:00:00.000Z",
    "IT::temp_1763240408541": "2025-11-16T09:13:18.000Z",
    "IT::trieste::guide-complete-7-jours": "2026-01-01T00:00:00.000Z",
    "IT::calabria::sud-tyrrhenienne-ionienne": "2025-10-26T07:28:54.000Z",
    "IT::campania::cote-amalfitaine": "2025-10-25T15:45:40.000Z",
    "IT::lombardie::roadtrip-lacs-italiens": "2025-10-25T15:45:40.000Z",
    "IT::nord-italie::lacs-et-dolomites": "2025-10-25T15:45:40.000Z",
    "IT::puglia::sud-et-vallee-itria": "2025-10-25T15:45:40.000Z",
    "IT::toscana-liguria::toscane-chianti-cinque-terre-13j": "2025-10-25T15:45:40.000Z",
    "IT::RM::rome-3j-one-visit-per-day": "2025-10-25T15:45:40.000Z",
    "IT::padova::veneto-grand-tour": "2026-01-01T00:00:00.000Z",
    "IT::sardegna::12-plus-belles-villes": "2026-01-01T00:00:00.000Z",
    "IT::sicilia::top15-tour-complet": "2026-01-01T00:00:00.000Z",
    "IT::lombardia-piemonte-veneto::milano-grandi-laghi-verona": "2026-01-01T00:00:00.000Z",
    "JO::grand-tour-jordanie-9j": "2025-10-24T07:14:36.000Z",
    "JP::hokkaido::sapporo-nature": "2025-10-24T07:14:36.000Z",
    "JP::nationwide::japan-21d-train-classic": "2025-10-24T07:14:36.000Z",
    "JP::jp::kanto-fleurs-spectaculaires-et-paysages-naturels-uniques": "2026-01-01T00:00:00.000Z",
    "JP::temp_1765137185516": "2026-01-01T00:00:00.000Z",
    "JP::temp_1765136572188": "2026-01-01T00:00:00.000Z",
    "JP::temp_1765136852375": "2026-01-01T00:00:00.000Z",
    "JP::japan::tokyo-to-osaka-discovery": "2026-01-01T00:00:00.000Z",
    "JP::temp_1765136417727": "2026-01-01T00:00:00.000Z",
    "JP::train-3weeks": "2025-10-24T07:14:36.000Z",
    "JP::temp_1765137050244": "2026-01-01T00:00:00.000Z",
    "JP::temp_1765136706139": "2026-01-01T00:00:00.000Z",
    "JP::temp_1765137272194": "2026-01-01T00:00:00.000Z",
    "KH::cambodge::roadtrip-2semaines": "2025-10-26T07:28:54.000Z",
    "KH::cambodge::circuit-14j-phnom-penh-angkor-koh-rong": "2025-10-26T07:28:54.000Z",
    "KH::boucle-du-sourire::phnom-penh-battambang-siem-reap": "2025-10-26T07:28:54.000Z",
    "KR::seoul-busan-classiques": "2025-10-26T07:28:54.000Z",
    "KR::coree-du-sud::roadtrip-3-semaines": "2025-10-26T07:28:54.000Z",
    "KZ::temp_1763588571858": "2025-11-22T07:10:20.000Z",
    "LA::centre-est::histoire-guerre-secrete-10j": "2026-01-01T00:00:00.000Z",
    "LA::complete::temples-cascades-mekong-14j": "2026-01-01T00:00:00.000Z",
    "LA::nord::slow-boat-gibbon-10j": "2026-01-01T00:00:00.000Z",
    "LA::nord::nature-aventure-ethnies-8j": "2026-01-01T00:00:00.000Z",
    "LA::nord::extreme-nord-the-ethnies-9j": "2026-01-01T00:00:00.000Z",
    "LA::nord::classique-nord-sud": "2026-01-01T00:00:00.000Z",
    "LK::sri-lanka::triangle-culturel-plages": "2026-01-01T00:00:00.000Z",
    "LK::ALL::saveurs-epicees": "2025-10-24T07:14:36.000Z",
    "LK::southwest-srilanka::perfect-10d": "2025-10-24T07:14:36.000Z",
    "LK::NCP::triangle-culturel": "2025-10-24T07:14:36.000Z",
    "LK::SP::cotes-nature": "2025-10-24T07:14:36.000Z",
    "LK::ALL::chemins-secrets": "2025-10-24T07:14:36.000Z",
    "LK::ALL::sri-lanka-complet": "2025-10-24T07:14:36.000Z",
    "LT::lt::lithuania-discovery-historic-cities-sacred-hills-and-baltic-dunes": "2026-01-01T00:00:00.000Z",
    "LV::lv::latvia-unveiled-castles-coastal-gems-and-hidden-soviet-secrets": "2026-01-01T00:00:00.000Z",
    "MA::north-central::morocco-10d-roadtrip": "2025-10-24T07:14:36.000Z",
    "MD::chisinau::soviet-heritage-wine-cellars": "2026-01-01T00:00:00.000Z",
    "ME::montenegro::fjords-mountains-adriatic": "2026-01-01T00:00:00.000Z",
    "MG::madagascar::ouest-est-sainte-marie": "2025-10-30T19:07:10.000Z",
    "MG::diana::nord-madagascar-baies-ankarana-nosy-be": "2025-10-30T19:07:10.000Z",
    "MN::gobi-orkhon-khovsgol-15j": "2025-10-26T07:28:54.000Z",
    "MN::all::ouest-gobi-nord": "2025-10-26T07:28:54.000Z",
    "MU::ile-maurice::nord-sud-10j": "2025-10-30T19:07:10.000Z",
    "MU::ile-maurice---circuit-complet::15d": "2025-10-24T07:14:36.000Z",
    "MX::yucatan-oaxaca-cdmx-reverse": "2025-10-24T07:14:36.000Z",
    "MX::yucatan-chiapas-oaxaca-mexico-loop": "2025-10-24T07:14:36.000Z",
    "MX::baja-california-roadtrip": "2025-10-24T07:14:36.000Z",
    "MX::multi-state::yucatan-to-cdmx-reverse-grand-tour": "2025-10-24T07:14:36.000Z",
    "MY::peninsule-borneo::malaisie-15-jours-classique": "2025-10-24T07:14:36.000Z",
    "NA::namibie::circuit-parfait-15j-4x4-tente": "2026-01-17T16:00:00Z",
    "NA::safaris::namibie-botswana-okavango": "2026-01-19T12:00:00Z",
    "NA::damaraland-kaokoland": "2025-10-24T07:14:36.000Z",
    "NI::national::fleuves-lagunes-deux-cotes": "2026-01-01T00:00:00.000Z",
    "NI::national::grande-boucle-17j": "2026-01-01T00:00:00.000Z",
    "NI::national::route-eau-19j": "2026-01-01T00:00:00.000Z",
    "NL::randstad::hollande-4j-amsterdam-utrecht-kennemer-zaanse": "2025-10-30T19:07:10.000Z",
    "NL::holland::plus-beaux-endroits": "2026-01-01T00:00:00.000Z",
    "NL::temp_1763930810571": "2025-11-24T18:57:06.000Z",
    "NL::holland::hidden-treasures": "2026-01-01T00:00:00.000Z",
    "NL::pays-bas::route-des-tulipes": "2025-10-30T19:07:10.000Z",
    "NO::oslo-vestland::oslo-to-bergen-fjords": "2025-10-24T07:14:36.000Z",
    "NZ::north-south::two-week-roadtrip": "2025-10-24T07:14:36.000Z",
    "NZ::full-country::new-zealand-1month-roadtrip": "2025-10-24T07:14:36.000Z",
    "NZ::temp_1763588489207": "2025-11-22T07:10:20.000Z",
    "OM::oman-classiques-10j": "2025-10-30T19:07:10.000Z",
    "PA::pa::panama-16j-caraibes-pacifique": "2025-10-30T19:07:10.000Z",
    "PA::panama::panama-bocas-del-toro": "2025-10-30T19:07:10.000Z",
    "PE::south::classic-2-weeks": "2025-10-24T07:14:36.000Z",
    "PE::sud-perou::classique-2-3-semaines": "2025-10-24T07:14:36.000Z",
    "PE::norte::ultimate-peruvian-roadtrip": "2025-10-24T07:14:36.000Z",
    "PF::societe-tuamotu-polynesie": "2025-10-26T07:28:54.000Z",
    "PF::pf-polynesie-francaise::1mois-archipels": "2025-10-26T07:28:54.000Z",
    "PF::societe::polynesie-confidentielle": "2025-10-26T07:28:54.000Z",
    "PH::palawan::coron-el-nido-port-barton-puerto-princesa": "2025-10-24T07:14:36.000Z",
    "PH::multi::philippines-discovery": "2025-10-24T07:14:36.000Z",
    "PL::MA::cracovie-tatra": "2025-10-24T07:14:36.000Z",
    "PL::gastronomie-10j": "2025-10-24T07:14:36.000Z",
    "PL::indispensables-15j": "2025-10-24T07:14:36.000Z",
    "PL::chemins-secrets-10j": "2025-10-24T07:14:36.000Z",
    "PL::MZ::varsovie-masovie": "2025-10-24T07:14:36.000Z",
    "PL::pomerania::family-adventure": "2026-01-01T00:00:00.000Z",
    "PL::PM::cote-baltique": "2025-10-24T07:14:36.000Z",
    "PL::pl::poland-complete-medieval-cities-baltic-coast-and-mountain-peaks": "2026-01-01T00:00:00.000Z",
    "PT::alentejo::patrimonio-unesco-vilas-medievais": "2026-01-01T00:00:00.000Z",
    "PT::beira-interior::serra-estrela-patrimonio": "2026-01-01T00:00:00.000Z",
    "PT::pt::lisbon-escape-historic-treasures-tagus-views-and-royal-palaces": "2026-01-01T00:00:00.000Z",
    "PT::pt::portugal-grand-tour-best-places-to-visit": "2026-01-01T00:00:00.000Z",
    "PT::temp_1763754260606": "2025-11-22T07:10:20.000Z",
    "PT::centro-alentejo::heritage-trail": "2026-01-01T00:00:00.000Z",
    "PT::pt::portugal-grand-tour-from-lisbon-s-hills-to-the-wild-north": "2026-01-01T00:00:00.000Z",
    "PT::tras-os-montes-douro::patrimonio-natureza": "2026-01-01T00:00:00.000Z",
    "PY::paraguay::classique-15j": "2025-10-30T19:07:10.000Z",
    "RO::constanta::black-sea-ancient-tomis": "2026-01-01T00:00:00.000Z",
    "RO::ro-roadtrip-10j-roumanie-transylvanie-bucovine-maramures-bucarest": "2025-10-26T07:28:54.000Z",
    "RS::temp_1763532483015": "2025-11-22T07:10:20.000Z",
    "SE::temp_1765139340144": "2026-01-01T00:00:00.000Z",
    "SE::south-to-lapland::coast-to-arctic-camper": "2025-10-24T07:14:36.000Z",
    "SE::temp_1765139605733": "2026-01-01T00:00:00.000Z",
    "SE::norrland::stockholm-abisko-narvik-lofoten": "2025-10-24T07:14:36.000Z",
    "SI::si::treasures-of-slovenia-from-the-julian-alps-to-the-adriatic-coast": "2026-01-01T00:00:00.000Z",
    "SK::sk::slovak-treasures-castles-mountains-and-medieval-towns": "2026-01-01T00:00:00.000Z",
    "SV::el-salvador::une-semaine": "2025-10-30T19:07:10.000Z",
    "SV::el-salvador::decouverte-integrale": "2025-10-30T19:07:10.000Z",
    "TH::south::roadtrip-from-hua-hin-to-malaysian-border": "2025-10-24T07:14:36.000Z",
    "TH::central::thailand-15d": "2025-10-24T07:14:36.000Z",
    "TH::north::ultimate-northern-thailand-roadtrip": "2025-10-24T07:14:36.000Z",
    "TH::thailand::best-of-thailand-2-weeks": "2025-10-24T07:14:36.000Z",
    "TM::temp_1763588840588": "2025-11-22T07:10:20.000Z",
    "TR::country::turkey-2weeks": "2025-10-24T07:14:36.000Z",
    "TR::temp_1763500845801": "2025-11-22T07:10:20.000Z",
    "TR::IST::istanbul-1-visite-par-jour": "2025-10-24T07:14:36.000Z",
    "TR::roadtrip-troy-cappadocia": "2025-10-24T07:14:36.000Z",
    "TR::cappadoce::classique-6j": "2025-10-30T19:07:10.000Z",
    "TZ::centre-nord::tanzanie-hors-sentiers": "2025-10-24T07:14:36.000Z",
    "TZ::northern-circuit::tanzania-adventure": "2025-10-24T07:14:36.000Z",
    "TZ::tanzania-zanzibar-safari": "2025-10-24T07:14:36.000Z",
    "US::temp_1763755403732": "2025-11-22T07:10:20.000Z",
    "US::ut::desert-canyon-minis": "2025-10-24T07:14:36.000Z",
    "US::connecticut::coastal-charm-countryside": "2026-01-01T00:00:00.000Z",
    "US::NY::empire-state-route": "2025-10-24T07:14:36.000Z",
    "US::tx-farwest::roadtrip-farwest-texas": "2025-10-30T19:07:10.000Z",
    "US::florida-keys-roadtrip": "2025-10-30T19:07:10.000Z",
    "US::mi::great-lakes-east": "2025-10-24T07:14:36.000Z",
    "US::in::road-trip-indiana-9j": "2025-10-30T19:07:10.000Z",
    "US::kansas::sunflower-heartland-odyssey": "2026-01-01T00:00:00.000Z",
    "US::MT::big-sky-wilderness": "2025-10-24T07:14:36.000Z",
    "US::OR::pacific-cascades": "2025-10-24T07:14:36.000Z",
    "US::tx-nm::desert-parks": "2025-10-24T07:14:36.000Z",
    "US::mt::northern-rockies-loop": "2025-10-24T07:14:36.000Z",
    "US::co::rocky-mountain-front": "2025-10-24T07:14:36.000Z",
    "US::ca::sierra-north-loop": "2025-10-24T07:14:36.000Z",
    "US::WA::emerald-state-adventure": "2025-10-24T07:14:36.000Z",
    "US::alaska::grand-wilderness-circuit": "2026-01-01T00:00:00.000Z",
    "US::arizona::grand-loop": "2025-10-24T07:14:36.000Z",
    "US::california::golden-state-odyssey": "2026-01-01T00:00:00.000Z",
    "US::florida::sunshine-state-odyssey": "2026-01-01T00:00:00.000Z",
    "US::utah::mighty-five": "2025-10-24T07:14:36.000Z",
    "US::temp_1763929065422": "2025-11-24T18:57:08.000Z",
    "US::temp_1763755215758": "2025-11-22T07:10:20.000Z",
    "US::temp_1763755497345": "2025-11-22T07:10:20.000Z",
    "US::temp_1763755910717": "2025-11-22T07:10:20.000Z",
    "US::temp_1763929902060": "2025-11-24T18:57:08.000Z",
    "US::new-mexico::enchanted-land-complete": "2026-01-01T00:00:00.000Z",
    "US::new-mexico::desert-culture-trail": "2026-01-01T00:00:00.000Z",
    "US::alabama::deep-south-discovery": "2026-01-01T00:00:00.000Z",
    "US::alaska::interior-compact": "2025-10-24T07:14:36.000Z",
    "US::appalachia::heritage-loop": "2025-10-24T07:14:36.000Z",
    "US::arkansas::natural-wonders-trail": "2026-01-01T00:00:00.000Z",
    "US::CA::pacific-coast-highway": "2025-10-24T07:14:36.000Z",
    "US::ca::california-roadtrip-14d": "2025-10-24T07:14:36.000Z",
    "US::north-carolina::southern-charm-adventure": "2026-01-01T00:00:00.000Z",
    "US::south-carolina::lowcountry-to-blue-ridge": "2026-01-01T00:00:00.000Z",
    "US::il-mo-tn-ms-la::chicago-to-new-orleans": "2025-10-30T19:07:10.000Z",
    "US::mw-south::chicago-new-orleans": "2025-10-30T19:07:10.000Z",
    "US::la-ms::deep-south-delta": "2025-10-24T07:14:36.000Z",
    "US::southwest::desert-loop": "2025-10-24T07:14:36.000Z",
    "US::ca-nv::pacific-desert-edge": "2025-10-24T07:14:36.000Z",
    "US::FL::sunshine-state-loop": "2025-10-24T07:14:36.000Z",
    "US::georgia::peach-state-grand-tour": "2026-01-01T00:00:00.000Z",
    "US::ia::iowa-road-trip-boucle": "2025-10-30T19:07:10.000Z",
    "US::LA::bayou-jazz-heritage": "2025-10-24T07:14:36.000Z",
    "US::la::roadtrip-louisiane": "2025-10-24T07:14:36.000Z",
    "US::temp_1763837932006": "2025-11-24T18:57:08.000Z",
    "US::NV::desert-neon-dreams": "2025-10-24T07:14:36.000Z",
    "US::california::grand-loop": "2025-10-24T07:14:36.000Z",
    "US::ca::sierra-foothills-circuit": "2025-10-24T07:14:36.000Z",
    "US::TN::music-mountains": "2025-10-24T07:14:36.000Z",
    "US::southwest::ut-az-ultimates": "2025-10-30T19:07:10.000Z",
    "US::us66::route-66-chicago-to-santa-monica-14j": "2025-10-24T07:14:36.000Z",
    "US::temp_1763534891211": "2025-11-22T07:10:20.000Z",
    "US::us::thelma-et-louise-fuite-vers-le-grand-canyon": "2026-01-01T00:00:00.000Z",
    "US::temp_1763531485716": "2025-11-22T07:10:20.000Z",
    "US::texas::lone-star-grand-tour": "2026-01-01T00:00:00.000Z",
    "US::HI::aloha-islands": "2025-10-24T07:14:36.000Z",
    "UZ::temp_1763588745496": "2025-11-22T07:10:20.000Z",
    "VN::temp_1765137716397": "2026-01-01T00:00:00.000Z",
    "VN::temp_1765138126782": "2026-01-01T00:00:00.000Z",
    "VN::north-central-south::vietnam-classique-15j": "2025-10-24T07:14:36.000Z",
    "VN::temp_1765138163511": "2026-01-01T00:00:00.000Z",
    "VN::temp_1765137926717": "2026-01-01T00:00:00.000Z",
    "VN::vietnam::15-jours-classique-nord-centre-sud": "2025-10-24T07:14:36.000Z",
    "ZA::gauteng::nature-heritage-discovery": "2026-01-01T00:00:00.000Z",
    "ZA::eastern-cape::iconic-adventure-trail": "2026-01-01T00:00:00.000Z",
    "ZA::northern-cape::desert-diamonds-stars": "2026-01-01T00:00:00.000Z",
    "ZA::free-state::highlands-heritage-trail": "2026-01-01T00:00:00.000Z",
    "ZA::mpumalanga::panorama-kruger-discovery": "2026-01-01T00:00:00.000Z",
    "ZA::north-west::safari-adventure-heritage": "2026-01-01T00:00:00.000Z",
    "ZA::western-cape::coastal-nature-trail": "2026-01-01T00:00:00.000Z",
    "ZA::limpopo::wilderness-safari-circuit": "2026-01-01T00:00:00.000Z"
  }
}