{
  "CZ::prague": {
    "type": "large_city",
    "names": {
      "fr": "Prague",
      "en": "Prague",
      "es": "Praga",
      "de": "Prag",
      "nl": "Praag",
      "ar": "براغ",
      "ko": "프라하",
      "ru": "Прага",
      "tr": "Prag",
      "pl": "Praga",
      "it": "Praga",
      "pt": "Praga",
      "zh": "布拉格",
      "ja": "プラハ",
      "hi": "प्राग"
    }
  },
  "CZ::brno": {
    "type": "medium_city",
    "names": {
      "de": "Brünn",
      "ar": "برنو",
      "zh": "布爾諾",
      "ja": "ブルノ",
      "ko": "브르노",
      "ru": "Брно",
      "fr": "Brno",
      "en": "Brno",
      "es": "Brno",
      "it": "Brno",
      "pt": "Brno",
      "nl": "Brno",
      "hi": "ब्रनो",
      "tr": "Brno",
      "pl": "Brno"
    }
  },
  "CZ::cesky-krumlov": {
    "type": "small_city",
    "names": {
      "de": "Krumau",
      "ru": "Чески-Крумлов",
      "pl": "Czeski Krumlov",
      "fr": "Český Krumlov",
      "en": "Český Krumlov",
      "es": "Český Krumlov",
      "it": "Český Krumlov",
      "pt": "Český Krumlov",
      "nl": "Český Krumlov",
      "ar": "تشيسكي كروملوف",
      "zh": "捷克克鲁姆洛夫",
      "ja": "チェスキー・クルムロフ",
      "ko": "체스키크룸로프",
      "hi": "चेस्की क्रमलोव",
      "tr": "Český Krumlov"
    }
  },
  "CZ::pec-pod-snezkou": {
    "type": "medium_city",
    "names": {
      "de": "Petzer",
      "fr": "Pec pod Sněžkou",
      "en": "Pec pod Sněžkou",
      "es": "Pec pod Sněžkou",
      "it": "Pec pod Sněžkou",
      "pt": "Pec pod Sněžkou",
      "nl": "Pec pod Sněžkou",
      "pl": "Pec pod Sněžkou"
    }
  },
  "CZ::sumava": {
    "type": "medium_city",
    "names": {
      "_default": "Sumava",
      "fr": "forêt de Bohême",
      "en": "Bohemian Forest",
      "es": "Selva de Bohemia",
      "it": "Selva Boema",
      "de": "Böhmerwald",
      "nl": "Boheemse Woud",
      "ar": "شومافا",
      "zh": "波希米亚森林",
      "ja": "ベーマーの森",
      "ru": "Шумава",
      "pl": "Szumawa"
    }
  },
  "CZ::ceske-budejovice": {
    "type": "small_city",
    "names": {
      "fr": "České Budějovice",
      "en": "České Budějovice",
      "es": "České Budějovice",
      "de": "Budweis",
      "ar": "تشيسكي بوديوفيتسه",
      "zh": "捷克布杰约维采",
      "ja": "チェスケー・ブジェヨヴィツェ",
      "ko": "체스케부데요비체",
      "ru": "Ческе-Будеевице",
      "pl": "Czeskie Budziejowice",
      "it": "České Budějovice",
      "pt": "České Budějovice",
      "nl": "České Budějovice",
      "hi": "चेक बुदजोवीस",
      "tr": "České Budějovice"
    }
  },
  "CZ::karlovy-vary": {
    "type": "medium_city",
    "names": {
      "fr": "Carlsbad",
      "en": "Karlovy Vary",
      "de": "Karlsbad",
      "nl": "Karlsbad",
      "ar": "كارلوفي فاري",
      "zh": "卡罗维发利",
      "ja": "カルロヴィ・ヴァリ",
      "ko": "카를로비바리",
      "ru": "Карловы Вары",
      "pl": "Karlowe Wary",
      "es": "Karlovy Vary",
      "it": "Karlovy Vary",
      "pt": "Karlovy Vary",
      "hi": "कार्लवी वेरी",
      "tr": "Karlovy Vary"
    }
  },
  "CZ::kutna-hora": {
    "type": "medium_city",
    "names": {
      "de": "Kuttenberg",
      "ru": "Кутна-Гора",
      "fr": "Kutná Hora",
      "en": "Kutná Hora",
      "es": "Kutná Hora",
      "it": "Kutná Hora",
      "pt": "Kutná Hora",
      "nl": "Kutná Hora",
      "ar": "كوتنا هورا",
      "zh": "库特纳霍拉",
      "ja": "クトナー・ホラ",
      "ko": "쿠트나호라",
      "hi": "कुटना होरा",
      "tr": "Kutná Hora",
      "pl": "Kutná Hora"
    }
  },
  "CZ::mikulov": {
    "type": "medium_city",
    "names": {
      "de": "Nikolsburg",
      "ru": "Микулов",
      "fr": "Mikulov",
      "en": "Mikulov",
      "es": "Mikulov",
      "it": "Mikulov",
      "pt": "Mikulov",
      "nl": "Mikulov",
      "ar": "ميكولوف",
      "zh": "米庫洛夫",
      "ja": "ミクロフ",
      "ko": "미쿨로프",
      "tr": "Nikolsburg",
      "pl": "Mikulov"
    }
  },
  "CZ::telc": {
    "type": "small_city",
    "names": {
      "de": "Teltsch",
      "ru": "Тельч",
      "pl": "Telcz",
      "fr": "Telč",
      "en": "Telč",
      "es": "Telč",
      "it": "Telč",
      "pt": "Telč",
      "nl": "Telč",
      "zh": "泰尔奇",
      "ja": "テルチ",
      "ko": "텔치",
      "hi": "टेल्च",
      "tr": "Telč"
    }
  },
  "CZ::valtice": {
    "type": "small_city",
    "names": {
      "de": "Feldsberg",
      "ru": "Вальтице",
      "fr": "Valtice",
      "en": "Valtice",
      "es": "Valtice",
      "it": "Valtice",
      "pt": "Valtice",
      "nl": "Valtice",
      "ar": "فالتيس",
      "zh": "瓦爾季采",
      "ja": "ヴァルチツェ",
      "ko": "발티체",
      "pl": "Valtice"
    }
  },
  "CZ::liberec": {
    "type": "small_city",
    "names": {
      "de": "Reichenberg",
      "ar": "ليبيريتس",
      "ru": "Либерец",
      "fr": "Liberec",
      "en": "Liberec",
      "es": "Liberec",
      "it": "Liberec",
      "pt": "Liberec",
      "nl": "Liberec",
      "zh": "利贝雷茨",
      "ja": "リベレツ",
      "ko": "리베레츠",
      "hi": "लिबेरिक",
      "tr": "Liberec",
      "pl": "Liberec"
    }
  },
  "CZ::cesky-raj": {
    "type": "medium_city",
    "names": {
      "_default": "Český ráj",
      "en": "Český ráj Protected Landscape Area"
    }
  },
  "CZ::karlstejn": {
    "type": "medium_city",
    "names": {
      "de": "Karlstein",
      "fr": "Karlštejn",
      "en": "Karlštejn",
      "es": "Karlštejn",
      "it": "Karlštejn",
      "pt": "Karlštejn",
      "nl": "Karlštejn",
      "zh": "卡爾斯坦",
      "ru": "Карлштейн",
      "pl": "Karlštejn (kraj środkowoczeski)"
    }
  },
  "CZ::konopiste": {
    "type": "medium_city",
    "names": {
      "de": "Konopischt",
      "fr": "Konopiště",
      "en": "Konopiště",
      "ru": "Конопиште"
    }
  },
  "CZ::prachovske-skaly": {
    "type": "small_city",
    "names": {
      "_default": "Prachovské skály"
    }
  },
  "CZ::velke-pavlovice": {
    "type": "village",
    "names": {
      "de": "Groß Pawlowitz",
      "fr": "Velké Pavlovice",
      "en": "Velké Pavlovice",
      "es": "Velké Pavlovice",
      "it": "Velké Pavlovice",
      "pt": "Velké Pavlovice",
      "nl": "Velké Pavlovice",
      "zh": "大帕夫洛維采",
      "ru": "Вельке-Павловице",
      "pl": "Velké Pavlovice"
    }
  }
}