{
  "CA::toronto": {
    "type": "medium_city",
    "names": {
      "fr": "Toronto",
      "en": "Toronto",
      "es": "Toronto",
      "pt": "Toronto",
      "de": "Toronto",
      "ar": "تورونتو",
      "ja": "トロント",
      "ko": "토론토",
      "ru": "Торонто",
      "hi": "टॊरॊंटो",
      "pl": "Toronto",
      "it": "Toronto",
      "nl": "Toronto",
      "zh": "多伦多",
      "tr": "Toronto"
    }
  },
  "CA::vancouver": {
    "type": "small_city",
    "names": {
      "fr": "Vancouver",
      "en": "Vancouver",
      "es": "Vancouver",
      "it": "Vancouver",
      "de": "Vancouver",
      "ar": "فانكوفر",
      "zh": "溫哥華",
      "ja": "バンクーバー",
      "ko": "밴쿠버",
      "ru": "Ванкувер",
      "hi": "वांकूवर",
      "pt": "Vancouver",
      "nl": "Vancouver",
      "tr": "Vancouver",
      "pl": "Vancouver"
    }
  },
  "CA::quebec-city": {
    "type": "medium_city",
    "names": {
      "fr": "Québec",
      "en": "Quebec",
      "es": "Quebec",
      "it": "Québec",
      "pt": "Quebec",
      "de": "Quebec",
      "nl": "Quebec",
      "ar": "كيبك",
      "zh": "魁北克省",
      "ja": "ケベック州",
      "ko": "퀘벡주",
      "ru": "Квебек",
      "hi": "क्यूबेक",
      "pl": "Quebec",
      "tr": "Québec"
    }
  },
  "CA::banff": {
    "type": "medium_city",
    "names": {
      "fr": "Banff",
      "ru": "Банф",
      "en": "Banff",
      "es": "Banff",
      "it": "Banff",
      "pt": "Banff",
      "de": "Banff",
      "nl": "Banff",
      "ar": "بانف",
      "zh": "班夫",
      "ja": "バンフ",
      "ko": "밴프",
      "tr": "Banff",
      "pl": "Banff"
    }
  },
  "CA::jasper": {
    "type": "medium_city",
    "names": {
      "zh": "贾斯珀",
      "ru": "Джаспер",
      "fr": "Jasper",
      "en": "Jasper",
      "es": "Jasper",
      "it": "Jasper",
      "pt": "Jasper",
      "de": "Jasper",
      "nl": "Jasper",
      "ar": "جاسبر",
      "ja": "ジャスパー",
      "ko": "재스퍼",
      "pl": "Jasper (Kanada)"
    }
  },
  "CA::winnipeg": {
    "type": "small_city",
    "names": {
      "fr": "Winnipeg",
      "en": "Winnipeg",
      "es": "Winnipeg",
      "it": "Winnipeg",
      "de": "Winnipeg",
      "ar": "وينيبج",
      "ja": "ウィニペグ",
      "ko": "위니펙",
      "ru": "Виннипег",
      "pt": "Winnipeg",
      "nl": "Winnipeg",
      "zh": "温尼伯",
      "hi": "विनीपैग",
      "tr": "Winnipeg",
      "pl": "Winnipeg"
    }
  },
  "CA::niagara-falls": {
    "type": "small_city",
    "names": {
      "fr": "Niagara Falls",
      "en": "Niagara Falls",
      "de": "Niagara Falls",
      "ar": "شلالات نياجارا",
      "ru": "Ниагара-Фолс",
      "es": "Niagara Falls",
      "it": "Niagara Falls",
      "pt": "Niagara Falls",
      "nl": "Niagara Falls",
      "zh": "尼亚加拉瀑布城",
      "ja": "ナイアガラフォールズ",
      "ko": "나이아가라폴스",
      "hi": "नायग्रा फॉल्स",
      "tr": "Niagara Falls",
      "pl": "Niagara Falls"
    }
  },
  "CA::victoria": {
    "type": "small_city",
    "names": {
      "fr": "Victoria",
      "en": "Victoria",
      "es": "Victoria",
      "it": "Victoria",
      "de": "Victoria",
      "ar": "فيكتوريا",
      "ko": "빅토리아",
      "ru": "Виктория",
      "pl": "Victoria",
      "pt": "Vitória",
      "nl": "Victoria",
      "zh": "維多利亞",
      "ja": "ビクトリア",
      "hi": "विक्टोरिया",
      "tr": "Victoria"
    }
  },
  "CA::mauricie": {
    "type": "medium_city",
    "names": {
      "fr": "Mauricie",
      "en": "Mauricie",
      "es": "Mauricie",
      "it": "Mauricie",
      "pt": "Mauricie",
      "de": "Mauricie",
      "nl": "Mauricie",
      "zh": "莫里西区",
      "ja": "モリシー地域",
      "ru": "Мориси",
      "tr": "Mauricie",
      "pl": "Mauricie"
    }
  },
  "CA::mont-tremblant": {
    "type": "small_city",
    "names": {
      "fr": "Mont-Tremblant",
      "en": "Mont-Tremblant",
      "es": "Mont-Tremblant",
      "it": "Mont-Tremblant",
      "pt": "Mont-Tremblant",
      "de": "Mont-Tremblant",
      "nl": "Mont-Tremblant",
      "ar": "مون ترمبلان",
      "zh": "翠湖山莊",
      "ja": "モントランブラン",
      "ru": "Мон-Трамблан",
      "tr": "Mont-Tremblant",
      "pl": "Mont-Tremblant"
    }
  },
  "CA::whistler": {
    "type": "small_city",
    "names": {
      "en": "Whistler",
      "fr": "Whistler",
      "es": "Whistler",
      "it": "Whistler",
      "pt": "Whistler",
      "de": "Whistler",
      "nl": "Whistler",
      "ar": "ويستلر، كولومبيا البريطانية",
      "zh": "威士拿",
      "ja": "ウィスラー",
      "ko": "휘슬러",
      "ru": "Уистлер",
      "pl": "Whistler"
    }
  },
  "CA::regina": {
    "type": "small_city",
    "names": {
      "en": "Regina",
      "ar": "ريجينا",
      "ko": "리자이나",
      "ru": "Реджайна",
      "fr": "Regina",
      "es": "Regina",
      "it": "Regina",
      "pt": "Regina",
      "de": "Regina",
      "nl": "Regina",
      "zh": "里贾纳",
      "ja": "レジャイナ",
      "hi": "रेजिना",
      "tr": "Regina",
      "pl": "Regina"
    }
  },
  "CA::revelstoke": {
    "type": "small_city",
    "names": {
      "fr": "Revelstoke",
      "en": "Revelstoke",
      "es": "Revelstoke",
      "it": "Revelstoke",
      "pt": "Revelstoke",
      "de": "Revelstoke",
      "nl": "Revelstoke",
      "ar": "ريفيلستوك، كولومبيا البريطانية",
      "zh": "雷夫尔斯托克",
      "ja": "レベルストーク",
      "ko": "레블스토크",
      "ru": "Ревелсток",
      "hi": "रेवलस्टोक",
      "tr": "Revelstoke",
      "pl": "Revelstoke"
    }
  },
  "CA::kelowna": {
    "type": "small_city",
    "names": {
      "fr": "Kelowna",
      "en": "Kelowna",
      "es": "Kelowna",
      "it": "Kelowna",
      "de": "Kelowna",
      "ru": "Келоуна",
      "pt": "Kelowna",
      "nl": "Kelowna",
      "ar": "كيلونا",
      "zh": "基洛纳",
      "ja": "ケロウナ",
      "ko": "켈로나",
      "hi": "कलोना",
      "tr": "Kelowna",
      "pl": "Kelowna"
    }
  },
  "CA::lake-louise": {
    "type": "small_city",
    "names": {
      "fr": "Lake Louise",
      "en": "Lake Louise",
      "es": "Lake Louise",
      "it": "Lake Louise",
      "de": "Lake Louise",
      "nl": "Lake Louise (Canada)",
      "zh": "路易斯湖",
      "pl": "Lake Louise"
    }
  },
  "CA::north-bay": {
    "type": "small_city",
    "names": {
      "zh": "北灣",
      "fr": "North Bay",
      "en": "North Bay",
      "es": "North Bay",
      "it": "North Bay",
      "pt": "North Bay",
      "de": "North Bay",
      "nl": "North Bay",
      "ar": "نورث بي",
      "ja": "ノースベイ",
      "ko": "노스베이",
      "ru": "Норт-Бей",
      "tr": "North Bay",
      "pl": "North Bay"
    }
  },
  "CA::thunder-bay": {
    "type": "small_city",
    "names": {
      "en": "Thunder Bay",
      "zh": "雷灣",
      "ru": "Тандер-Бей",
      "fr": "Thunder Bay",
      "es": "Thunder Bay",
      "it": "Thunder Bay",
      "pt": "Thunder Bay",
      "de": "Thunder Bay",
      "nl": "Thunder Bay",
      "ar": "ثاندر باي",
      "ja": "サンダーベイ",
      "ko": "선더베이",
      "hi": "थंडर बे",
      "tr": "Thunder Bay",
      "pl": "Thunder Bay"
    }
  },
  "CA::waterton": {
    "type": "village",
    "names": {
      "fr": "Waterton Park",
      "en": "Waterton Park"
    }
  },
  "CA::tadoussac": {
    "type": "small_city",
    "names": {
      "fr": "Tadoussac",
      "en": "Tadoussac",
      "es": "Tadoussac",
      "it": "Tadoussac",
      "de": "Tadoussac",
      "nl": "Tadoussac",
      "ar": "تادوساك",
      "zh": "塔杜萨克",
      "ja": "タドゥサック",
      "ru": "Тадуссак",
      "tr": "Tadoussac"
    }
  },
  "CA::marathon": {
    "type": "small_city",
    "names": {
      "fr": "Marathon",
      "en": "Marathon",
      "es": "Marathon",
      "pt": "Marathon",
      "de": "Marathon",
      "nl": "Marathon",
      "ar": "ماراثون",
      "ja": "マラソン",
      "pl": "Marathon"
    }
  },
  "CA::tofino": {
    "type": "village",
    "names": {
      "fr": "Tofino",
      "en": "Tofino",
      "es": "Tofino",
      "it": "Tofino",
      "pt": "Tofino",
      "de": "Tofino",
      "nl": "Tofino",
      "zh": "吐芬奴",
      "ja": "トッフィーノ",
      "pl": "Tofino"
    }
  },
  "CA::hautes-gorges-malbaie": {
    "type": "small_city",
    "names": {
      "fr": "parc national des Hautes-Gorges-de-la-Rivière-Malbaie",
      "en": "Hautes-Gorges-de-la-Rivière-Malbaie National Park",
      "de": "Parc national des Hautes-Gorges-de-la-Rivière-Malbaie",
      "ru": "Национальный парк От-Горж-де-ла-Ривьер-Мальбэ"
    }
  },
  "CA::wasagaming": {
    "type": "small_city",
    "names": {
      "fr": "Wasagaming",
      "en": "Wasagaming",
      "nl": "Wasagaming"
    }
  },
  "CA::wells-gray": {
    "type": "small_city",
    "names": {
      "fr": "Wells Gray",
      "en": "Wells Gray",
      "es": "Wells Gray",
      "de": "Wells Gray",
      "nl": "Wells Gray (Canadian politician)",
      "ar": "ولز غراي",
      "tr": "Wells Gray"
    }
  }
}