{
  "ME::kotor": {
    "type": "small_city",
    "names": {
      "it": "Cattaro",
      "ar": "كوتور",
      "zh": "科托爾",
      "ja": "コトル",
      "ko": "코토르",
      "ru": "Котор"
    }
  },
  "ME::perast": {
    "type": "village",
    "names": {
      "it": "Perasto",
      "ru": "Пераст"
    }
  },
  "ME::cetinje": {
    "type": "small_city",
    "names": {
      "en": "Cetinje",
      "es": "Cetiña",
      "it": "Cettigne",
      "ar": "ستنيي",
      "zh": "策提涅",
      "ja": "ツェティニェ",
      "ko": "체티네",
      "ru": "Цетинье",
      "tr": "Çetine",
      "pl": "Cetynia"
    }
  }
}