{
  "DO::santo-domingo": {
    "type": "medium_city",
    "names": {
      "fr": "Saint-Domingue",
      "en": "Santo Domingo",
      "es": "Santo Domingo",
      "it": "Santo Domingo",
      "pt": "São Domingos",
      "de": "Santo Domingo",
      "nl": "Santo Domingo",
      "ar": "سانتو دومينجو",
      "zh": "聖多明各",
      "ja": "サントドミンゴ",
      "ko": "산토도밍고",
      "ru": "Санто-Доминго",
      "hi": "सेंटो डोमिंगो",
      "tr": "Santo Domingo",
      "pl": "Santo Domingo"
    }
  },
  "DO::punta-cana": {
    "type": "medium_city",
    "names": {
      "fr": "Punta Cana",
      "es": "Punta Cana",
      "it": "Punta Cana",
      "pt": "Punta Cana",
      "de": "Punta Cana",
      "nl": "Punta Cana",
      "ar": "بونتا كانا",
      "zh": "蓬塔卡納",
      "ru": "Пунта-Кана",
      "en": "Punta Cana",
      "ja": "プンタ・カナ",
      "ko": "푼타카나",
      "pl": "Punta Cana"
    }
  },
  "DO::las-terrenas": {
    "type": "small_city",
    "names": {
      "_default": "Las Terrenas",
      "fr": "Las Terrenas",
      "en": "Las Terrenas",
      "es": "Las Terrenas",
      "it": "Las Terrenas",
      "pt": "Las Terrenas",
      "de": "Las Terrenas",
      "nl": "Las Terrenas",
      "zh": "拉斯特雷納斯",
      "ja": "ラス・テレナス",
      "ru": "Лас-Терренас",
      "pl": "Las Terrenas"
    }
  },
  "DO::santiago-de-los-caballeros": {
    "type": "small_city",
    "names": {
      "en": "Santiago de los Caballeros",
      "es": "Santiago de los Caballeros",
      "zh": "圣地牙哥",
      "ru": "Сантьяго-де-лос-Трейнта-Кабальерос",
      "fr": "Santiago de los Caballeros",
      "it": "Santiago de los Caballeros",
      "pt": "Santiago de los Caballeros",
      "de": "Santiago de los Caballeros",
      "nl": "Santiago de los Caballeros",
      "ar": "سانتياغو دي لوس كاباليروس",
      "ja": "サンティアゴ・デ・ロス・カバリェロス",
      "ko": "산티아고데로스카바예로스",
      "hi": "सैंटियागो दे लॉस काबलेरोस",
      "tr": "Santiago de los Caballeros",
      "pl": "Santiago de los Caballeros"
    }
  },
  "DO::puerto-plata": {
    "type": "small_city",
    "names": {
      "es": "Puerto Plata",
      "ja": "プエルト・プラタ州",
      "ru": "Пуэрто-Плата",
      "fr": "Puerto Plata",
      "en": "Puerto Plata Province",
      "it": "provincia di Puerto Plata",
      "pt": "Puerto Plata",
      "de": "Puerto Plata",
      "nl": "Puerto Plata",
      "ar": "محافظة بويرتو بلاتا",
      "zh": "普拉塔港省",
      "ko": "푸에르토플라타주",
      "hi": "प्यूर्टो प्लाटा प्रांत",
      "tr": "Puerto Plata Province",
      "pl": "Prowincja Puerto"
    }
  },
  "DO::barahona": {
    "type": "village",
    "names": {
      "es": "Barahona",
      "fr": "Barahona",
      "en": "Barahona Province",
      "it": "provincia di Barahona",
      "pt": "Barahona",
      "de": "Barahona",
      "nl": "Barahona",
      "ar": "محافظة باراهونا",
      "zh": "巴拉奧納省",
      "ja": "バラオナ",
      "ko": "바라오나주",
      "ru": "Бараона",
      "hi": "बाराहोना प्रांत",
      "tr": "Barahona Province",
      "pl": "Prowincja Barahona"
    }
  },
  "DO::boca-chica": {
    "type": "small_city",
    "names": {
      "_default": "Boca Chica"
    }
  },
  "DO::pedernales": {
    "type": "small_city",
    "names": {
      "es": "Pedernales",
      "ja": "ペデルナレス州",
      "ru": "Педерналес"
    }
  },
  "DO::samana": {
    "type": "small_city",
    "names": {
      "en": "Samana",
      "es": "Samaná",
      "ru": "Самана"
    }
  },
  "DO::jarabacoa": {
    "type": "village",
    "names": {
      "_default": "Jarabacoa"
    }
  },
  "DO::las-galeras": {
    "type": "village",
    "names": {
      "_default": "Las Galeras"
    }
  },
  "DO::constanza": {
    "type": "small_city",
    "names": {
      "_default": "Constanza"
    }
  },
  "DO::miches": {
    "type": "village",
    "names": {
      "_default": "Miches"
    }
  },
  "DO::neiba": {
    "type": "small_city",
    "names": {
      "es": "Neiba",
      "ru": "Нейба"
    }
  },
  "DO::bani": {
    "type": "village",
    "names": {
      "es": "Baní",
      "ru": "Бани"
    }
  }
}