{
  "CN::beijing": {
    "type": "large_city",
    "names": {
      "fr": "Pékin",
      "en": "Beijing",
      "es": "Pekín",
      "it": "Pechino",
      "pt": "Pequim",
      "de": "Peking",
      "nl": "Peking",
      "ar": "بكين",
      "zh": "北京市",
      "ja": "北京市",
      "ko": "베이징시",
      "ru": "Пекин",
      "hi": "बीजिंग",
      "tr": "Pekin",
      "pl": "Pekin"
    }
  },
  "CN::shanghai": {
    "type": "large_city",
    "names": {
      "fr": "Shanghai",
      "en": "Shanghai",
      "es": "Shanghái",
      "it": "Shanghai",
      "pt": "Xangai",
      "de": "Shanghai",
      "nl": "Shanghai",
      "ar": "شانغهاي",
      "zh": "上海市",
      "ja": "上海市",
      "ko": "상하이",
      "ru": "Шанхай",
      "hi": "शंघाई",
      "tr": "Şanghay",
      "pl": "Szanghaj"
    }
  },
  "CN::hong-kong": {
    "type": "large_city",
    "names": {
      "fr": "Hong Kong",
      "en": "Hong Kong",
      "es": "Hong Kong",
      "it": "Hong Kong",
      "pt": "Hong Kong",
      "de": "Hongkong",
      "nl": "Hongkong",
      "ar": "هونغ كونغ",
      "zh": "香港",
      "ja": "香港",
      "ko": "홍콩",
      "ru": "Гонконг",
      "hi": "हांगकांग",
      "tr": "Hong Kong",
      "pl": "Hongkong"
    }
  },
  "CN::xian": {
    "type": "medium_city",
    "names": {
      "fr": "Xian",
      "en": "Xian County",
      "zh": "献县",
      "ko": "셴현",
      "es": "Xian (Cangzhou)",
      "it": "Contea di Xian",
      "de": "Xian",
      "nl": "Xian",
      "ja": "献県",
      "ru": "Сяньсянь"
    }
  },
  "CN::chongqing": {
    "type": "medium_city",
    "names": {
      "fr": "Chongqing",
      "en": "Chongqing",
      "es": "Chongqing",
      "it": "Chongqing",
      "pt": "Chongqing",
      "de": "Chongqing",
      "nl": "Chongqing",
      "ar": "تشونغتشينغ",
      "zh": "重庆市",
      "ja": "重慶市",
      "ko": "충칭시",
      "ru": "Чунцин",
      "hi": "चॊंग्किंग",
      "tr": "Çongçing",
      "pl": "Chongqing"
    }
  },
  "CN::lijiang-old-town": {
    "type": "medium_city",
    "names": {
      "fr": "Lijiang",
      "en": "Lijiang City",
      "zh": "丽江市",
      "ja": "麗江市",
      "ko": "리장시",
      "ru": "Лицзян",
      "es": "Lijiang",
      "it": "Lijiang",
      "pt": "Cidade Antiga de Lijiang",
      "de": "Lijiang",
      "nl": "Lijiang",
      "ar": "ليجيانج",
      "hi": "लिजिआंग",
      "tr": "Lijiang",
      "pl": "Lijiang"
    }
  },
  "CN::lijiang": {
    "type": "medium_city",
    "names": {
      "fr": "Lijiang",
      "en": "Lijiang City",
      "zh": "丽江市",
      "ja": "麗江市",
      "ko": "리장시",
      "ru": "Лицзян",
      "es": "Lijiang",
      "it": "Lijiang",
      "pt": "Cidade Antiga de Lijiang",
      "de": "Lijiang",
      "nl": "Lijiang",
      "ar": "ليجيانج",
      "hi": "लिजिआंग",
      "tr": "Lijiang",
      "pl": "Lijiang"
    }
  },
  "CN::dali-old-town": {
    "type": "medium_city",
    "names": {
      "en": "Dali Bai Autonomous Prefecture",
      "zh": "大理白族自治州",
      "ja": "大理ペー族自治州",
      "ko": "다리 바이족 자치주",
      "fr": "préfecture autonome bai de Dali",
      "es": "Prefectura autónoma bai de Dali",
      "it": "prefettura autonoma bai di Dali",
      "de": "Dali",
      "nl": "Dali",
      "ru": "Дали-Байский автономный округ",
      "tr": "Dali Bai Özerk İli",
      "pl": "Dali"
    }
  },
  "CN::xingping": {
    "type": "medium_city",
    "names": {
      "fr": "Xingping",
      "en": "Xingping City",
      "de": "Xingping",
      "zh": "兴平市",
      "ja": "興平市",
      "ko": "싱핑시",
      "es": "Xingping",
      "it": "Xinping",
      "nl": "Xingping",
      "ar": "شينغبينغ",
      "ru": "Синпин",
      "hi": "सिंगपिंग",
      "tr": "Xingping",
      "pl": "Xingping"
    }
  },
  "CN::lanzhou": {
    "type": "medium_city",
    "names": {
      "en": "Lanzhou",
      "ar": "لانشو",
      "zh": "兰州市",
      "ja": "蘭州市",
      "ko": "란저우시",
      "ru": "Ланьчжоу",
      "fr": "Lanzhou",
      "es": "Lanzhou",
      "it": "Lanzhou",
      "pt": "Lanzhou",
      "de": "Lanzhou",
      "nl": "Lanzhou",
      "hi": "लान्झू",
      "tr": "Lanzhou",
      "pl": "Lanzhou"
    }
  },
  "CN::yangshuo": {
    "type": "medium_city",
    "names": {
      "en": "Yangshuo County",
      "zh": "阳朔县",
      "ja": "陽朔県",
      "ko": "양숴현",
      "ru": "Яншо",
      "fr": "xian de Yangshuo",
      "es": "Yangshuo",
      "it": "Contea di Yangshuo",
      "pt": "Condado de Yangshuo",
      "de": "Yangshuo",
      "nl": "Yangshuo",
      "pl": "Yangshuo"
    }
  },
  "CN::zhangjiajie": {
    "type": "small_city",
    "names": {
      "fr": "Zhangjiajie",
      "en": "Zhangjiajie",
      "es": "Zhangjiajie",
      "it": "Zhangjiajie",
      "pt": "Zhangjiajie",
      "de": "Zhangjiajie",
      "nl": "Zhangjiajie",
      "ar": "زانغجياجي",
      "zh": "张家界市",
      "ja": "張家界市",
      "ko": "장자제시",
      "ru": "Чжанцзяцзе",
      "tr": "Zhangjiajie",
      "pl": "Zhangjiajie",
      "hi": "जहांगजिएजिए"
    }
  },
  "CN::kunming": {
    "type": "medium_city",
    "names": {
      "fr": "Kunming",
      "en": "Kunming",
      "es": "Kunming",
      "it": "Kunming",
      "pt": "Kunming",
      "de": "Kunming",
      "nl": "Kunming",
      "ar": "كونمينغ",
      "zh": "昆明市",
      "ja": "昆明市",
      "ko": "쿤밍시",
      "ru": "Куньмин",
      "hi": "कुनमिंग",
      "tr": "Kunming",
      "pl": "Kunming"
    }
  },
  "CN::urumqi": {
    "type": "medium_city",
    "names": {
      "fr": "Ürümqi",
      "en": "Ürümqi",
      "es": "Urumchi",
      "it": "Ürümqi",
      "pt": "Ürümqi",
      "de": "Urumtschi",
      "nl": "Ürümqi",
      "ar": "أورومتشي",
      "zh": "乌鲁木齐市",
      "ja": "ウルムチ市",
      "ko": "우루무치시",
      "ru": "Урумчи",
      "hi": "उरुमची",
      "tr": "Urumçi",
      "pl": "Urumczi"
    }
  },
  "CN::shangri-la": {
    "type": "medium_city",
    "names": {
      "en": "Shangri-La",
      "zh": "香格里拉市",
      "ko": "샹그릴라시",
      "fr": "Shangri-La",
      "es": "Condado de Shangri-La",
      "it": "Shangri-La",
      "de": "Shangri-La",
      "nl": "Shangri-La",
      "ja": "シャングリラ市",
      "ru": "Шангри-Ла",
      "tr": "Shangri-La (şehir)"
    }
  },
  "CN::huangshan-tunxi": {
    "type": "small_city",
    "names": {
      "fr": "District de Tunxi",
      "en": "Tunxi District",
      "es": "Túnxī Qū",
      "it": "Distretto di Tunxi",
      "de": "Tunxi",
      "zh": "屯溪区",
      "ja": "屯渓区",
      "ko": "툰시구",
      "ru": "Туньси",
      "pl": "Tunxi",
      "nl": "Tunxi"
    }
  },
  "CN::shangrila": {
    "type": "small_city",
    "names": {
      "en": "Xianggeli Avenue",
      "zh": "香格里大道",
      "fr": "Shangri-La",
      "es": "Shangri-La",
      "it": "Shangri-La",
      "pt": "Shangri-La",
      "de": "Shangri-La",
      "nl": "Shangri-La",
      "ar": "شانغري-لا",
      "ja": "シャングリラ",
      "ko": "샹그릴라",
      "ru": "Шангри-Ла",
      "tr": "Shangri-La",
      "pl": "Shangri-La"
    }
  },
  "CN::xining": {
    "type": "small_city",
    "names": {
      "en": "Xining City",
      "zh": "西宁市",
      "ja": "西寧市",
      "ko": "시닝시",
      "fr": "Xining",
      "es": "Xining",
      "it": "Xining",
      "pt": "Xining",
      "de": "Xining",
      "nl": "Xining",
      "ar": "شينينغ",
      "ru": "Синин",
      "hi": "शिनिंग",
      "tr": "Xining",
      "pl": "Xining"
    }
  },
  "CN::kashgar": {
    "type": "small_city",
    "names": {
      "fr": "Kachgar",
      "en": "Kashgar City",
      "es": "Kasgar",
      "de": "Kaschgar",
      "ar": "كاشغر",
      "zh": "喀什市",
      "ja": "カシュガル市",
      "ko": "카슈가르시",
      "ru": "Кашгар",
      "tr": "Kaşgar",
      "pl": "Kaszgar",
      "it": "Kashgar",
      "pt": "Kashgar",
      "nl": "Kashgar",
      "hi": "काश्गर"
    }
  },
  "CN::fenghuang": {
    "type": "small_city",
    "names": {
      "fr": "Xian de Fenghuang",
      "en": "Fenghuang County",
      "es": "Fenghuang",
      "it": "Contea di Fenghuang",
      "de": "Fenghuang",
      "nl": "Fenghuang",
      "zh": "凤凰县",
      "ja": "鳳凰県",
      "ko": "펑황현",
      "ru": "Фэнхуан"
    }
  },
  "CN::yinchuan": {
    "type": "small_city",
    "names": {
      "fr": "Yinchuan",
      "en": "Yinchuan City",
      "es": "Yinchuan",
      "pt": "Yinchuan",
      "de": "Yinchuan",
      "nl": "Yinchuan",
      "zh": "银川市",
      "ja": "銀川市",
      "ko": "인촨시",
      "ru": "Иньчуань",
      "hi": "यिंगचुआन"
    }
  },
  "CN::dunhuang": {
    "type": "village",
    "names": {
      "fr": "Dunhuang",
      "en": "Dunhuang City",
      "de": "Dunhuang",
      "zh": "敦煌市",
      "ja": "敦煌市",
      "ko": "둔황시",
      "ru": "Дуньхуан"
    }
  },
  "CN::jiayuguan": {
    "type": "village",
    "names": {
      "fr": "Jiayuguan",
      "en": "Jiayuguan",
      "es": "Jiayuguan",
      "it": "Jiayuguan",
      "pt": "Jiayuguan",
      "de": "Jiayuguan",
      "nl": "Jiayuguan",
      "ar": "جيايوغوان",
      "zh": "嘉峪关市",
      "ja": "嘉峪関市",
      "ko": "자위관시",
      "ru": "Цзяюйгуань",
      "tr": "Jiayuguan",
      "pl": "Jiayuguan"
    }
  },
  "CN::shaxi-sideng": {
    "type": "village",
    "names": {
      "en": "Shaxi Old Stage",
      "de": "Sideng Theater (alte Theater Bühne)",
      "zh": "沙溪戏台"
    }
  },
  "CN::zhangye": {
    "type": "small_city",
    "names": {
      "en": "Zhangye",
      "ar": "زهانغي",
      "zh": "张掖市",
      "ja": "張掖市",
      "ko": "장예시"
    }
  },
  "CN::turpan": {
    "type": "small_city",
    "names": {
      "en": "Turpan",
      "ar": "توربان",
      "zh": "吐鲁番市",
      "ko": "투루판시",
      "ru": "Префектура Турфан"
    }
  },
  "CN::tashkurgan": {
    "type": "small_city",
    "names": {
      "fr": "Tashkurgan",
      "en": "Tashkorgan Town",
      "es": "Tashkurgán",
      "zh": "塔什库尔干镇",
      "ru": "Ташкурган"
    }
  }
}