{
  "US::new-york-city": {
    "type": "large_city",
    "names": {
      "fr": "New York",
      "en": "New York",
      "es": "Nueva York",
      "it": "New York",
      "pt": "Nova Iorque",
      "de": "New York",
      "ar": "نيويورك",
      "zh": "纽约;紐約",
      "ja": "ニューヨーク",
      "ko": "뉴욕",
      "ru": "Нью-Йорк",
      "hi": "न्यूयॊर्क्",
      "tr": "New York",
      "pl": "Nowy Jork",
      "nl": "New York"
    }
  },
  "US::summit": {
    "type": "small_city",
    "names": {
      "en": "Summit County",
      "fr": "comté de Summit",
      "es": "condado de Summit",
      "it": "contea di Summit",
      "pt": "condado de Summit",
      "de": "Summit County",
      "nl": "Summit County",
      "ar": "مقاطعة ساميت",
      "zh": "薩米特縣",
      "ja": "サミット郡",
      "ko": "서밋군",
      "ru": "Саммит",
      "tr": "Summit ilçesi",
      "pl": "Hrabstwo Summit"
    }
  },
  "US::the-edge": {
    "type": "small_city",
    "names": {
      "_default": "The Edge",
      "fr": "The Edge",
      "en": "The Edge",
      "es": "The Edge",
      "it": "The Edge",
      "pt": "The Edge",
      "de": "The Edge",
      "nl": "The Edge",
      "ar": "ذا إيدج",
      "zh": "The Edge",
      "ja": "ジ・エッジ",
      "ko": "디 에지",
      "ru": "Эдж",
      "tr": "The Edge",
      "pl": "The Edge"
    }
  },
  "US::amnh": {
    "type": "small_city",
    "names": {
      "fr": "musée américain d'histoire naturelle",
      "en": "American Museum of Natural History",
      "es": "Museo Americano de Historia Natural",
      "it": "American Museum of Natural History",
      "pt": "Museu Americano de História Natural",
      "de": "American Museum of Natural History",
      "nl": "American Museum of Natural History",
      "ar": "المتحف الأمريكي للتاريخ الطبيعي",
      "zh": "美國自然史博物館",
      "ja": "アメリカ自然史博物館",
      "ko": "미국 자연사 박물관",
      "ru": "Американский музей естественной истории",
      "hi": "अमेरिकन म्यूजियम ऑफ नेचुरल हिस्ट्री",
      "tr": "Amerikan Doğa Tarihi Müzesi",
      "pl": "Amerykańskie Muzeum Historii Naturalnej"
    }
  },
  "US::high-line": {
    "type": "small_city",
    "names": {
      "_default": "High Line",
      "fr": "High Line",
      "en": "High Line",
      "es": "High Line",
      "it": "High Line",
      "pt": "High Line",
      "de": "High Line",
      "nl": "High Line",
      "ar": "هاي لاين",
      "zh": "高線公園",
      "ja": "ハイライン",
      "ko": "하이 라인",
      "ru": "Хай-Лайн",
      "tr": "High Line",
      "pl": "High Line"
    }
  },
  "US::soho": {
    "type": "small_city",
    "names": {
      "en": "SoHo",
      "zh": "苏活区",
      "ru": "Сохо",
      "fr": "SoHo",
      "es": "SoHo",
      "it": "SoHo",
      "pt": "SoHo",
      "de": "SoHo",
      "nl": "SoHo",
      "ar": "سوهو",
      "ja": "ソーホー",
      "ko": "소호",
      "tr": "SoHo",
      "pl": "SoHo"
    }
  },
  "US::dumbo": {
    "type": "small_city",
    "names": {
      "en": "Dumbo",
      "zh": "灯波",
      "fr": "Dumbo",
      "es": "DUMBO",
      "it": "DUMBO",
      "de": "Dumbo",
      "nl": "Dumbo",
      "ar": "دامبو",
      "ja": "ダンボ",
      "ko": "덤보 (브루클린)",
      "ru": "DUMBO",
      "tr": "Dumbo"
    }
  },
  "US::top-of-the-rock": {
    "type": "small_city",
    "names": {
      "en": "Top of the Rock",
      "ko": "록페럴센터"
    }
  },
  "US::washington-dc": {
    "type": "large_city",
    "names": {
      "fr": "Washington",
      "en": "Washington",
      "es": "Washington",
      "it": "Washington",
      "pt": "Washington, D.C.",
      "de": "Washington",
      "nl": "Washington",
      "ar": "واشينطون",
      "zh": "华盛顿;華盛頓",
      "ja": "ワシントン",
      "ko": "워싱턴",
      "ru": "Вашингтон",
      "hi": "वॉशिंगटन, डी॰ सी॰",
      "tr": "Vaşington",
      "pl": "Waszyngton"
    }
  },
  "US::the-vessel": {
    "type": "small_city",
    "names": {
      "en": "Vessel",
      "fr": "Vessel",
      "es": "Vessel",
      "it": "Vessel",
      "pt": "Vessel",
      "de": "Vessel",
      "nl": "Vessel",
      "ar": "الوعاء (هيكل)",
      "zh": "Vessel (建築物)",
      "ja": "ヴェッセル",
      "ko": "베슬"
    }
  },
  "US::new-orleans": {
    "type": "large_city",
    "names": {
      "fr": "La Nouvelle-Orléans",
      "en": "New Orleans",
      "es": "Nueva Orleans",
      "zh": "新奥尔良;紐奧良",
      "ja": "ニューオーリンズ",
      "ko": "뉴올리언스",
      "ru": "Новый Орлеан",
      "it": "New Orleans",
      "pt": "Nova Orleães",
      "de": "New Orleans",
      "nl": "New Orleans",
      "ar": "نيو أورلينز",
      "hi": "न्यू ओर्लियंस",
      "tr": "New Orleans",
      "pl": "Nowy Orlean"
    }
  },
  "US::san-francisco": {
    "type": "large_city",
    "names": {
      "fr": "San Francisco",
      "en": "San Francisco",
      "es": "San Francisco",
      "it": "San Francisco",
      "pt": "São Francisco",
      "de": "San Francisco",
      "nl": "San Francisco",
      "ar": "سان فرانسيسكو",
      "zh": "旧金山;舊金山;三藩市",
      "ja": "サンフランシスコ",
      "ko": "샌프란시스코",
      "ru": "Сан-Франциско",
      "hi": "सैन फ़्रांसिस्को",
      "tr": "San Francisco",
      "pl": "San Francisco"
    }
  },
  "US::chicago": {
    "type": "large_city",
    "names": {
      "fr": "Chicago",
      "en": "Chicago",
      "es": "Chicago",
      "it": "Chicago",
      "pt": "Chicago",
      "de": "Chicago",
      "nl": "Chicago",
      "ar": "شيكاغو",
      "zh": "芝加哥",
      "ja": "シカゴ",
      "ko": "시카고",
      "ru": "Чикаго",
      "hi": "शिकागॊ",
      "tr": "Şikago",
      "pl": "Chicago"
    }
  },
  "US::seattle": {
    "type": "large_city",
    "names": {
      "fr": "Seattle",
      "en": "Seattle",
      "ar": "سياتيل، واشنطن",
      "zh": "西雅圖",
      "ja": "シアトル",
      "ko": "시애틀",
      "ru": "Сиэтл",
      "es": "Seattle",
      "it": "Seattle",
      "pt": "Seattle",
      "de": "Seattle",
      "nl": "Seattle",
      "hi": "सीऐटल",
      "tr": "Seattle",
      "pl": "Seattle"
    }
  },
  "US::nashville": {
    "type": "large_city",
    "names": {
      "en": "Nashville",
      "ar": "ناشفيل-ديفيدسون",
      "zh": "纳什维尔;納許維爾;納士維;納什維爾",
      "ja": "ナッシュビル",
      "ru": "Нашвилл",
      "pl": "Nashville",
      "fr": "Nashville",
      "es": "Nashville",
      "it": "Nashville",
      "pt": "Nashville",
      "de": "Nashville",
      "nl": "Nashville",
      "ko": "내슈빌",
      "hi": "नैशविले",
      "tr": "Nashville"
    }
  },
  "US::denver": {
    "type": "large_city",
    "names": {
      "en": "Denver",
      "es": "Denver",
      "ar": "دنفر",
      "zh": "丹佛县 / 丹佛郡",
      "ja": "デンバー",
      "ko": "덴버",
      "ru": "Денвер",
      "hi": "डॅनवर",
      "pl": "Denver",
      "fr": "Denver",
      "it": "Denver",
      "pt": "Denver",
      "de": "Denver",
      "nl": "Denver",
      "tr": "Denver"
    }
  },
  "US::boston": {
    "type": "large_city",
    "names": {
      "fr": "Boston",
      "en": "Boston",
      "es": "Boston",
      "it": "Boston",
      "pt": "Boston",
      "de": "Boston",
      "nl": "Boston",
      "ar": "بوسطن",
      "zh": "波士顿;波士頓",
      "ja": "ボストン",
      "ko": "보스턴",
      "ru": "Бостон",
      "pl": "Boston",
      "hi": "बोस्टन",
      "tr": "Boston"
    }
  },
  "US::st-louis": {
    "type": "medium_city",
    "names": {
      "fr": "Saint-Louis",
      "en": "St. Louis",
      "es": "San Luis",
      "ar": "سانت لويس",
      "ko": "세인트루이스",
      "ru": "Сент-Луис",
      "it": "Saint Louis",
      "pt": "St. Louis",
      "de": "St. Louis",
      "nl": "Saint Louis",
      "zh": "聖路易斯",
      "ja": "セイント・ルイス",
      "hi": "सेंट लुइस",
      "tr": "St. Louis",
      "pl": "St. Louis"
    }
  },
  "US::las-vegas": {
    "type": "large_city",
    "names": {
      "en": "Las Vegas",
      "es": "Las Vegas",
      "it": "Las Vegas",
      "de": "Las Vegas",
      "nl": "Las Vegas",
      "ar": "لاس فيغاس",
      "zh": "拉斯维加斯;拉斯維加斯",
      "ja": "ラスベガス",
      "ko": "라스베이거스",
      "ru": "Лас-Вегас",
      "hi": "लास वेगास",
      "fr": "Las Vegas",
      "pt": "Las Vegas",
      "tr": "Las Vegas",
      "pl": "Las Vegas"
    }
  },
  "US::los-angeles": {
    "type": "large_city",
    "names": {
      "fr": "Los Angeles",
      "en": "Los Angeles",
      "es": "Los Ángeles",
      "it": "Los Angeles",
      "pt": "Los Angeles",
      "de": "Los Angeles",
      "nl": "Los Angeles",
      "ar": "لوس أنجلس",
      "zh": "洛杉矶;洛杉磯",
      "ja": "ロサンゼルス",
      "ko": "로스앤젤레스",
      "ru": "Лос-Анджелес",
      "hi": "लॉस एंजिलस",
      "pl": "Los Angeles",
      "tr": "Los Angeles"
    }
  },
  "US::honolulu": {
    "type": "large_city",
    "names": {
      "en": "Honolulu",
      "es": "Honolulu",
      "de": "Honolulu",
      "ar": "هونولولو",
      "zh": "檀香山",
      "ja": "ホノルル",
      "ko": "호놀룰루",
      "ru": "Гонолулу",
      "hi": "होनोलूलू",
      "pl": "Honolulu",
      "fr": "Honolulu",
      "it": "Honolulu",
      "pt": "Honolulu",
      "nl": "Honolulu",
      "tr": "Honolulu"
    }
  },
  "US::philadelphia": {
    "type": "small_city",
    "names": {
      "fr": "Philadelphie",
      "en": "Philadelphia",
      "es": "Filadelfia",
      "it": "Filadelfia",
      "pt": "Filadélfia",
      "de": "Philadelphia",
      "ar": "فيلادلفيا",
      "zh": "费城;費城",
      "ja": "フィラデルフィア",
      "ko": "필라델피아",
      "ru": "Филадельфия",
      "hi": "फिलाडेल्फिया",
      "tr": "Filadelfiya",
      "pl": "Filadelfia",
      "nl": "Philadelphia"
    }
  },
  "US::austin": {
    "type": "large_city",
    "names": {
      "fr": "Austin",
      "en": "Austin",
      "es": "Austin",
      "it": "Austin",
      "pt": "Austin",
      "de": "Austin",
      "ar": "أوستن",
      "zh": "奥斯汀;奧斯汀;柯士甸",
      "ja": "オースティン",
      "ko": "오스틴",
      "ru": "Остин",
      "hi": "ऑस्टिन",
      "tr": "Austin",
      "pl": "Austin",
      "nl": "Austin"
    }
  },
  "US::portland": {
    "type": "medium_city",
    "names": {
      "fr": "Portland",
      "en": "Portland",
      "es": "Portland",
      "pt": "Portland",
      "de": "Portland",
      "nl": "Portland",
      "ar": "بورتلاند",
      "zh": "波特蘭;波特兰",
      "ja": "ポートランド",
      "ko": "포틀랜드",
      "ru": "Портленд",
      "hi": "पोर्टलैंड",
      "tr": "Portland",
      "it": "Portland",
      "pl": "Portland"
    }
  },
  "US::miami": {
    "type": "large_city",
    "names": {
      "fr": "Miami",
      "en": "Miami",
      "es": "Miami",
      "it": "Miami",
      "pt": "Miami",
      "de": "Miami",
      "nl": "Miami",
      "ar": "ميامي",
      "zh": "迈阿密;邁阿密",
      "ja": "マイアミ",
      "ko": "마이애미",
      "ru": "Майами",
      "hi": "मियामी",
      "tr": "Miami",
      "pl": "Miami"
    }
  },
  "US::moab": {
    "type": "large_city",
    "names": {
      "_default": "Moab",
      "fr": "Moab",
      "en": "Moab",
      "es": "Moab",
      "it": "Moab",
      "pt": "Moab",
      "de": "Moab",
      "nl": "Moab",
      "ar": "مواب",
      "zh": "摩押",
      "ja": "モアブ",
      "ko": "모압",
      "ru": "Моаб",
      "tr": "Moab",
      "pl": "Moab"
    }
  },
  "US::orlando": {
    "type": "medium_city",
    "names": {
      "fr": "Orlando",
      "en": "Orlando",
      "es": "Orlando",
      "it": "Orlando",
      "pt": "Orlando",
      "de": "Orlando",
      "nl": "Orlando",
      "ar": "أورلاندو",
      "zh": "奥兰多;奧蘭多",
      "ja": "オーランド",
      "ko": "올랜도",
      "ru": "Орландо",
      "tr": "Orlando",
      "pl": "Orlando",
      "hi": "ऑरलैंडो"
    }
  },
  "US::naples": {
    "type": "medium_city",
    "names": {
      "en": "Naples",
      "es": "Nápoles",
      "it": "Napoli",
      "ru": "Нейплс",
      "fr": "Naples",
      "pt": "Naples",
      "de": "Naples",
      "nl": "Naples",
      "ar": "نيبلز",
      "zh": "那不勒斯",
      "ja": "ネイプルズ",
      "ko": "네이플스",
      "hi": "नेपल्स",
      "tr": "Naples",
      "pl": "Naples"
    }
  },
  "US::springdale": {
    "type": "large_city",
    "names": {
      "en": "Springdale",
      "fr": "Springdale",
      "es": "Springdale",
      "it": "Springdale",
      "pt": "Springdale",
      "de": "Springdale",
      "nl": "Springdale",
      "ar": "سبرينغدل",
      "zh": "斯普林代爾",
      "ja": "スプリングデール",
      "ko": "스프링데일",
      "ru": "Спрингдейл",
      "hi": "स्प्रिंगडेल",
      "tr": "Springdale",
      "pl": "Springdale"
    }
  },
  "US::indianapolis": {
    "type": "medium_city",
    "names": {
      "fr": "Indianapolis",
      "en": "Indianapolis",
      "es": "Indianápolis",
      "it": "Indianapolis",
      "pt": "Indianápolis",
      "de": "Indianapolis",
      "nl": "Indianapolis",
      "ar": "إنديانابوليس",
      "zh": "印第安納波利斯",
      "ja": "インディアナポリス",
      "ko": "인디애나폴리스",
      "ru": "Индианаполис",
      "hi": "इंडियानापोलिस",
      "tr": "Indianapolis",
      "pl": "Indianapolis"
    }
  },
  "US::key-west": {
    "type": "large_city",
    "names": {
      "_default": "Key",
      "fr": "Key",
      "en": "Key",
      "zh": "基 (俄亥俄州)"
    }
  },
  "US::santa-monica-ca": {
    "type": "medium_city",
    "names": {
      "fr": "Santa Monica",
      "en": "Santa Monica",
      "es": "Santa Mónica",
      "it": "Santa Monica",
      "pt": "Santa Mônica",
      "de": "Santa Monica",
      "nl": "Santa Monica",
      "ar": "سانتا مونيكا",
      "ja": "サンタモニカ",
      "ko": "샌타모니카",
      "ru": "Санта-Моника",
      "pl": "Santa Monica",
      "zh": "圣莫尼卡",
      "hi": "सांता मोनिका",
      "tr": "Santa Monica"
    }
  },
  "US::los-angeles-lax": {
    "type": "small_city",
    "names": {
      "fr": "Aéroport International de Los Angeles",
      "en": "Los Angeles International Airport",
      "es": "Aeropuerto Internacional de Los Ángeles",
      "nl": "Internationale Luchthaven van Los Angeles",
      "zh": "洛杉磯國際機場",
      "ja": "ロサンゼルス国際空港",
      "it": "Aeroporto Internazionale di Los Angeles",
      "pt": "Aeroporto Internacional de Los Angeles",
      "de": "Los Angeles International Airport",
      "ar": "مطار لوس أنجلوس الدولي",
      "ko": "로스앤젤레스 국제공항",
      "ru": "Лос-Анджелес",
      "tr": "Los Angeles Uluslararası Havalimanı",
      "pl": "Port lotniczy Los Angeles"
    }
  },
  "US::el-paso": {
    "type": "medium_city",
    "names": {
      "en": "El Paso",
      "es": "El Paso",
      "zh": "埃尔帕索",
      "ko": "엘파소",
      "ru": "Эль-Пасо",
      "fr": "El Paso",
      "it": "El Paso",
      "pt": "El Paso",
      "de": "El Paso",
      "nl": "El Paso",
      "ar": "إل باسو",
      "ja": "エル・パソ",
      "hi": "अल पासो",
      "tr": "El Paso",
      "pl": "El Paso"
    }
  },
  "US::memphis": {
    "type": "large_city",
    "names": {
      "en": "Memphis",
      "ar": "ممفيس",
      "ja": "メンフィス",
      "ru": "Мемфис",
      "fr": "Memphis",
      "es": "Memphis",
      "it": "Memphis",
      "pt": "Memphis",
      "de": "Memphis",
      "nl": "Memphis",
      "zh": "孟菲斯",
      "ko": "멤피스",
      "hi": "मेम्फिस",
      "tr": "Memphis",
      "pl": "Memphis"
    }
  },
  "US::gatlinburg": {
    "type": "medium_city",
    "names": {
      "_default": "Gatlinburg",
      "fr": "Gatlinburg",
      "en": "Gatlinburg",
      "es": "Gatlinburg",
      "it": "Gatlinburg",
      "pt": "Gatlinburg",
      "de": "Gatlinburg",
      "nl": "Gatlinburg",
      "ar": "غاتلينبورغ",
      "zh": "Gatlinburg",
      "ja": "ガトリンバーグ",
      "pl": "Gatlinburg"
    }
  },
  "US::salt-lake-city": {
    "type": "large_city",
    "names": {
      "en": "Salt Lake County",
      "fr": "comté de Salt Lake",
      "es": "Condado de Salt Lake",
      "it": "contea di Salt Lake",
      "pt": "Condado de Salt Lake",
      "de": "Salt Lake County",
      "nl": "Salt Lake County",
      "ar": "مقاطعة سولت ليك",
      "zh": "鹽湖縣",
      "ja": "ソルト・レイク郡",
      "ko": "솔트레이크군",
      "ru": "Солт-Лейк",
      "tr": "Salt Lake ilçesi",
      "pl": "Hrabstwo Salt Lake"
    }
  },
  "US::phoenix": {
    "type": "medium_city",
    "names": {
      "fr": "Phoenix",
      "en": "Phoenix",
      "es": "Phoenix",
      "it": "Phoenix",
      "pt": "Phoenix",
      "de": "Phoenix",
      "ar": "فينيكس",
      "zh": "菲尼克斯;鳳凰城",
      "ja": "フェニックス",
      "ko": "피닉스",
      "ru": "Финикс",
      "hi": "फ़िनक्स",
      "pl": "Phoenix",
      "nl": "Phoenix",
      "tr": "Phoenix"
    }
  },
  "US::port-angeles": {
    "type": "large_city",
    "names": {
      "fr": "Port Angeles",
      "en": "Port Angeles",
      "es": "Port Angeles",
      "it": "Port Angeles",
      "pt": "Port Angeles",
      "de": "Port Angeles",
      "nl": "Port Angeles",
      "ar": "بورت أنجلوس",
      "zh": "安吉利斯港",
      "ja": "ポートエンジェルス",
      "ko": "포트앤젤레스",
      "ru": "Порт-Анджелес",
      "hi": "पोर्ट एंजेल्स",
      "tr": "Port Angeles",
      "pl": "Port Angeles"
    }
  },
  "US::estes-park": {
    "type": "small_city",
    "names": {
      "_default": "Estes Park",
      "fr": "Estes Park",
      "en": "Estes Park",
      "es": "Estes Park",
      "it": "Estes Park",
      "pt": "Estes Park",
      "de": "Estes Park",
      "nl": "Estes Park",
      "ar": "إستيس بارك",
      "zh": "埃斯特斯公园",
      "ja": "エステス・パーク",
      "ru": "Эстес Парк",
      "pl": "Estes Park"
    }
  },
  "US::springfield-il": {
    "type": "medium_city",
    "names": {
      "en": "Springfield",
      "ru": "Спрингфилд",
      "pl": "Springfield",
      "fr": "Springfield",
      "es": "Springfield",
      "it": "Springfield",
      "pt": "Springfield",
      "de": "Springfield",
      "nl": "Springfield",
      "ar": "سبرينغفيلد",
      "zh": "斯普林菲尔德",
      "ja": "スプリングフィールド",
      "ko": "스프링필드",
      "hi": "स्प्रिंगफील्ड",
      "tr": "Springfield"
    }
  },
  "US::san-antonio": {
    "type": "large_city",
    "names": {
      "fr": "San Antonio",
      "en": "San Antonio",
      "es": "San Antonio",
      "it": "San Antonio",
      "pt": "San Antonio",
      "de": "San Antonio",
      "ar": "سان أنطونيو",
      "zh": "圣安东尼奥;聖安東尼奧",
      "ja": "サンアントニオ",
      "ko": "샌안토니오",
      "ru": "Сан-Антонио",
      "hi": "सैन एन्टोनियो",
      "tr": "San Antonio",
      "nl": "San Antonio",
      "pl": "San Antonio"
    }
  },
  "US::omaha": {
    "type": "medium_city",
    "names": {
      "en": "Omaha",
      "ru": "Омаха",
      "fr": "Omaha",
      "es": "Omaha",
      "it": "Omaha",
      "pt": "Omaha",
      "de": "Omaha",
      "nl": "Omaha",
      "ar": "أوماها",
      "zh": "奥马哈",
      "ja": "オマハ",
      "ko": "오마하",
      "hi": "ओमाहा",
      "tr": "Omaha",
      "pl": "Omaha"
    }
  },
  "US::kansas-city": {
    "type": "small_city",
    "names": {
      "fr": "Kansas",
      "en": "Kansas",
      "de": "Kansas",
      "nl": "Kansas",
      "ar": "كانساس",
      "zh": "堪萨斯州;堪薩斯州",
      "ja": "カンザス州",
      "ko": "캔자스",
      "ru": "Канзас",
      "hi": "कैंसास",
      "pl": "Kansas",
      "es": "Kansas",
      "it": "Kansas",
      "pt": "Kansas",
      "tr": "Kansas"
    }
  },
  "US::niagara-falls": {
    "type": "medium_city",
    "names": {
      "en": "Niagara Falls",
      "ru": "Ниагарский водопад",
      "fr": "chutes du Niagara",
      "es": "Cataratas del Niágara",
      "it": "cascate del Niagara",
      "pt": "Cataratas do Niágara",
      "de": "Niagarafälle",
      "nl": "Niagarawatervallen",
      "ar": "شلالات نياغارا",
      "zh": "尼亚加拉瀑布",
      "ja": "ナイアガラの滝",
      "ko": "나이아가라 폭포",
      "hi": "नायाग्रा जल प्रपात",
      "tr": "Niagara Şelalesi",
      "pl": "Niagara"
    }
  },
  "US::rochester": {
    "type": "medium_city",
    "names": {
      "en": "City of Rochester",
      "ru": "Рочестер",
      "fr": "Rochester",
      "es": "Rochester",
      "it": "Rochester",
      "pt": "Rochester",
      "de": "Rochester",
      "nl": "Rochester",
      "ar": "روتشستر",
      "zh": "羅徹斯特",
      "ja": "ロチェスター",
      "ko": "로체스터",
      "hi": "रोचेस्टर",
      "tr": "Rochester",
      "pl": "Rochester"
    }
  },
  "US::monterey": {
    "type": "medium_city",
    "names": {
      "en": "Monterey County",
      "es": "Condado de Monterrey",
      "fr": "comté de Monterey",
      "it": "contea di Monterey",
      "pt": "Condado de Monterey",
      "de": "Monterey County",
      "nl": "Monterey County",
      "ar": "مقاطعة مونتيري",
      "zh": "蒙特雷縣",
      "ja": "モントレー郡",
      "ko": "몬터레이군",
      "ru": "Монтерей",
      "tr": "Monterey ilçesi",
      "pl": "Hrabstwo Monterey"
    }
  },
  "US::albuquerque-nm": {
    "type": "medium_city",
    "names": {
      "en": "Albuquerque",
      "es": "Albuquerque",
      "nl": "Albuquerque",
      "ar": "ألباكركي",
      "zh": "阿尔伯克基;阿布奎基;阿爾伯克基",
      "ja": "アルバカーキ",
      "ko": "앨버커키",
      "ru": "Альбукерке",
      "fr": "Albuquerque",
      "it": "Albuquerque",
      "pt": "Albuquerque",
      "de": "Albuquerque",
      "hi": "अल्बुकर्क",
      "tr": "Albuquerque",
      "pl": "Albuquerque"
    }
  },
  "US::colorado-springs": {
    "type": "medium_city",
    "names": {
      "en": "Colorado Springs",
      "ar": "كولورادو سبرينغز",
      "zh": "科罗拉多斯普林斯",
      "ja": "コロラドスプリングス",
      "ko": "콜로라도스프링스",
      "ru": "Колорадо-Спрингс",
      "fr": "Colorado Springs",
      "es": "Colorado Springs",
      "it": "Colorado Springs",
      "pt": "Colorado Springs",
      "de": "Colorado Springs",
      "nl": "Colorado Springs",
      "hi": "कोलोराडो स्प्रिंग्स",
      "tr": "Colorado Springs",
      "pl": "Colorado Springs"
    }
  },
  "US::buffalo": {
    "type": "medium_city",
    "names": {
      "en": "Buffalo",
      "ar": "بوفالو",
      "zh": "水牛城",
      "ja": "バッファロー",
      "ru": "Буффало",
      "fr": "Buffalo",
      "es": "Búfalo",
      "it": "Buffalo",
      "pt": "Buffalo",
      "de": "Buffalo",
      "nl": "Buffalo",
      "ko": "버펄로",
      "hi": "बफ़ेलो",
      "tr": "Buffalo",
      "pl": "Buffalo"
    }
  },
  "US::tusayan": {
    "type": "small_city",
    "names": {
      "en": "Tusayan",
      "fr": "Tusayan",
      "es": "Tusayan",
      "it": "Tusayan",
      "pt": "Tusayan",
      "de": "Tusayan",
      "nl": "Tusayan",
      "ar": "توسايان",
      "zh": "萨扬",
      "ja": "ツサヤン",
      "tr": "Tusayan",
      "pl": "Tusayan"
    }
  },
  "US::chattanooga": {
    "type": "medium_city",
    "names": {
      "en": "Chattanooga",
      "ru": "Чаттануга",
      "fr": "Chattanooga",
      "es": "Chattanooga",
      "it": "Chattanooga",
      "pt": "Chattanooga",
      "de": "Chattanooga",
      "nl": "Chattanooga",
      "ar": "تشاتانوغا",
      "zh": "查塔努加",
      "ja": "チャタヌーガ",
      "ko": "채터누가",
      "hi": "चट्टानूगा",
      "tr": "Chattanooga",
      "pl": "Chattanooga"
    }
  },
  "US::baton-rouge": {
    "type": "small_city",
    "names": {
      "fr": "Bâton-Rouge",
      "en": "Baton Rouge",
      "es": "Baton Rouge",
      "ru": "Батон-Руж",
      "pl": "Baton Rouge",
      "it": "Baton Rouge",
      "pt": "Baton Rouge",
      "de": "Baton Rouge",
      "nl": "Baton Rouge",
      "ar": "باتون روج",
      "zh": "巴吞鲁日",
      "ja": "バトン・ルージュ",
      "ko": "배턴루지",
      "hi": "बेटन रूज",
      "tr": "Baton Rouge"
    }
  },
  "US::bryce-canyon-city": {
    "type": "medium_city",
    "names": {
      "_default": "Bryce Canyon",
      "en": "Bryce Canyon",
      "de": "Bryce Canyon"
    }
  },
  "US::cedar-rapids": {
    "type": "medium_city",
    "names": {
      "en": "Cedar Rapids",
      "ru": "Сидар-Рапидс",
      "fr": "Cedar Rapids",
      "es": "Cedar Rapids",
      "it": "Cedar Rapids",
      "pt": "Cedar Rapids",
      "de": "Cedar Rapids",
      "nl": "Cedar Rapids",
      "ar": "سيدار رابيدز",
      "zh": "錫達拉皮茲",
      "ja": "シーダー・ラピッズ",
      "ko": "시더래피즈",
      "hi": "सेडर रैपिड्स",
      "tr": "Cedar Rapids",
      "pl": "Cedar Rapids"
    }
  },
  "US::virginia-beach": {
    "type": "village",
    "names": {
      "fr": "Virginie",
      "en": "Virginia",
      "pt": "Virgínia",
      "nl": "Virginia",
      "ar": "فيرجينيا",
      "zh": "弗吉尼亚州 / 維吉尼亞州 / 維珍尼亞州",
      "ja": "バージニア州",
      "ko": "버지니아",
      "ru": "Виргиния",
      "tr": "Virginia",
      "pl": "Wirginia",
      "es": "Virginia",
      "it": "Virginia",
      "de": "Virginia",
      "hi": "वर्जीनिया"
    }
  },
  "US::mount-rainier": {
    "type": "medium_city",
    "names": {
      "fr": "Mont Rainier",
      "en": "Mount Rainier",
      "es": "Monte Rainier",
      "it": "Monte Rainier",
      "pt": "Monte Rainier",
      "ja": "レーニア山",
      "de": "Mount Rainier",
      "nl": "Mount Rainier",
      "ar": "جبل رينييه",
      "zh": "雷尼爾山",
      "ko": "레이니어산",
      "ru": "Рейнир",
      "hi": "माउण्टरेनियर",
      "tr": "Rainier Dağı",
      "pl": "Mount Rainier"
    }
  },
  "US::st-augustine": {
    "type": "medium_city",
    "names": {
      "en": "St. Augustine",
      "fr": "St. Augustine",
      "es": "St. Augustine",
      "it": "St. Augustine",
      "pt": "St. Augustine",
      "de": "St. Augustine",
      "nl": "St. Augustine",
      "ar": "سانت أغوستين",
      "zh": "聖奧古斯丁 (伊利諾伊州)",
      "pl": "St. Augustine"
    }
  },
  "US::fort-wayne": {
    "type": "medium_city",
    "names": {
      "fr": "Fort Wayne",
      "en": "Fort Wayne",
      "es": "Fuerte Wayne",
      "de": "Fort Wayne",
      "ar": "فورت واين",
      "zh": "韋恩堡;韦恩堡",
      "ja": "フォートウェイン",
      "ko": "포트웨인",
      "ru": "Форт-Уэйн",
      "hi": "फोर्ट वेन",
      "it": "Fort Wayne",
      "pt": "Fort Wayne",
      "nl": "Fort Wayne",
      "tr": "Fort Wayne",
      "pl": "Fort Wayne"
    }
  },
  "US::tucson": {
    "type": "small_city",
    "names": {
      "en": "Tucson",
      "ar": "توسان",
      "ja": "トゥーソン",
      "ko": "투손",
      "ru": "Тусон",
      "fr": "Tucson",
      "es": "Tucson",
      "it": "Tucson",
      "pt": "Tucson",
      "de": "Tucson",
      "nl": "Tucson",
      "zh": "图森",
      "hi": "टूकसों",
      "tr": "Tucson",
      "pl": "Tucson"
    }
  },
  "US::pensacola": {
    "type": "small_city",
    "names": {
      "en": "Pensacola",
      "ru": "Пенсакола",
      "fr": "Pensacola",
      "es": "Pensacola",
      "it": "Pensacola",
      "pt": "Pensacola",
      "de": "Pensacola",
      "nl": "Pensacola",
      "ar": "بينساكولا",
      "zh": "彭萨科拉",
      "ja": "ペンサコーラ",
      "ko": "펜서콜라",
      "hi": "पेनसकोला",
      "tr": "Pensacola",
      "pl": "Pensacola"
    }
  },
  "US::cortez": {
    "type": "medium_city",
    "names": {
      "en": "Cortez",
      "fr": "Cortez",
      "es": "Cortez",
      "it": "Cortez",
      "pt": "Cortez",
      "de": "Cortez",
      "nl": "Cortez",
      "ar": "كورتيز",
      "zh": "科尔特斯",
      "ja": "コルテス",
      "ko": "코르테즈",
      "ru": "Кортез (Колорадо)",
      "tr": "Cortez",
      "pl": "Cortez"
    }
  },
  "US::reno": {
    "type": "medium_city",
    "names": {
      "en": "Reno",
      "ja": "リノ",
      "ru": "Рино",
      "fr": "Reno",
      "es": "Reno",
      "it": "Reno",
      "pt": "Reno",
      "de": "Reno",
      "nl": "Reno",
      "ar": "رينو",
      "zh": "雷諾",
      "ko": "리노",
      "hi": "रेनो",
      "tr": "Reno",
      "pl": "Reno"
    }
  },
  "US::tallahassee": {
    "type": "small_city",
    "names": {
      "fr": "Tallahassee",
      "en": "Tallahassee",
      "es": "Tallahassee",
      "it": "Tallahassee",
      "pt": "Tallahassee",
      "de": "Tallahassee",
      "nl": "Tallahassee",
      "ar": "تالاهاسي",
      "zh": "塔拉赫西;塔拉哈西",
      "ja": "タラハシー",
      "ko": "탤러해시",
      "ru": "Таллахасси",
      "tr": "Tallahassee",
      "pl": "Tallahassee",
      "hi": "टालाहासी"
    }
  },
  "US::sedona": {
    "type": "medium_city",
    "names": {
      "en": "Sedona",
      "ar": "سيدونا",
      "zh": "塞多纳",
      "ja": "セドナ",
      "ko": "세도나",
      "ru": "Седона",
      "fr": "Sedona",
      "es": "Sedona",
      "it": "Sedona",
      "pt": "Sedona",
      "de": "Sedona",
      "nl": "Sedona",
      "tr": "Sedona",
      "pl": "Sedona"
    }
  },
  "US::friday-harbor": {
    "type": "medium_city",
    "names": {
      "_default": "Friday Harbor",
      "fr": "Friday Harbor",
      "en": "Friday Harbor",
      "es": "Friday Harbor",
      "it": "Friday Harbor",
      "pt": "Friday Harbor",
      "de": "Friday Harbor",
      "nl": "Friday Harbor",
      "ar": "فرايداي هاربور",
      "zh": "星期五港",
      "ja": "フライデー・ハーバー",
      "ru": "Фрайди-Харбор",
      "pl": "Friday Harbor"
    }
  },
  "US::anchorage": {
    "type": "medium_city",
    "names": {
      "en": "Anchorage",
      "pt": "Anchorage",
      "nl": "Anchorage",
      "ar": "أنكوريج",
      "zh": "安克雷奇;安克拉治",
      "ja": "アンカレッジ",
      "ko": "앵커리지",
      "ru": "Анкоридж",
      "hi": "एंकोरेज",
      "tr": "Anchorage",
      "fr": "Anchorage",
      "es": "Anchorage",
      "it": "Anchorage",
      "de": "Anchorage",
      "pl": "Anchorage"
    }
  },
  "US::santa-fe": {
    "type": "small_city",
    "names": {
      "en": "Santa Fe",
      "pt": "Santa Fé",
      "ar": "سانتا فيه",
      "zh": "圣菲;聖塔菲;聖達菲",
      "ko": "샌타페이",
      "ru": "Санта-Фе",
      "pl": "Santa Fe",
      "fr": "Santa Fe",
      "es": "Santa Fe",
      "it": "Santa Fe",
      "de": "Santa Fe",
      "nl": "Santa Fe",
      "ja": "サンタ・フェ",
      "hi": "साण्टा फे",
      "tr": "Santa Fe"
    }
  },
  "US::pella": {
    "type": "medium_city",
    "names": {
      "_default": "Pella",
      "fr": "Pella",
      "en": "Pella",
      "es": "Pella",
      "it": "Pella",
      "de": "Pella",
      "nl": "Pella",
      "ar": "بيلا",
      "zh": "佩拉",
      "ja": "ペラ",
      "ko": "펠라",
      "ru": "Пелла",
      "tr": "Pella",
      "pl": "Pella"
    }
  },
  "US::ithaca": {
    "type": "medium_city",
    "names": {
      "en": "Town of Ithaca",
      "ru": "Итака",
      "fr": "Ithaca",
      "es": "Ithaca",
      "it": "Ithaca",
      "pt": "Ithaca",
      "de": "Ithaca",
      "nl": "Ithaca",
      "ar": "ايثاكا",
      "zh": "绮色佳",
      "ja": "イサカ",
      "ko": "이타카",
      "tr": "Ithaca",
      "pl": "Ithaca"
    }
  },
  "US::bozeman": {
    "type": "medium_city",
    "names": {
      "en": "Bozeman",
      "ru": "Бозмен",
      "fr": "Bozeman",
      "es": "Bozeman",
      "it": "Bozeman",
      "pt": "Bozeman",
      "de": "Bozeman",
      "nl": "Bozeman",
      "ar": "بوزيمان",
      "zh": "博兹曼市",
      "ja": "ボーズマン",
      "ko": "보즈먼",
      "hi": "बोझमन",
      "tr": "Bozeman",
      "pl": "Bozeman"
    }
  },
  "US::fresno": {
    "type": "small_city",
    "names": {
      "fr": "Fresno",
      "en": "Fresno",
      "de": "Fresno",
      "nl": "Fresno",
      "ar": "فريسنو",
      "ja": "フレズノー",
      "ru": "Фресно",
      "pl": "Fresno",
      "es": "Fresno",
      "it": "Fresno",
      "pt": "Fresno",
      "zh": "弗雷斯诺",
      "ko": "프레즈노",
      "hi": "फ़्रेस्नो",
      "tr": "Fresno"
    }
  },
  "US::bar-harbor": {
    "type": "medium_city",
    "names": {
      "en": "Bar Harbor",
      "ko": "바하버",
      "fr": "Bar Harbor",
      "es": "Bar Harbor",
      "it": "Bar Harbor",
      "pt": "Bar Harbor",
      "de": "Bar Harbor",
      "nl": "Bar Harbor",
      "ar": "بار هربور",
      "zh": "巴港",
      "ja": "バーハーバー",
      "ru": "Бар-Харбор",
      "tr": "Bar Harbor",
      "pl": "Bar Harbor"
    }
  },
  "US::south-bend": {
    "type": "medium_city",
    "names": {
      "en": "South Bend",
      "ar": "ساوث بند",
      "ru": "Саут-Бенд",
      "fr": "South Bend",
      "es": "South Bend",
      "it": "South Bend",
      "pt": "South Bend",
      "de": "South Bend",
      "nl": "South Bend",
      "zh": "南本德",
      "ja": "サウス・ベンド",
      "ko": "사우스벤드",
      "hi": "साउथ बेंड",
      "tr": "South Bend",
      "pl": "South Bend"
    }
  },
  "US::traverse-city": {
    "type": "medium_city",
    "names": {
      "en": "Traverse County",
      "fr": "comté de Traverse",
      "es": "condado de Traverse",
      "it": "contea di Traverse",
      "pt": "condado de Traverse",
      "de": "Traverse County",
      "nl": "Traverse County",
      "ar": "مقاطعة ترافيرس",
      "zh": "特拉弗斯縣",
      "ja": "トラヴァース郡",
      "ko": "트래버스군",
      "ru": "Траверс",
      "tr": "Traverse ilçesi",
      "pl": "Hrabstwo Traverse"
    }
  },
  "US::jackson": {
    "type": "medium_city",
    "names": {
      "en": "Jackson",
      "ru": "Джэксон",
      "pl": "Jackson",
      "fr": "Jackson",
      "es": "Jackson",
      "it": "Jackson",
      "pt": "Jackson",
      "de": "Jackson",
      "nl": "Jackson",
      "ar": "جاكسون",
      "zh": "杰克逊",
      "ja": "ジャクソン",
      "ko": "잭슨",
      "hi": "जैक्सन",
      "tr": "Jackson"
    }
  },
  "US::hagatna": {
    "type": "small_city",
    "names": {
      "fr": "Hagåtña",
      "en": "Hagåtña",
      "es": "Agaña",
      "zh": "阿加尼亚;阿加尼亞",
      "it": "Hagåtña",
      "pt": "Hagåtña",
      "de": "Hagåtña",
      "nl": "Hagåtña",
      "ar": "هاغاتنيا",
      "ja": "ハガニア",
      "ko": "하갓냐",
      "ru": "Хагатна",
      "hi": "हगातना",
      "tr": "Hagåtña",
      "pl": "Hagåtña"
    }
  },
  "US::portland-me": {
    "type": "small_city",
    "names": {
      "en": "Whole Foods Market",
      "fr": "Portland Pilots men's basketball",
      "ja": "ポートランド・パイロッツ男子バスケットボール",
      "tr": "Portland Pilots (erkek basketbol takımı)",
      "pl": "Portland Pilots"
    }
  },
  "US::grand-canyon-village": {
    "type": "small_city",
    "names": {
      "_default": "Grand Canyon Village",
      "fr": "Grand Canyon Village",
      "en": "Grand Canyon Village",
      "es": "Grand Canyon Village",
      "it": "Grand Canyon Village",
      "pt": "Grand Canyon Village",
      "de": "Grand Canyon Village",
      "nl": "Grand Canyon Village",
      "ar": "غراند كانيون",
      "zh": "大峽谷村",
      "ja": "グランド・キャニオン・ビレッジ",
      "tr": "Grand Canyon Village",
      "pl": "Grand Canyon Village"
    }
  },
  "US::pigeon-forge": {
    "type": "medium_city",
    "names": {
      "_default": "Pigeon Forge",
      "fr": "Pigeon Forge",
      "en": "Pigeon Forge",
      "es": "Pigeon Forge",
      "it": "Pigeon Forge",
      "pt": "Pigeon Forge",
      "de": "Pigeon Forge",
      "nl": "Pigeon Forge",
      "ar": "بيغون فورغ",
      "zh": "鴿子谷",
      "ja": "ピジョン・フォージ",
      "ru": "Пиджен-Фордж",
      "tr": "Pigeon Forge",
      "pl": "Pigeon Forge"
    }
  },
  "US::new-orleans-airport": {
    "type": "small_city",
    "names": {
      "fr": "Aéroport international Louis Armstrong de La Nouvelle-Orléans",
      "en": "Louis Armstrong New Orleans International Airport",
      "es": "Aeropuerto Internacional Louis Armstrong",
      "it": "Louis Armstrong New Orleans International Airport",
      "pt": "Aeroporto Internacional de Nova Orleães Louis Armstrong",
      "de": "Louis Armstrong New Orleans International Airport",
      "nl": "Louis Armstrong New Orleans International Airport",
      "ar": "مطار نيو أورلينز لويس أرمسترونغ الدولي",
      "zh": "新奥尔良路易斯阿姆斯特朗国际机场",
      "ja": "ルイ・アームストロング・ニューオーリンズ国際空港",
      "ko": "루이 암스트롱 뉴올리언스 국제공항",
      "ru": "Международный аэропорт Новый Орлеан имени Луи Армстронга",
      "tr": "Louis Armstrong New Orleans Uluslararası Havalimanı",
      "pl": "Port lotniczy Nowy Orlean-Louis Armstrong"
    }
  },
  "US::san-luis-obispo": {
    "type": "medium_city",
    "names": {
      "en": "San Luis Obispo County",
      "es": "Condado de San Luis Obispo",
      "de": "San Luis Obispo",
      "fr": "comté de San Luis Obispo",
      "it": "contea di San Luis Obispo",
      "pt": "Condado de San Luis Obispo",
      "nl": "San Luis Obispo County",
      "ar": "مقاطعة سان لويس أوبيسبو",
      "zh": "聖路易斯-奧比斯波縣",
      "ja": "サン・ルイス・オビスポ郡",
      "ko": "샌루이스오비스포군",
      "ru": "Сан-Луис-Обиспо",
      "tr": "San Luis Obispo ilçesi",
      "pl": "Hrabstwo San Luis Obispo"
    }
  },
  "US::ocean-city": {
    "type": "village",
    "names": {
      "en": "Ocean County",
      "fr": "comté d'Ocean",
      "es": "Condado de Ocean",
      "it": "contea di Ocean",
      "pt": "Condado de Ocean",
      "de": "Ocean County",
      "nl": "Ocean County",
      "ar": "مقاطعة أوشن",
      "zh": "大洋县",
      "ja": "オーシャン郡",
      "ko": "오션군",
      "ru": "Ошен",
      "tr": "Ocean ilçesi",
      "pl": "Hrabstwo Ocean"
    }
  },
  "US::kailua-kona": {
    "type": "small_city",
    "names": {
      "fr": "Kailua-Kona",
      "en": "Kailua",
      "es": "Kailua-Kona",
      "it": "Kailua-Kona",
      "pt": "Kailua-Kona",
      "ja": "カイルア・コナ",
      "ru": "Каилуа-Кона",
      "de": "Kailua-Kona",
      "nl": "Kailua",
      "ar": "كايلوا-كونا",
      "zh": "凱盧阿",
      "ko": "카일루아코나",
      "hi": "कैलुआ-कोना",
      "tr": "Kailua",
      "pl": "Kailua"
    }
  },
  "US::sioux-falls": {
    "type": "medium_city",
    "names": {
      "en": "Sioux Falls",
      "ru": "Су-Фолс",
      "hi": "सिओक्स फॉल्स",
      "fr": "Sioux Falls",
      "es": "Sioux Falls",
      "it": "Sioux Falls",
      "pt": "Sioux Falls",
      "de": "Sioux Falls",
      "nl": "Sioux Falls",
      "ar": "سو فولز",
      "zh": "蘇瀑",
      "ja": "スー・フォールズ",
      "ko": "수폴스",
      "tr": "Sioux Falls",
      "pl": "Sioux Falls"
    }
  },
  "US::asheville": {
    "type": "small_city",
    "names": {
      "en": "Asheville",
      "ru": "Эшвилл",
      "fr": "Asheville",
      "es": "Asheville",
      "it": "Asheville",
      "pt": "Asheville",
      "de": "Asheville",
      "nl": "Asheville",
      "ar": "آشفيل",
      "zh": "阿什维尔",
      "ja": "アシュヴィル",
      "ko": "애슈빌",
      "hi": "ऐशविल",
      "tr": "Asheville",
      "pl": "Asheville"
    }
  },
  "US::olympia": {
    "type": "small_city",
    "names": {
      "fr": "Olympia",
      "en": "Olympia",
      "es": "Olympia",
      "pt": "Olympia",
      "de": "Olympia",
      "ar": "أولمبيا",
      "zh": "奧林匹亞",
      "ja": "オリンピア",
      "ko": "올림피아",
      "ru": "Олимпия",
      "pl": "Olympia",
      "it": "Olympia",
      "nl": "Olympia",
      "hi": "ओलंपिया",
      "tr": "Olympia"
    }
  },
  "US::luray": {
    "type": "small_city",
    "names": {
      "_default": "Luray",
      "fr": "Luray",
      "en": "Luray",
      "es": "Luray",
      "it": "Luray",
      "pt": "Luray",
      "de": "Luray",
      "nl": "Luray",
      "ar": "لوراي",
      "zh": "卢瑞",
      "ja": "ルーレイ",
      "ru": "Лурэй",
      "pl": "Luray"
    }
  },
  "US::palm-springs": {
    "type": "small_city",
    "names": {
      "en": "Palm Springs",
      "zh": "棕榈泉",
      "ru": "Палм-Спрингс",
      "fr": "Palm Springs",
      "es": "Palm Springs",
      "it": "Palm Springs",
      "pt": "Palm Springs",
      "de": "Palm Springs",
      "nl": "Palm Springs",
      "ar": "بالم سبرينغس",
      "ja": "パーム・スプリングズ",
      "ko": "팜스프링스",
      "hi": "पाम स्प्रिंग्स",
      "tr": "Palm Springs",
      "pl": "Palm Springs"
    }
  },
  "US::redding": {
    "type": "medium_city",
    "names": {
      "en": "Redding",
      "ar": "ريدينغ",
      "ru": "Реддинг",
      "fr": "Redding",
      "es": "Redding",
      "it": "Redding",
      "pt": "Redding",
      "de": "Redding",
      "nl": "Redding",
      "zh": "雷丁",
      "ja": "レディング",
      "ko": "레딩",
      "hi": "रेडिंग",
      "tr": "Redding",
      "pl": "Redding"
    }
  },
  "US::telluride": {
    "type": "medium_city",
    "names": {
      "_default": "Telluride",
      "fr": "Telluride",
      "en": "Telluride",
      "es": "Telluride",
      "it": "Telluride",
      "pt": "Telluride",
      "de": "Telluride",
      "nl": "Telluride",
      "ar": "تيلورايد",
      "zh": "特柳賴德",
      "ja": "テルユライド",
      "ko": "텔류라이드",
      "ru": "Тельюрайд",
      "pl": "Telluride"
    }
  },
  "US::little-rock": {
    "type": "small_city",
    "names": {
      "en": "Little Rock",
      "zh": "小石城",
      "ru": "Литл-Рок",
      "pl": "Little Rock",
      "fr": "Little Rock",
      "es": "Little Rock",
      "it": "Little Rock",
      "pt": "Little Rock",
      "de": "Little Rock",
      "nl": "Little Rock",
      "ar": "ليتل روك",
      "ja": "リトル・ロック",
      "ko": "리틀록",
      "hi": "लिटिल रॉक",
      "tr": "Little Rock"
    }
  },
  "US::lafayette": {
    "type": "medium_city",
    "names": {
      "en": "Lafayette",
      "ru": "Лафайетт",
      "fr": "Lafayette",
      "es": "Lafayette",
      "it": "Lafayette",
      "pt": "Lafayette",
      "de": "Lafayette",
      "nl": "Lafayette",
      "ar": "لافاييت",
      "zh": "拉法葉",
      "ja": "ラファイエット",
      "ko": "라페이엣",
      "hi": "लाफेट",
      "tr": "Lafayette",
      "pl": "Lafayette"
    }
  },
  "US::lahaina": {
    "type": "small_city",
    "names": {
      "en": "Lahaina",
      "zh": "拉海纳",
      "fr": "Lahaina",
      "es": "Lahaina",
      "it": "Lahaina",
      "pt": "Lahaina",
      "de": "Lāhainā",
      "nl": "Lahaina",
      "ar": "لاهاينا",
      "ja": "ラハイナ",
      "ko": "라하이나",
      "ru": "Лахаина",
      "tr": "Lahaina",
      "pl": "Lahaina"
    }
  },
  "US::duluth": {
    "type": "small_city",
    "names": {
      "en": "Duluth",
      "ja": "ダルース",
      "ru": "Дулут",
      "fr": "Duluth",
      "es": "Duluth",
      "it": "Duluth",
      "pt": "Duluth",
      "de": "Duluth",
      "nl": "Duluth",
      "ar": "دولوث",
      "zh": "德卢斯",
      "ko": "덜루스",
      "hi": "डुलथ",
      "tr": "Duluth",
      "pl": "Duluth"
    }
  },
  "US::san-bernardino-ca": {
    "type": "small_city",
    "names": {
      "en": "Metrolink Station;San Bernardino, CA (SNB)",
      "it": "monastero di San Bernardino",
      "de": "San Bernardino Caravaggio"
    }
  },
  "US::boone": {
    "type": "small_city",
    "names": {
      "en": "Boone County",
      "fr": "comté de Boone",
      "es": "Condado de Boone",
      "it": "contea di Boone",
      "pt": "Condado de Boone",
      "de": "Boone County",
      "nl": "Boone County",
      "ar": "مقاطعة بون",
      "zh": "布恩縣",
      "ja": "ブーン郡",
      "ko": "분군",
      "ru": "Бун",
      "tr": "Boone ilçesi",
      "pl": "Hrabstwo Boone"
    }
  },
  "US::tumon": {
    "type": "small_city",
    "names": {
      "_default": "Tumon Beach",
      "en": "Tumon",
      "es": "Tumón",
      "de": "Tumon",
      "ar": "تومون",
      "zh": "图蒙",
      "ja": "タモン",
      "ru": "Тумон"
    }
  },
  "US::fairbanks": {
    "type": "medium_city",
    "names": {
      "fr": "Fairbanks",
      "en": "Fairbanks",
      "ar": "فيربانكس",
      "zh": "費爾班克斯",
      "ja": "フェアバンクス",
      "ko": "페어뱅크스",
      "ru": "Фэрбанкс",
      "tr": "Fairbanks",
      "es": "Fairbanks",
      "it": "Fairbanks",
      "pt": "Fairbanks",
      "de": "Fairbanks",
      "nl": "Fairbanks",
      "hi": "फेयरबैंक्स",
      "pl": "Fairbanks"
    }
  },
  "US::rapid-city": {
    "type": "medium_city",
    "names": {
      "_default": "Rapid",
      "fr": "rapides",
      "en": "rapids",
      "es": "rápido",
      "it": "rapida",
      "pt": "corredeira",
      "de": "Stromschnelle",
      "nl": "stroomversnelling",
      "ar": "تيارات نهرية سريعة",
      "zh": "急流",
      "ja": "急流",
      "ko": "급류",
      "ru": "речной порог",
      "hi": "द्रुत",
      "tr": "coşkun ırmak",
      "pl": "Próg rzeczny"
    }
  },
  "US::aspen": {
    "type": "small_city",
    "names": {
      "_default": "Aspen",
      "fr": "Aspen",
      "en": "Aspen",
      "es": "Aspen",
      "it": "Aspen",
      "pt": "Aspen",
      "de": "Aspen",
      "nl": "Aspen",
      "ar": "أسبن",
      "zh": "阿斯彭",
      "ja": "アスペン",
      "ko": "애스펀",
      "ru": "Аспен",
      "hi": "एस्पेंन",
      "tr": "Aspen",
      "pl": "Aspen"
    }
  },
  "US::malibu": {
    "type": "medium_city",
    "names": {
      "en": "Malibu",
      "fr": "Malibu",
      "es": "Malibú",
      "it": "Malibù",
      "pt": "Malibu",
      "de": "Malibu",
      "nl": "Malibu",
      "ar": "ماليبو",
      "zh": "马利布",
      "ja": "マリブ",
      "ko": "말리부",
      "ru": "Малибу",
      "tr": "Malibu",
      "pl": "Malibu"
    }
  },
  "US::oakhurst": {
    "type": "small_city",
    "names": {
      "_default": "Oakhurst",
      "fr": "Oakhurst",
      "en": "Oakhurst",
      "es": "Oakhurst",
      "it": "Oakhurst",
      "pt": "Oakhurst",
      "de": "Oakhurst",
      "nl": "Oakhurst",
      "ar": "أواخورست",
      "zh": "奧克荷斯特",
      "tr": "Oakhurst",
      "pl": "Oakhurst"
    }
  },
  "US::crater-lake": {
    "type": "medium_city",
    "names": {
      "en": "Crater Lake",
      "de": "Kratersee",
      "ja": "クレーター湖",
      "fr": "Crater Lake",
      "es": "Lago del Cráter",
      "it": "lago Crater",
      "pt": "Lago Crater",
      "nl": "Crater Lake",
      "ar": "بحيرة كريتر",
      "zh": "火山口湖",
      "ko": "크레이터호",
      "ru": "Крейтер",
      "hi": "क्रेटर झील",
      "tr": "Krater Gölü",
      "pl": "Jezioro Kraterowe"
    }
  },
  "US::st-george": {
    "type": "small_city",
    "names": {
      "en": "St. George",
      "ja": "セントジョージ (ユタ州)",
      "ru": "Сент-Джордж",
      "fr": "Saint George",
      "es": "St. George",
      "it": "St. George",
      "pt": "St. George",
      "de": "St. George",
      "nl": "St. George",
      "ar": "سانت جورج",
      "zh": "圣乔治",
      "ko": "세인트조지",
      "hi": "सेंट जॉर्ज",
      "tr": "St. George",
      "pl": "St. George"
    }
  },
  "US::hood-river": {
    "type": "medium_city",
    "names": {
      "en": "Hood River County",
      "fr": "comté de Hood River",
      "es": "Condado de Hood River",
      "it": "contea di Hood River",
      "pt": "Condado de Hood River",
      "de": "Hood River County",
      "nl": "Hood River County",
      "ar": "مقاطعة هود ريفير",
      "zh": "胡德里佛縣",
      "ja": "フッドリバー郡",
      "ko": "후드리버군",
      "ru": "Худ-Ривер",
      "tr": "Hood River ilçesi",
      "pl": "Hrabstwo Hood River"
    }
  },
  "US::south-lake-tahoe": {
    "type": "village",
    "names": {
      "_default": "South Lake Tahoe",
      "fr": "South Lake Tahoe",
      "en": "South Lake Tahoe",
      "es": "South Lake Tahoe",
      "it": "South Lake Tahoe",
      "pt": "South Lake Tahoe",
      "de": "South Lake Tahoe",
      "nl": "South Lake Tahoe",
      "ar": "سووث لاك تاهوي",
      "zh": "南太浩湖",
      "ja": "サウス・レイク・タホ",
      "ru": "Саут-Лейк-Тахо",
      "tr": "South Lake Tahoe",
      "pl": "South Lake Tahoe"
    }
  },
  "US::west-okoboji": {
    "type": "medium_city",
    "names": {
      "_default": "West Okoboji",
      "fr": "West Okoboji",
      "en": "West Okoboji",
      "es": "West Okoboji",
      "it": "West Okoboji",
      "pt": "West Okoboji",
      "de": "West Okoboji",
      "nl": "West Okoboji",
      "ar": "ويست أوكوبوجي",
      "zh": "西歐克博奇 (愛阿華州)",
      "pl": "West Okoboji"
    }
  },
  "US::santa-barbara": {
    "type": "small_city",
    "names": {
      "fr": "Santa Barbara",
      "en": "Santa Barbara",
      "es": "Santa Bárbara",
      "it": "Santa Barbara",
      "pt": "Santa Bárbara",
      "de": "Santa Barbara",
      "nl": "Santa Barbara",
      "ar": "سانتا باربارا",
      "zh": "圣巴巴拉",
      "ja": "サンタバーバラ",
      "ko": "샌타바버라",
      "ru": "Санта-Барбара",
      "pl": "Santa Barbara",
      "hi": "सांता बारबरा",
      "tr": "Santa Barbara"
    }
  },
  "US::bend": {
    "type": "medium_city",
    "names": {
      "en": "Bend",
      "ja": "ベンド",
      "ru": "Бенд",
      "fr": "Bend",
      "es": "Bend",
      "it": "Bend",
      "pt": "Bend",
      "de": "Bend",
      "nl": "Bend",
      "ar": "بيند",
      "zh": "本德",
      "ko": "벤드",
      "hi": "बेंड",
      "tr": "Bend",
      "pl": "Bend"
    }
  },
  "US::galena": {
    "type": "small_city",
    "names": {
      "_default": "Galena",
      "fr": "Galena",
      "en": "Galena",
      "es": "Galena",
      "it": "Galena",
      "pt": "Galena",
      "de": "Galena",
      "nl": "Galena",
      "ar": "غالينا",
      "zh": "嘉連那",
      "ja": "ガリーナ",
      "ko": "갈레나",
      "ru": "Галина",
      "pl": "Galena"
    }
  },
  "US::grand-lake": {
    "type": "medium_city",
    "names": {
      "_default": "Grand Lake",
      "fr": "Grand Lake",
      "en": "Grand Lake",
      "es": "Grand Lake",
      "it": "Grand Lake",
      "pt": "Grand Lake",
      "de": "Grand Lake",
      "nl": "Grand Lake",
      "ar": "غراند ليك",
      "zh": "格兰德莱克",
      "pl": "Grand Lake"
    }
  },
  "US::hyde-park": {
    "type": "small_city",
    "names": {
      "_default": "Hyde Park",
      "fr": "Hyde Park",
      "en": "Hyde Park",
      "es": "Hyde Park",
      "it": "Hyde Park",
      "pt": "Hyde Park",
      "de": "Hyde Park",
      "ar": "هايد بارك",
      "zh": "海德公园",
      "ja": "ハイド・パーク",
      "ko": "하이드 파크",
      "ru": "Гайд-Парк",
      "tr": "Hyde Park"
    }
  },
  "US::bloomington-in": {
    "type": "small_city",
    "names": {
      "en": "Bloomington",
      "fr": "Bloomington",
      "es": "Bloomington",
      "it": "Bloomington",
      "pt": "Bloomington",
      "de": "Bloomington",
      "nl": "Bloomington",
      "ar": "بلومنغتون",
      "zh": "布卢明顿",
      "ja": "ブルーミントン",
      "ko": "블루밍턴",
      "ru": "Блумингтон",
      "hi": "ब्लूमिंगटन",
      "tr": "Bloomington",
      "pl": "Bloomington"
    }
  },
  "US::knoxville": {
    "type": "small_city",
    "names": {
      "en": "Knoxville",
      "ru": "Ноксвилл",
      "fr": "Knoxville",
      "es": "Knoxville",
      "it": "Knoxville",
      "pt": "Knoxville",
      "de": "Knoxville",
      "nl": "Knoxville",
      "ar": "نوكسفيل",
      "zh": "諾克斯維爾",
      "ja": "ノックスビル",
      "ko": "녹스빌",
      "hi": "नॉक्सविले",
      "tr": "Knoxville",
      "pl": "Knoxville"
    }
  },
  "US::tulsa-ok": {
    "type": "medium_city",
    "names": {
      "en": "Tulsa",
      "ru": "Талса",
      "fr": "Tulsa",
      "es": "Tulsa",
      "it": "Tulsa",
      "pt": "Tulsa",
      "de": "Tulsa",
      "nl": "Tulsa",
      "ar": "تلسا",
      "zh": "塔爾薩",
      "ja": "タルサ",
      "ko": "털사",
      "hi": "तुलसा",
      "tr": "Tulsa",
      "pl": "Tulsa"
    }
  },
  "US::west-glacier": {
    "type": "small_city",
    "names": {
      "_default": "West Glacier",
      "fr": "West Glacier",
      "en": "West Glacier",
      "es": "West Glacier",
      "zh": "西冰川",
      "ja": "ウェスト・グレイシャー",
      "pl": "West Glacier"
    }
  },
  "US::ventura": {
    "type": "small_city",
    "names": {
      "en": "Ventura County",
      "fr": "comté de Ventura",
      "es": "Condado de Ventura",
      "it": "contea di Ventura",
      "pt": "Condado de Ventura",
      "de": "Ventura County",
      "nl": "Ventura County",
      "ar": "مقاطعة فينتورا",
      "zh": "文图拉县",
      "ja": "ヴェンチュラ郡",
      "ko": "벤투라군",
      "ru": "Вентура",
      "tr": "Ventura ilçesi",
      "pl": "Hrabstwo Ventura"
    }
  },
  "US::taos": {
    "type": "small_city",
    "names": {
      "_default": "Taos",
      "fr": "Taos",
      "en": "Taos",
      "es": "Taos",
      "it": "Taos",
      "pt": "Taos",
      "de": "Taos",
      "nl": "Taos",
      "ar": "تاوس",
      "zh": "陶斯",
      "ja": "タオス",
      "ko": "타오스",
      "ru": "Таос",
      "pl": "Taos"
    }
  },
  "US::leavenworth": {
    "type": "medium_city",
    "names": {
      "en": "Leavenworth",
      "fr": "Leavenworth",
      "es": "Leavenworth",
      "it": "Leavenworth",
      "pt": "Leavenworth",
      "de": "Leavenworth",
      "nl": "Leavenworth",
      "ar": "ليفنوورث",
      "zh": "萊文沃思",
      "ja": "レヴンワース",
      "ko": "레번워스",
      "ru": "Левенуэрт",
      "tr": "Leavenworth",
      "pl": "Leavenworth"
    }
  },
  "US::st-ignace": {
    "type": "small_city",
    "names": {
      "_default": "Saint Ignace",
      "fr": "Saint-Ignace",
      "en": "St. Ignace",
      "es": "St. Ignace",
      "it": "St. Ignace",
      "de": "St. Ignace",
      "nl": "Saint Ignace",
      "ar": "سانت إغناس",
      "zh": "圣伊尼亚斯",
      "ja": "セイント・イグナス",
      "pl": "St. Ignace"
    }
  },
  "US::yakima": {
    "type": "small_city",
    "names": {
      "fr": "Yakima",
      "en": "Yakima",
      "es": "Yakima",
      "it": "Yakima",
      "pt": "Yakima",
      "de": "Yakima",
      "ar": "ياكيما",
      "zh": "雅基馬",
      "ja": "ヤキマ",
      "ko": "야키마",
      "ru": "Якима",
      "nl": "Yakima",
      "hi": "याकिमा",
      "tr": "Yakima",
      "pl": "Yakima"
    }
  },
  "US::three-rivers": {
    "type": "small_city",
    "names": {
      "_default": "Three Rivers",
      "fr": "Three Rivers",
      "en": "Three Rivers",
      "es": "Three Rivers",
      "it": "Three Rivers",
      "pt": "Three Rivers",
      "nl": "Three Rivers",
      "ar": "ثري ريفرز",
      "zh": "三河",
      "pl": "Three Rivers"
    }
  },
  "US::amarillo-tx": {
    "type": "small_city",
    "names": {
      "en": "Amarillo",
      "ru": "Амарилло",
      "fr": "Amarillo",
      "es": "Amarillo",
      "it": "Amarillo",
      "pt": "Amarillo",
      "de": "Amarillo",
      "nl": "Amarillo",
      "ar": "أماريلو",
      "zh": "阿馬里洛",
      "ja": "アマリロ",
      "ko": "애머릴로",
      "hi": "एमारिलो",
      "tr": "Amarillo",
      "pl": "Amarillo"
    }
  },
  "US::flagstaff-az": {
    "type": "small_city",
    "names": {
      "en": "Flagstaff",
      "ru": "Флагстафф",
      "fr": "Flagstaff",
      "es": "Flagstaff",
      "it": "Flagstaff",
      "pt": "Flagstaff",
      "de": "Flagstaff",
      "nl": "Flagstaff",
      "ar": "فلاغستاف",
      "zh": "弗拉格斯塔夫",
      "ja": "フラッグスタッフ",
      "ko": "플래그스태프",
      "hi": "फ्लैगस्टाफ",
      "tr": "Flagstaff",
      "pl": "Flagstaff"
    }
  },
  "US::jackson-ms": {
    "type": "small_city",
    "names": {
      "en": "Jackson",
      "ru": "Джэксон",
      "pl": "Jackson",
      "fr": "Jackson",
      "es": "Jackson",
      "it": "Jackson",
      "pt": "Jackson",
      "de": "Jackson",
      "nl": "Jackson",
      "ar": "جاكسون",
      "zh": "杰克逊",
      "ja": "ジャクソン",
      "ko": "잭슨",
      "hi": "जैक्सन",
      "tr": "Jackson"
    }
  },
  "US::twentynine-palms": {
    "type": "small_city",
    "names": {
      "en": "Twentynine Palms",
      "fr": "Twentynine Palms",
      "es": "Twentynine Palms",
      "it": "Twentynine Palms",
      "pt": "Twentynine Palms",
      "de": "Twentynine Palms",
      "nl": "Twentynine Palms",
      "ar": "توينتينين بالمس",
      "zh": "二十九棕榈村",
      "ja": "トウェンティナインパームズ",
      "ko": "투웬티나인팜스",
      "ru": "Туэнтинайн-Палмс",
      "tr": "Twentynine Palms",
      "pl": "Twentynine Palms"
    }
  },
  "US::big-sur": {
    "type": "medium_city",
    "names": {
      "_default": "Big Sur",
      "fr": "Big Sur",
      "en": "Big Sur",
      "es": "Big Sur",
      "it": "Big Sur",
      "pt": "Big Sur",
      "de": "Big Sur",
      "nl": "Big Sur",
      "ar": "بيغ سور",
      "zh": "大南方岬",
      "ja": "ビッグサー",
      "ko": "빅서",
      "ru": "Биг-Сур",
      "tr": "Big Sur",
      "pl": "Big Sur"
    }
  },
  "US::grand-junction": {
    "type": "small_city",
    "names": {
      "en": "Grand Junction",
      "ru": "Гранд-Джанкшен",
      "fr": "Grand Junction",
      "es": "Grand Junction",
      "it": "Grand Junction",
      "pt": "Grand Junction",
      "de": "Grand Junction",
      "nl": "Grand Junction",
      "ar": "غراند جنكشن",
      "zh": "大章克申",
      "ja": "グランド・ジャンクション",
      "ko": "그랜드정션",
      "hi": "ग्रांड जंक्शन",
      "tr": "Grand Junction",
      "pl": "Grand Junction"
    }
  },
  "US::kihei": {
    "type": "small_city",
    "names": {
      "en": "Kihei",
      "zh": "基希",
      "fr": "Kihei",
      "es": "Kihei",
      "it": "Kihei",
      "pt": "Kihei",
      "de": "Kīhei",
      "nl": "Kihei",
      "ja": "キヘイ",
      "ru": "Кихеи",
      "tr": "Kihei",
      "pl": "Kihei"
    }
  },
  "US::north-conway": {
    "type": "village",
    "names": {
      "_default": "North Conway",
      "fr": "North Conway",
      "en": "North Conway",
      "es": "North Conway",
      "it": "North Conway",
      "pt": "North Conway",
      "de": "North Conway",
      "nl": "North Conway",
      "ar": "نورث كونواي",
      "zh": "北康韋",
      "ru": "Норт-Конуэй",
      "tr": "North Conway",
      "pl": "North Conway"
    }
  },
  "US::torrey": {
    "type": "small_city",
    "names": {
      "_default": "Torrey",
      "fr": "Torrey",
      "en": "Torrey",
      "es": "Torrey",
      "it": "Torrey",
      "pt": "Torrey",
      "de": "Torrey",
      "nl": "Torrey",
      "ar": "توري",
      "zh": "托里",
      "ru": "Торрей",
      "pl": "Torrey"
    }
  },
  "US::truckee": {
    "type": "small_city",
    "names": {
      "en": "Truckee",
      "ar": "تروكي، نيفادا، كاليفورنيا",
      "fr": "Truckee",
      "es": "Truckee",
      "it": "Truckee",
      "pt": "Truckee",
      "de": "Truckee",
      "nl": "Truckee",
      "zh": "特拉基",
      "ja": "トラッキー",
      "ko": "트러키",
      "ru": "Траки",
      "tr": "Truckee",
      "pl": "Truckee"
    }
  },
  "US::vicksburg": {
    "type": "village",
    "names": {
      "en": "Vicksburg",
      "zh": "维克斯堡",
      "ja": "ヴィックスバーグ",
      "ko": "빅스버그",
      "ru": "Виксберг",
      "fr": "Vicksburg",
      "es": "Vicksburg",
      "it": "Vicksburg",
      "pt": "Vicksburg",
      "de": "Vicksburg",
      "nl": "Vicksburg",
      "ar": "فيكسبيرغ",
      "tr": "Vicksburg",
      "pl": "Vicksburg"
    }
  },
  "US::alamosa": {
    "type": "small_city",
    "names": {
      "en": "Alamosa County",
      "fr": "comté d'Alamosa",
      "es": "condado de Alamosa",
      "it": "contea di Alamosa",
      "pt": "condado de Alamosa",
      "de": "Alamosa County",
      "nl": "Alamosa County",
      "ar": "مقاطعة ألاموسا",
      "zh": "阿拉莫薩縣",
      "ja": "アラモサ郡",
      "ko": "앨라모사군",
      "ru": "Аламоса",
      "tr": "Alamosa ilçesi",
      "pl": "Hrabstwo Alamosa"
    }
  },
  "US::montrose": {
    "type": "small_city",
    "names": {
      "en": "Montrose County",
      "fr": "comté de Montrose",
      "es": "condado de Montrose",
      "it": "contea di Montrose",
      "pt": "condado de Montrose",
      "de": "Montrose County",
      "nl": "Montrose County",
      "ar": "مقاطعة مونتروز",
      "zh": "蒙特羅斯縣",
      "ja": "モントローズ郡",
      "ko": "몬트로즈군",
      "ru": "Монтроз",
      "tr": "Montrose ilçesi",
      "pl": "Hrabstwo Montrose"
    }
  },
  "US::bluff": {
    "type": "village",
    "names": {
      "_default": "Bluff"
    }
  },
  "US::cannon-beach": {
    "type": "small_city",
    "names": {
      "en": "Cannon County"
    }
  },
  "US::big-sky": {
    "type": "small_city",
    "names": {
      "_default": "Big Sky"
    }
  },
  "US::pago-pago": {
    "type": "small_city",
    "names": {
      "fr": "Pago Pago",
      "en": "Pago Pago",
      "es": "Pago Pago",
      "it": "Pago Pago",
      "pt": "Pago Pago",
      "de": "Pago Pago",
      "nl": "Pago Pago",
      "ar": "باغو باغو",
      "zh": "帕果帕果",
      "ja": "パゴパゴ",
      "ko": "파고파고",
      "ru": "Паго-Паго",
      "tr": "Pago Pago",
      "pl": "Pago Pago"
    }
  },
  "US::hilo": {
    "type": "village",
    "names": {
      "en": "Hilo",
      "ko": "힐로"
    }
  },
  "US::lake-tahoe": {
    "type": "medium_city",
    "names": {
      "fr": "Lac Tahoe",
      "en": "Lake Tahoe",
      "es": "Lago Tahoe",
      "it": "Lago Tahoe",
      "pt": "Lago Tahoe",
      "ar": "بحيرة تاهو",
      "ru": "озеро Тахо"
    }
  },
  "US::missoula": {
    "type": "medium_city",
    "names": {
      "en": "Missoula",
      "ru": "Миссула"
    }
  },
  "US::lone-pine": {
    "type": "small_city",
    "names": {
      "_default": "Lone Pine"
    }
  },
  "US::munising": {
    "type": "medium_city",
    "names": {
      "_default": "Munising"
    }
  },
  "US::gardiner": {
    "type": "medium_city",
    "names": {
      "_default": "Gardiner"
    }
  },
  "US::eureka": {
    "type": "small_city",
    "names": {
      "en": "Eureka",
      "ar": "يوريكا",
      "zh": "尤里卡",
      "ko": "유리카",
      "ru": "Юрика"
    }
  },
  "US::natchez": {
    "type": "village",
    "names": {
      "_default": "Natchez"
    }
  },
  "US::cape-may": {
    "type": "village",
    "names": {
      "en": "Cape May County"
    }
  },
  "US::fayetteville-wv": {
    "type": "small_city",
    "names": {
      "_default": "Fayetteville"
    }
  },
  "US::houghton": {
    "type": "small_city",
    "names": {
      "en": "Houghton County"
    }
  },
  "US::mariposa": {
    "type": "small_city",
    "names": {
      "en": "Mariposa County"
    }
  },
  "US::homestead": {
    "type": "small_city",
    "names": {
      "en": "Homestead",
      "ru": "Хомстед"
    }
  },
  "US::lassen-park": {
    "type": "small_city",
    "names": {
      "_default": "Lassen Volcanic National Park"
    }
  },
  "US::virginia-city": {
    "type": "small_city",
    "names": {
      "fr": "Virginie",
      "en": "Virginia",
      "pt": "Virgínia",
      "nl": "Virginia",
      "ar": "فيرجينيا",
      "zh": "弗吉尼亚州 / 維吉尼亞州 / 維珍尼亞州",
      "ja": "バージニア州",
      "ko": "버지니아",
      "ru": "Виргиния",
      "tr": "Virginia",
      "pl": "Wirginia"
    }
  },
  "US::redwood-national-park": {
    "type": "small_city",
    "names": {
      "_default": "Redwood National Park"
    }
  },
  "US::topeka": {
    "type": "medium_city",
    "names": {
      "en": "Topeka",
      "zh": "托皮卡",
      "ru": "Топика",
      "pl": "Topeka"
    }
  },
  "US::big-bend-national-park": {
    "type": "village",
    "names": {
      "_default": "Big Bend National Park"
    }
  },
  "US::marblemount": {
    "type": "small_city",
    "names": {
      "_default": "Marblemount"
    }
  },
  "US::new-harmony": {
    "type": "small_city",
    "names": {
      "_default": "New Harmony"
    }
  },
  "US::page": {
    "type": "small_city",
    "names": {
      "en": "Page County"
    }
  },
  "US::whitefish": {
    "type": "small_city",
    "names": {
      "_default": "Whitefish"
    }
  },
  "US::furnace-creek": {
    "type": "small_city",
    "names": {
      "_default": "Furnace Creek"
    }
  },
  "US::ashford": {
    "type": "small_city",
    "names": {
      "en": "Ashford"
    }
  },
  "US::los-alamos": {
    "type": "small_city",
    "names": {
      "en": "Los Alamos",
      "ru": "Лос-Аламос"
    }
  },
  "US::manhattan-ks": {
    "type": "small_city",
    "names": {
      "en": "Manhattan",
      "ru": "Манхэттен"
    }
  },
  "US::houmas-house": {
    "type": "small_city",
    "names": {
      "_default": "Houmas House"
    }
  },
  "US::many-glacier": {
    "type": "small_city",
    "names": {
      "en": "Many Glacier"
    }
  },
  "US::kahului": {
    "type": "small_city",
    "names": {
      "_default": "Kahului"
    }
  },
  "US::cambria": {
    "type": "medium_city",
    "names": {
      "en": "Cambria County"
    }
  },
  "US::glacier": {
    "type": "small_city",
    "names": {
      "en": "Glacier County"
    }
  },
  "US::houma": {
    "type": "small_city",
    "names": {
      "_default": "Houma"
    }
  },
  "US::walnut-grove": {
    "type": "small_city",
    "names": {
      "_default": "Walnut Grove"
    }
  },
  "US::newport": {
    "type": "small_city",
    "names": {
      "en": "Newport",
      "ko": "뉴포트",
      "ru": "Ньюпорт"
    }
  },
  "US::seward": {
    "type": "small_city",
    "names": {
      "en": "Seward County"
    }
  },
  "US::durango": {
    "type": "small_city",
    "names": {
      "en": "Durango"
    }
  },
  "US::fort-davis": {
    "type": "village",
    "names": {
      "en": "Fort Davis",
      "es": "Fort Davis",
      "zh": "戴维斯堡"
    }
  },
  "US::new-iberia": {
    "type": "small_city",
    "names": {
      "fr": "La Nouvelle-Ibérie",
      "en": "New Iberia",
      "es": "Nueva Iberia",
      "ru": "Нью-Айбирия"
    }
  },
  "US::ely": {
    "type": "small_city",
    "names": {
      "_default": "Ely"
    }
  },
  "US::joshua-tree": {
    "type": "village",
    "names": {
      "_default": "Joshua Tree"
    }
  },
  "US::baker": {
    "type": "village",
    "names": {
      "fr": "Île Baker",
      "en": "Baker Island",
      "es": "Isla Baker",
      "it": "Isola Baker",
      "pt": "Ilha Baker",
      "de": "Bakerinsel",
      "nl": "Baker",
      "ar": "جزيرة بيكر",
      "zh": "贝克岛国家野生动物保护区",
      "ja": "ベーカー島",
      "ko": "베이커섬",
      "ru": "Остров Бейкер",
      "tr": "Baker Adası",
      "pl": "Baker"
    }
  },
  "US::hot-springs": {
    "type": "village",
    "names": {
      "en": "Hot Springs"
    }
  },
  "US::international-falls": {
    "type": "village",
    "names": {
      "en": "International Falls",
      "zh": "國際瀑布城",
      "ru": "Интернешнл-Фоллс"
    }
  },
  "US::kanab": {
    "type": "small_city",
    "names": {
      "en": "Kanab"
    }
  },
  "US::carlsbad": {
    "type": "village",
    "names": {
      "en": "Carlsbad"
    }
  },
  "US::kayenta": {
    "type": "small_city",
    "names": {
      "_default": "Kayenta"
    }
  },
  "US::west-yellowstone": {
    "type": "small_city",
    "names": {
      "_default": "West Yellowstone"
    }
  },
  "US::bayfield": {
    "type": "small_city",
    "names": {
      "en": "Bayfield County"
    }
  },
  "US::volcano-village": {
    "type": "small_city",
    "names": {
      "_default": "Volcano"
    }
  },
  "US::marshall-in": {
    "type": "small_city",
    "names": {
      "en": "Marshall County"
    }
  },
  "US::key-largo": {
    "type": "village",
    "names": {
      "_default": "Key Largo"
    }
  },
  "US::alamogordo": {
    "type": "small_city",
    "names": {
      "en": "Alamogordo",
      "ru": "Аламогордо"
    }
  },
  "US::denali-park": {
    "type": "village",
    "names": {
      "_default": "Denali Park"
    }
  },
  "US::islamorada": {
    "type": "village",
    "names": {
      "_default": "Islamorada"
    }
  },
  "US::winslow-az": {
    "type": "small_city",
    "names": {
      "en": "Winslow"
    }
  },
  "US::cuba-mo": {
    "type": "small_city",
    "names": {
      "_default": "Cuba"
    }
  },
  "US::decorah": {
    "type": "small_city",
    "names": {
      "_default": "Decorah"
    }
  },
  "US::healy": {
    "type": "small_city",
    "names": {
      "_default": "Healy"
    }
  },
  "US::custer": {
    "type": "village",
    "names": {
      "en": "Custer County"
    }
  },
  "US::forks": {
    "type": "village",
    "names": {
      "_default": "Forks"
    }
  },
  "US::holbrook": {
    "type": "small_city",
    "names": {
      "en": "Holbrook"
    }
  },
  "US::marfa": {
    "type": "small_city",
    "names": {
      "en": "Marfa",
      "es": "Marfa",
      "de": "Marfa",
      "ar": "مارفا"
    }
  },
  "US::de-smet": {
    "type": "small_city",
    "names": {
      "_default": "De Smet"
    }
  },
  "US::marathon": {
    "type": "village",
    "names": {
      "en": "Marathon County"
    }
  },
  "US::tavernier": {
    "type": "small_city",
    "names": {
      "_default": "Tavernier"
    }
  },
  "US::cottonwood-falls": {
    "type": "village",
    "names": {
      "_default": "Cottonwood Falls"
    }
  },
  "US::beatty": {
    "type": "village",
    "names": {
      "_default": "Beatty"
    }
  },
  "US::kingman-az": {
    "type": "village",
    "names": {
      "en": "Kingman"
    }
  },
  "US::terlingua": {
    "type": "village",
    "names": {
      "_default": "Terlingua"
    }
  },
  "US::hot-springs-sd": {
    "type": "village",
    "names": {
      "en": "Hot Springs",
      "hi": "हॉट स्प्रिंग्स, दक्षिण डकोटा"
    }
  },
  "US::talkeetna": {
    "type": "village",
    "names": {
      "en": "Talkeetna"
    }
  },
  "US::madison-in": {
    "type": "small_city",
    "names": {
      "en": "Madison County"
    }
  },
  "US::marion-in": {
    "type": "village",
    "names": {
      "en": "Marion"
    }
  },
  "US::guadalupe-mountains-town": {
    "type": "village",
    "names": {
      "_default": "Guadalupe Mountains"
    }
  },
  "US::chinle": {
    "type": "village",
    "names": {
      "en": "Chinle"
    }
  },
  "US::yosemite-groveland": {
    "type": "village",
    "names": {
      "_default": "Yosemite Pines RV Reort & Family Lodging"
    }
  },
  "US::havasu-campground": {
    "type": "small_city",
    "names": {
      "en": "Havasu Campground"
    }
  },
  "US::tucumcari-nm": {
    "type": "small_city",
    "names": {
      "en": "Tucumcari"
    }
  },
  "US::green-river": {
    "type": "village",
    "names": {
      "en": "Green River"
    }
  },
  "US::hanksville": {
    "type": "small_city",
    "names": {
      "_default": "Hanksville"
    }
  },
  "US::harrison": {
    "type": "village",
    "names": {
      "en": "Harrison County"
    }
  },
  "US::apgar": {
    "type": "village",
    "names": {
      "_default": "Apgar"
    }
  },
  "US::oak-alley-plantation": {
    "type": "village",
    "names": {
      "_default": "Oak Alley Plantation"
    }
  },
  "US::wall": {
    "type": "village",
    "names": {
      "_default": "Wall"
    }
  },
  "US::ponca": {
    "type": "village",
    "names": {
      "_default": "Ponca"
    }
  },
  "US::baker-ca": {
    "type": "village",
    "names": {
      "_default": "Baker"
    }
  },
  "US::caliente": {
    "type": "village",
    "names": {
      "_default": "Caliente"
    }
  },
  "US::new-york": {
    "type": "large_city",
    "names": {
      "fr": "New York",
      "en": "New York",
      "es": "Nueva York",
      "it": "New York",
      "pt": "Nova Iorque",
      "de": "New York",
      "ar": "نيويورك",
      "zh": "纽约;紐約",
      "ja": "ニューヨーク",
      "ko": "뉴욕",
      "ru": "Нью-Йорк",
      "hi": "न्यूयॊर्क्",
      "tr": "New York",
      "pl": "Nowy Jork"
    }
  },
  "US::keystone": {
    "type": "village",
    "names": {
      "_default": "Keystone"
    }
  },
  "US::deadwood": {
    "type": "village",
    "names": {
      "en": "Deadwood",
      "ru": "Дедвуд"
    }
  },
  "US::oklahoma-city": {
    "type": "large_city",
    "names": {
      "fr": "Oklahoma",
      "en": "Oklahoma",
      "es": "Oklahoma",
      "pt": "Oklahoma",
      "de": "Oklahoma",
      "nl": "Oklahoma",
      "ar": "أوكلاهوما",
      "zh": "俄克拉何马州;奧克拉荷馬州",
      "ja": "オクラホマ州",
      "ko": "오클라호마",
      "ru": "Оклахома",
      "hi": "ओक्लाहोमा",
      "pl": "Oklahoma"
    }
  },
  "US::amarillo": {
    "type": "medium_city",
    "names": {
      "en": "Amarillo",
      "ru": "Амарилло"
    }
  },
  "US::cincinnati": {
    "type": "large_city",
    "names": {
      "en": "Cincinnati",
      "ar": "سينسيناتي",
      "zh": "辛辛那提",
      "ja": "シンシナティ",
      "ko": "신시내티",
      "ru": "Цинциннати"
    }
  },
  "US::guthrie": {
    "type": "small_city",
    "names": {
      "en": "Guthrie County"
    }
  },
  "US::tucumcari": {
    "type": "village",
    "names": {
      "en": "Tucumcari"
    }
  },
  "US::yuma-colorado": {
    "type": "small_city",
    "names": {
      "en": "Yuma County"
    }
  },
  "US::carthage-sd": {
    "type": "village",
    "names": {
      "_default": "Carthage"
    }
  },
  "US::salton-city": {
    "type": "village",
    "names": {
      "_default": "Salton"
    }
  },
  "US::chauvin": {
    "type": "village",
    "names": {
      "_default": "Chauvin"
    }
  },
  "US::superior-wi": {
    "type": "small_city",
    "names": {
      "en": "City of Superior"
    }
  },
  "US::bayfield-wi": {
    "type": "village",
    "names": {
      "en": "Bayfield County"
    }
  },
  "US::eagle-river-wi": {
    "type": "village",
    "names": {
      "en": "Eagle River"
    }
  },
  "US::ellison-bay-wi": {
    "type": "village",
    "names": {
      "_default": "Ellison Bay"
    }
  },
  "US::ephraim-wi": {
    "type": "village",
    "names": {
      "_default": "Ephraim"
    }
  },
  "US::fish-creek-wi": {
    "type": "village",
    "names": {
      "_default": "Fish Creek"
    }
  },
  "US::jacksonport-wi": {
    "type": "village",
    "names": {
      "en": "Town of Jacksonport"
    }
  },
  "US::sturgeon-bay-wi": {
    "type": "small_city",
    "names": {
      "en": "Sturgeon Bay"
    }
  },
  "US::cedarburg-wi": {
    "type": "small_city",
    "names": {
      "_default": "Cedarburg"
    }
  },
  "US::lake-geneva-wi": {
    "type": "small_city",
    "names": {
      "_default": "Lake Geneva"
    }
  },
  "US::madison-wi": {
    "type": "medium_city",
    "names": {
      "en": "Madison",
      "zh": "麦迪逊;麥迪遜",
      "ja": "マディソン",
      "ru": "Мадисон",
      "pl": "Madison"
    }
  },
  "US::new-glarus-wi": {
    "type": "village",
    "names": {
      "_default": "New Glarus"
    }
  },
  "US::spring-green-wi": {
    "type": "village",
    "names": {
      "_default": "Spring Green"
    }
  },
  "US::trempealeau-wi": {
    "type": "village",
    "names": {
      "en": "Trempealeau County"
    }
  },
  "US::wisconsin-dells-wi": {
    "type": "small_city",
    "names": {
      "en": "Wisconsin Dells"
    }
  },
  "US::baraboo-wi": {
    "type": "small_city",
    "names": {
      "en": "Baraboo",
      "ru": "Барабу"
    }
  },
  "US::eden-prairie-mn": {
    "type": "small_city",
    "names": {
      "_default": "Eden Prairie"
    }
  },
  "US::edina-mn": {
    "type": "small_city",
    "names": {
      "en": "Edina",
      "ru": "Идайна"
    }
  },
  "US::mendota-heights-mn": {
    "type": "small_city",
    "names": {
      "en": "Mendota Heights",
      "ru": "Мендота-Хайтс"
    }
  },
  "US::woodbury-mn": {
    "type": "small_city",
    "names": {
      "_default": "Woodbury"
    }
  },
  "US::dellwood-mn": {
    "type": "village",
    "names": {
      "en": "Dellwood",
      "ru": "Деллвуд"
    }
  },
  "US::shoreview-mn": {
    "type": "small_city",
    "names": {
      "_default": "Shoreview"
    }
  },
  "US::arden-hills-mn": {
    "type": "small_city",
    "names": {
      "_default": "Arden Hills"
    }
  },
  "US::falcon-heights-mn": {
    "type": "small_city",
    "names": {
      "en": "Falcon Heights",
      "ru": "Фолкон-Хайтс"
    }
  },
  "US::plymouth-mn": {
    "type": "small_city",
    "names": {
      "_default": "Plymouth"
    }
  },
  "US::minnetonka-mn": {
    "type": "small_city",
    "names": {
      "en": "Minnetonka"
    }
  },
  "US::deephaven-mn": {
    "type": "village",
    "names": {
      "en": "Deephaven",
      "ru": "Дипхейвен"
    }
  },
  "US::chanhassen-mn": {
    "type": "small_city",
    "names": {
      "_default": "Chanhassen"
    }
  },
  "US::victoria-mn": {
    "type": "village",
    "names": {
      "en": "Victoria",
      "ru": "Виктория"
    }
  },
  "US::waconia-mn": {
    "type": "small_city",
    "names": {
      "_default": "Waconia"
    }
  },
  "US::lakeville-mn": {
    "type": "small_city",
    "names": {
      "_default": "Lakeville"
    }
  },
  "US::des-moines-iowa": {
    "type": "medium_city",
    "names": {
      "fr": "Des Moines",
      "en": "Des Moines",
      "zh": "得梅因;狄蒙因;迪莫因",
      "ru": "Де-Мойн",
      "pl": "Des Moines"
    }
  },
  "US::missouri-valley-iowa": {
    "type": "village",
    "names": {
      "_default": "Missouri Valley"
    }
  },
  "US::onawa-iowa": {
    "type": "village",
    "names": {
      "_default": "Onawa"
    }
  },
  "US::pella-iowa": {
    "type": "small_city",
    "names": {
      "_default": "Pella"
    }
  },
  "US::north-liberty-iowa": {
    "type": "small_city",
    "names": {
      "_default": "North Liberty"
    }
  },
  "US::west-branch-iowa": {
    "type": "village",
    "names": {
      "_default": "West Branch"
    }
  },
  "US::dubuque-iowa": {
    "type": "small_city",
    "names": {
      "en": "Dubuque"
    }
  },
  "US::harpers-ferry-iowa": {
    "type": "village",
    "names": {
      "_default": "Harpers Ferry"
    }
  },
  "US::mcgregor-iowa": {
    "type": "village",
    "names": {
      "en": "McGregor"
    }
  },
  "US::decorah-iowa": {
    "type": "small_city",
    "names": {
      "_default": "Decorah"
    }
  },
  "US::kansas-city-ks": {
    "type": "large_city",
    "names": {
      "en": "Kansas City",
      "ko": "캔자스 시티"
    }
  },
  "US::lawrence": {
    "type": "small_city",
    "names": {
      "en": "Lawrence",
      "ru": "Лоуренс"
    }
  },
  "US::wamego": {
    "type": "village",
    "names": {
      "_default": "Wamego"
    }
  },
  "US::abilene": {
    "type": "small_city",
    "names": {
      "en": "Abilene",
      "ru": "Абилин"
    }
  },
  "US::salina": {
    "type": "small_city",
    "names": {
      "en": "Salina"
    }
  },
  "US::lindsborg": {
    "type": "village",
    "names": {
      "_default": "Lindsborg"
    }
  },
  "US::hutchinson": {
    "type": "small_city",
    "names": {
      "en": "Hutchinson County"
    }
  },
  "US::great-bend": {
    "type": "small_city",
    "names": {
      "_default": "Great Bend"
    }
  },
  "US::wilson": {
    "type": "village",
    "names": {
      "en": "Wilson County"
    }
  },
  "US::oakley": {
    "type": "village",
    "names": {
      "en": "Oakley"
    }
  },
  "US::dodge-city": {
    "type": "small_city",
    "names": {
      "en": "Dodge County",
      "ru": "Додж"
    }
  },
  "US::liberal": {
    "type": "small_city",
    "names": {
      "_default": "Liberal"
    }
  },
  "US::medicine-lodge": {
    "type": "village",
    "names": {
      "_default": "Medicine Lodge"
    }
  },
  "US::wichita": {
    "type": "medium_city",
    "names": {
      "en": "Wichita",
      "ru": "Уичито"
    }
  },
  "US::humboldt-ks": {
    "type": "village",
    "names": {
      "_default": "Humboldt"
    }
  },
  "US::galena-ks": {
    "type": "village",
    "names": {
      "_default": "Galena"
    }
  },
  "US::huntsville": {
    "type": "medium_city",
    "names": {
      "en": "Huntsville",
      "ru": "Хантсвилл"
    }
  },
  "US::florence": {
    "type": "small_city",
    "names": {
      "en": "Florence"
    }
  },
  "US::birmingham": {
    "type": "large_city",
    "names": {
      "en": "Birmingham",
      "ar": "برمنغهام، ألاباما",
      "zh": "伯明翰;伯明罕",
      "ja": "バーミングハム",
      "ko": "버밍햄",
      "ru": "Бирмингем"
    }
  },
  "US::selma": {
    "type": "small_city",
    "names": {
      "en": "Selma",
      "ru": "Селма"
    }
  },
  "US::montgomery": {
    "type": "medium_city",
    "names": {
      "en": "Montgomery",
      "ar": "مونتغومري",
      "zh": "蒙哥马利;蒙哥馬利",
      "ja": "モンゴメリー",
      "ko": "몽고메리",
      "ru": "Монтгомери",
      "pl": "Montgomery"
    }
  },
  "US::mobile": {
    "type": "medium_city",
    "names": {
      "en": "Mobile",
      "ru": "Мобил"
    }
  },
  "US::valdez": {
    "type": "small_city",
    "names": {
      "en": "Valdez",
      "ru": "Валдиз"
    }
  },
  "US::copper-center": {
    "type": "village",
    "names": {
      "_default": "Copper"
    }
  },
  "US::homer": {
    "type": "small_city",
    "names": {
      "fr": "Homer",
      "en": "Homer",
      "es": "Homer",
      "it": "Homer",
      "pt": "Homer",
      "de": "Homer",
      "nl": "Homer",
      "ar": "هومير",
      "zh": "荷马",
      "ja": "ホーマー",
      "ko": "호머",
      "ru": "Хомер",
      "tr": "Homer",
      "pl": "Homer"
    }
  },
  "US::cooper-landing": {
    "type": "village",
    "names": {
      "_default": "Cooper Landing"
    }
  },
  "US::girdwood": {
    "type": "village",
    "names": {
      "_default": "Girdwood"
    }
  },
  "US::murfreesboro": {
    "type": "small_city",
    "names": {
      "en": "Murfreesboro"
    }
  },
  "US::fort-smith": {
    "type": "small_city",
    "names": {
      "en": "Fort Smith"
    }
  },
  "US::bentonville": {
    "type": "small_city",
    "names": {
      "_default": "Bentonville"
    }
  },
  "US::eureka-springs": {
    "type": "small_city",
    "names": {
      "_default": "Eureka Springs"
    }
  },
  "US::sacramento": {
    "type": "large_city",
    "names": {
      "fr": "Sacramento",
      "en": "Sacramento",
      "de": "Sacramento",
      "nl": "Sacramento",
      "ar": "ساكرامنتو",
      "zh": "沙加緬度;萨克拉门托",
      "ja": "サクラメント",
      "ko": "새크라멘토",
      "ru": "Сакраменто",
      "pl": "Sacramento"
    }
  },
  "US::healdsburg": {
    "type": "small_city",
    "names": {
      "_default": "Healdsburg"
    }
  },
  "US::oakland": {
    "type": "large_city",
    "names": {
      "fr": "Oakland",
      "en": "Oakland",
      "es": "Oakland",
      "it": "Oakland",
      "pt": "Oakland",
      "de": "Oakland",
      "nl": "Oakland",
      "ar": "أوكلاند (كاليفورنيا)",
      "zh": "奥克兰;奧克蘭;屋崙",
      "ja": "オークランド",
      "ko": "오클랜드",
      "ru": "Окленд",
      "tr": "Oakland",
      "pl": "Oakland"
    }
  },
  "US::santa-cruz": {
    "type": "small_city",
    "names": {
      "en": "Santa Cruz",
      "es": "Santa Cruz",
      "ar": "سانتا كروز",
      "zh": "圣塔克鲁兹",
      "ru": "Санта-Крус"
    }
  },
  "US::carmel-by-the-sea": {
    "type": "village",
    "names": {
      "fr": "Carmel-by-the-Sea",
      "en": "Carmel-by-the-Sea",
      "es": "Carmel-by-the-Sea",
      "it": "Carmel-by-the-Sea",
      "pt": "Carmel-by-the-Sea",
      "de": "Carmel-by-the-Sea",
      "nl": "Carmel-by-the-Sea",
      "ar": "كارميل-بي-ثي-سي",
      "zh": "卡梅尔小镇",
      "ja": "カーメル・バイ・ザ・シー",
      "ko": "카멀바이더시",
      "ru": "Кармел",
      "pl": "Carmel-by-the-Sea"
    }
  },
  "US::anaheim": {
    "type": "medium_city",
    "names": {
      "fr": "Anaheim",
      "en": "Anaheim",
      "es": "Anaheim",
      "it": "Anaheim",
      "de": "Anaheim",
      "nl": "Anaheim",
      "zh": "阿纳海姆;安纳海姆",
      "ja": "アナハイム",
      "ko": "애너하임",
      "ru": "Анахайм"
    }
  },
  "US::temecula": {
    "type": "small_city",
    "names": {
      "fr": "Temecula",
      "en": "Temecula",
      "es": "Temecula",
      "it": "Temecula",
      "pt": "Temecula",
      "de": "Temecula",
      "nl": "Temecula",
      "ar": "تيميكولا، ريفيرسيدي، كاليفورنيا",
      "zh": "特曼库拉",
      "ja": "テメキュラ",
      "ko": "테메큘라",
      "ru": "Темекьюла",
      "pl": "Temecula"
    }
  },
  "US::julian": {
    "type": "village",
    "names": {
      "_default": "Julian"
    }
  },
  "US::san-diego": {
    "type": "large_city",
    "names": {
      "en": "San Diego",
      "es": "San Diego",
      "pt": "São Diego",
      "nl": "San Diego",
      "ar": "سان دييغو",
      "zh": "圣迭戈",
      "ja": "サンディエゴ",
      "ko": "샌디에이고",
      "ru": "Сан-Диего",
      "hi": "सैन डिएगो",
      "pl": "San Diego"
    }
  },
  "US::greenwich": {
    "type": "small_city",
    "names": {
      "en": "Greenwich"
    }
  },
  "US::orange-ct": {
    "type": "small_city",
    "names": {
      "_default": "Orange Court"
    }
  },
  "US::new-haven": {
    "type": "medium_city",
    "names": {
      "en": "New Haven",
      "ru": "Нью-Хейвен"
    }
  },
  "US::madison-ct": {
    "type": "village",
    "names": {
      "_default": "Madison Ct"
    }
  },
  "US::essex-ct": {
    "type": "village",
    "names": {
      "_default": "Essex Court"
    }
  },
  "US::mystic": {
    "type": "village",
    "names": {
      "_default": "Mystic"
    }
  },
  "US::hartford": {
    "type": "medium_city",
    "names": {
      "en": "Hartford",
      "nl": "Hartford",
      "ar": "هارتفورد",
      "zh": "哈特福",
      "ja": "ハートフォード",
      "ko": "하트퍼드",
      "ru": "Хартфорд",
      "hi": "हार्टफ़ोर्ड",
      "pl": "Hartford"
    }
  },
  "US::farmington-ct": {
    "type": "small_city",
    "names": {
      "_default": "Farmington Court"
    }
  },
  "US::windsor-locks": {
    "type": "small_city",
    "names": {
      "_default": "Windsor Locks"
    }
  },
  "US::jacksonville": {
    "type": "large_city",
    "names": {
      "fr": "Jacksonville",
      "en": "Jacksonville",
      "es": "Jacksonville",
      "de": "Jacksonville",
      "nl": "Jacksonville",
      "ar": "جاكسونفيل",
      "zh": "杰克逊维尔;傑克遜維爾;積遜威爾",
      "ja": "ジャクソンビル",
      "ko": "잭슨빌",
      "ru": "Джэксонвилл",
      "hi": "जैक्सनविल"
    }
  },
  "US::orange-city": {
    "type": "small_city",
    "names": {
      "en": "Orange County",
      "zh": "橙縣",
      "ru": "Ориндж"
    }
  },
  "US::ocala": {
    "type": "small_city",
    "names": {
      "en": "Ocala",
      "ru": "Окала"
    }
  },
  "US::gainesville": {
    "type": "medium_city",
    "names": {
      "en": "Gainesville",
      "ru": "Гейнсвилл"
    }
  },
  "US::st-petersburg": {
    "type": "medium_city",
    "names": {
      "en": "Saint Petersburg",
      "ru": "Сент-Питерсберг"
    }
  },
  "US::tampa": {
    "type": "large_city",
    "names": {
      "en": "Tampa",
      "ar": "تامبا",
      "ja": "タンパ",
      "ru": "Тампа"
    }
  },
  "US::sarasota": {
    "type": "medium_city",
    "names": {
      "en": "Sarasota",
      "ru": "Сарасота"
    }
  },
  "US::fort-myers": {
    "type": "medium_city",
    "names": {
      "en": "Fort Myers",
      "ru": "Форт Майерс"
    }
  },
  "US::fort-lauderdale": {
    "type": "large_city",
    "names": {
      "en": "Fort Lauderdale",
      "ru": "Форт-Лодердейл"
    }
  },
  "US::west-palm-beach": {
    "type": "medium_city",
    "names": {
      "_default": "West Palm"
    }
  },
  "US::wilmington-nc": {
    "type": "medium_city",
    "names": {
      "en": "Wilmington",
      "ru": "Уилмингтон"
    }
  },
  "US::beaufort-nc": {
    "type": "village",
    "names": {
      "en": "Beaufort County"
    }
  },
  "US::edenton-nc": {
    "type": "village",
    "names": {
      "_default": "Edenton"
    }
  },
  "US::roxboro-nc": {
    "type": "small_city",
    "names": {
      "_default": "Roxboro"
    }
  },
  "US::lexington-nc": {
    "type": "small_city",
    "names": {
      "_default": "Lexington"
    }
  },
  "US::hendersonville-nc": {
    "type": "small_city",
    "names": {
      "_default": "Hendersonville"
    }
  },
  "US::asheville-nc": {
    "type": "medium_city",
    "names": {
      "en": "Asheville",
      "ru": "Эшвилл"
    }
  },
  "US::canton-nc": {
    "type": "small_city",
    "names": {
      "_default": "Canton"
    }
  },
  "US::waynesville-nc": {
    "type": "small_city",
    "names": {
      "en": "Waynesville"
    }
  },
  "US::boone-nc": {
    "type": "small_city",
    "names": {
      "en": "Boone"
    }
  },
  "US::blowing-rock-nc": {
    "type": "village",
    "names": {
      "_default": "Blowing Rock"
    }
  },
  "US::beaufort-sc": {
    "type": "small_city",
    "names": {
      "en": "Beaufort County"
    }
  },
  "US::charleston-sc": {
    "type": "medium_city",
    "names": {
      "en": "Bobbles & Lace"
    }
  },
  "US::georgetown-sc": {
    "type": "small_city",
    "names": {
      "en": "Georgetown County"
    }
  },
  "US::aiken-sc": {
    "type": "small_city",
    "names": {
      "en": "Aiken County"
    }
  },
  "US::clemson-sc": {
    "type": "small_city",
    "names": {
      "_default": "Clemson"
    }
  },
  "US::greenville-sc": {
    "type": "medium_city",
    "names": {
      "en": "Greenville",
      "ru": "Гринвилл"
    }
  },
  "US::landrum-sc": {
    "type": "village",
    "names": {
      "_default": "Landrum"
    }
  },
  "US::spartanburg-sc": {
    "type": "small_city",
    "names": {
      "en": "Spartanburg",
      "ru": "Спартанберг"
    }
  },
  "US::york-sc": {
    "type": "village",
    "names": {
      "en": "York County"
    }
  },
  "US::atlanta": {
    "type": "large_city",
    "names": {
      "en": "Atlanta",
      "ar": "أتلانتا، جورجيا",
      "zh": "亚特兰大;亞特蘭大",
      "ja": "アトランタ",
      "ko": "애틀랜타",
      "ru": "Атланта",
      "pl": "Atlanta"
    }
  },
  "US::helen": {
    "type": "village",
    "names": {
      "_default": "Helen"
    }
  },
  "US::madison": {
    "type": "village",
    "names": {
      "en": "Madison",
      "zh": "麦迪逊;麥迪遜",
      "ja": "マディソン",
      "ru": "Мадисон",
      "pl": "Madison"
    }
  },
  "US::macon": {
    "type": "medium_city",
    "names": {
      "en": "Macon",
      "ru": "Мейкон"
    }
  },
  "US::brunswick": {
    "type": "small_city",
    "names": {
      "en": "Brunswick County"
    }
  },
  "US::savannah": {
    "type": "medium_city",
    "names": {
      "en": "Savannah",
      "ru": "Саванна"
    }
  },
  "US::dallas": {
    "type": "large_city",
    "names": {
      "fr": "Dallas",
      "en": "Dallas",
      "pt": "Dallas",
      "ar": "دالاس",
      "zh": "达拉斯;達拉斯",
      "ja": "ダラス",
      "ko": "댈러스",
      "ru": "Даллас"
    }
  },
  "US::houston": {
    "type": "large_city",
    "names": {
      "fr": "Houston",
      "en": "Houston",
      "es": "Houston",
      "pt": "Houston",
      "de": "Houston",
      "ar": "هيوستن",
      "zh": "休斯敦;休士頓",
      "ja": "ヒューストン",
      "ko": "휴스턴",
      "ru": "Хьюстон",
      "hi": "ह्युस्टन"
    }
  },
  "US::albuquerque": {
    "type": "large_city",
    "names": {
      "en": "Albuquerque",
      "es": "Albuquerque",
      "nl": "Albuquerque",
      "ar": "ألباكركي",
      "zh": "阿尔伯克基;阿布奎基;阿爾伯克基",
      "ja": "アルバカーキ",
      "ko": "앨버커키",
      "ru": "Альбукерке"
    }
  },
  "US::roswell": {
    "type": "small_city",
    "names": {
      "en": "Roswell"
    }
  },
  "US::madrid": {
    "type": "village",
    "names": {
      "_default": "Madrid"
    }
  },
  "US::abiquiu": {
    "type": "village",
    "names": {
      "en": "Abiquiu"
    }
  },
  "US::chama": {
    "type": "village",
    "names": {
      "_default": "Chama"
    }
  },
  "US::gallup": {
    "type": "small_city",
    "names": {
      "en": "Gallup",
      "ru": "Галлап"
    }
  },
  "US::truth-or-consequences": {
    "type": "small_city",
    "names": {
      "en": "Truth or Consequences",
      "ja": "トゥルース・オア・コンシクエンシーズ"
    }
  },
  "US::silver-city": {
    "type": "small_city",
    "names": {
      "_default": "Silver"
    }
  },
  "US::ruidoso": {
    "type": "small_city",
    "names": {
      "_default": "Ruidoso"
    }
  },
  "US::altoona": {
    "type": "small_city",
    "names": {
      "en": "Altoona",
      "ru": "Алтуна"
    }
  },
  "US::augusta": {
    "type": "small_city",
    "names": {
      "en": "Augusta",
      "ru": "Огаста"
    }
  },
  "US::baraboo": {
    "type": "small_city",
    "names": {
      "en": "Baraboo",
      "ru": "Барабу"
    }
  },
  "US::benezette": {
    "type": "village",
    "names": {
      "_default": "Benezette"
    }
  },
  "US::bristol-ri": {
    "type": "small_city",
    "names": {
      "en": "Bristol"
    }
  },
  "US::bristol-tn": {
    "type": "small_city",
    "names": {
      "en": "Bristol"
    }
  },
  "US::centre-hall": {
    "type": "village",
    "names": {
      "_default": "Centre Hall"
    }
  },
  "US::chadds-ford": {
    "type": "village",
    "names": {
      "_default": "Chadds Ford"
    }
  },
  "US::cornwall": {
    "type": "village",
    "names": {
      "en": "Town of Cornwall"
    }
  },
  "US::doylestown": {
    "type": "small_city",
    "names": {
      "_default": "Doylestown"
    }
  },
  "US::eagle-river": {
    "type": "village",
    "names": {
      "en": "Eagle River"
    }
  },
  "US::easton": {
    "type": "small_city",
    "names": {
      "en": "Easton"
    }
  },
  "US::egg-harbor": {
    "type": "village",
    "names": {
      "en": "Egg Harbor"
    }
  },
  "US::elysburg": {
    "type": "village",
    "names": {
      "_default": "Elysburg"
    }
  },
  "US::erie": {
    "type": "medium_city",
    "names": {
      "en": "Erie",
      "ar": "إيري",
      "ru": "Эри"
    }
  },
  "US::franklin": {
    "type": "small_city",
    "names": {
      "en": "Franklin County"
    }
  },
  "US::hershey": {
    "type": "small_city",
    "names": {
      "_default": "Hershey"
    }
  },
  "US::hubertus": {
    "type": "village",
    "names": {
      "_default": "Hubertus"
    }
  },
  "US::indiana-pa": {
    "type": "small_city",
    "names": {
      "en": "Indiana County"
    }
  },
  "US::jamestown-ri": {
    "type": "village",
    "names": {
      "_default": "Jamestown"
    }
  },
  "US::jim-thorpe": {
    "type": "village",
    "names": {
      "_default": "Jim Thorpe"
    }
  },
  "US::kane": {
    "type": "village",
    "names": {
      "en": "Kane County"
    }
  },
  "US::kutztown": {
    "type": "village",
    "names": {
      "_default": "Kutztown"
    }
  },
  "US::lancaster": {
    "type": "small_city",
    "names": {
      "en": "Lancaster",
      "ru": "Ланкастер"
    }
  },
  "US::new-hope": {
    "type": "village",
    "names": {
      "en": "New Hope",
      "ru": "Нью-Хоп"
    }
  },
  "US::newport-ri": {
    "type": "small_city",
    "names": {
      "en": "Newport",
      "ko": "뉴포트",
      "ru": "Ньюпорт"
    }
  },
  "US::oak-ridge": {
    "type": "small_city",
    "names": {
      "en": "Oak Ridge",
      "ru": "Ок-Ридж"
    }
  },
  "US::pottsville": {
    "type": "small_city",
    "names": {
      "_default": "Pottsville"
    }
  },
  "US::providence": {
    "type": "medium_city",
    "names": {
      "en": "Providence",
      "ar": "بروفيدنس",
      "ko": "프로비던스",
      "ru": "Провиденс",
      "pl": "Providence"
    }
  },
  "US::punxsutawney": {
    "type": "village",
    "names": {
      "_default": "Punxsutawney"
    }
  },
  "US::reading": {
    "type": "small_city",
    "names": {
      "en": "Reading",
      "ja": "レディング",
      "ko": "레딩",
      "ru": "Рединг"
    }
  },
  "US::somerset": {
    "type": "small_city",
    "names": {
      "en": "Somerset County"
    }
  },
  "US::spencer": {
    "type": "village",
    "names": {
      "en": "Spencer County"
    }
  },
  "US::spring-green": {
    "type": "village",
    "names": {
      "_default": "Spring Green"
    }
  },
  "US::superior": {
    "type": "small_city",
    "names": {
      "en": "City of Superior"
    }
  },
  "US::viroqua": {
    "type": "village",
    "names": {
      "_default": "Viroqua"
    }
  },
  "US::westerly-ri": {
    "type": "small_city",
    "names": {
      "_default": "Westerly"
    }
  },
  "US::williamsport": {
    "type": "small_city",
    "names": {
      "en": "Williamsport",
      "ru": "Уильямспорт"
    }
  },
  "US::wisconsin-dells": {
    "type": "small_city",
    "names": {
      "en": "Wisconsin Dells"
    }
  },
  "US::york": {
    "type": "small_city",
    "names": {
      "en": "York"
    }
  }
}