{
  "SV::san-salvador": {
    "type": "medium_city",
    "names": {
      "fr": "San Salvador",
      "en": "San Salvador",
      "es": "San Salvador",
      "pt": "São Salvador",
      "de": "San Salvador",
      "nl": "San Salvador",
      "ar": "سان سلفادور",
      "zh": "聖薩爾瓦多",
      "ja": "サンサルバドル",
      "ko": "산살바도르",
      "ru": "Сан-Сальвадор",
      "pl": "San Salvador",
      "it": "San Salvador",
      "hi": "सान-साल्वाडोर",
      "tr": "San Salvador"
    }
  },
  "SV::concepcion-de-ataco": {
    "type": "small_city",
    "names": {
      "es": "Concepción de Ataco",
      "fr": "Concepción de Ataco",
      "en": "Concepción de Ataco",
      "it": "Concepción de Ataco",
      "pt": "Concepción de Ataco",
      "de": "Concepción de Ataco",
      "nl": "Concepción de Ataco",
      "zh": "康塞普西翁德阿塔科",
      "ja": "コンセプシォン・デ・アターコ",
      "pl": "Concepcion de Ataco"
    }
  },
  "SV::juayua": {
    "type": "medium_city",
    "names": {
      "es": "Juayúa",
      "fr": "Juayúa",
      "en": "Juayúa",
      "it": "Juayúa",
      "pt": "Juayúa",
      "de": "Juayúa",
      "nl": "Juayúa",
      "zh": "華尤阿",
      "ja": "フアユア",
      "ru": "Хуаюа",
      "pl": "Juayúa"
    }
  },
  "SV::santa-ana": {
    "type": "medium_city",
    "names": {
      "es": "Santa Ana",
      "fr": "Santa Ana",
      "en": "Santa Ana",
      "it": "Santa Ana",
      "pt": "Santa Ana",
      "de": "Santa Ana",
      "nl": "Santa Ana",
      "ar": "سانتا آنا مونيسباليتي",
      "zh": "聖安娜",
      "ja": "サンタ・アナ",
      "ko": "산타아나",
      "ru": "Санта-Ана",
      "hi": "सानता-आना",
      "tr": "Santa Ana",
      "pl": "Santa Ana"
    }
  },
  "SV::el-zonte": {
    "type": "small_city",
    "names": {
      "en": "El Zonte",
      "es": "El Zonte",
      "de": "El Zonte",
      "tr": "El Zonte"
    }
  },
  "SV::el-tunco": {
    "type": "small_city",
    "names": {
      "en": "El Tunco"
    }
  },
  "SV::suchitoto": {
    "type": "small_city",
    "names": {
      "es": "Suchitoto",
      "fr": "Suchitoto",
      "en": "Suchitoto",
      "it": "Suchitoto",
      "pt": "Suchitoto",
      "de": "Suchitoto",
      "nl": "Suchitoto",
      "zh": "蘇奇托托",
      "ja": "スチトト",
      "pl": "Suchitoto"
    }
  },
  "SV::la-union": {
    "type": "village",
    "names": {
      "es": "La Unión",
      "zh": "拉乌尼翁省",
      "fr": "La Unión",
      "en": "La Unión Department",
      "it": "dipartimento di La Unión",
      "pt": "La Unión",
      "de": "Departamento La Unión",
      "nl": "La Unión",
      "ja": "ラ・ウニオン県",
      "ko": "라우니온주",
      "ru": "Ла-Уньон",
      "hi": "ला-उनिओन प्रदेश",
      "pl": "La Unión"
    }
  },
  "SV::perquin": {
    "type": "village",
    "names": {
      "es": "Perquín",
      "fr": "Perquín",
      "en": "Perquín",
      "it": "Perquín",
      "pt": "Perquín",
      "nl": "Perquín",
      "zh": "佩爾金",
      "ja": "ペルキン"
    }
  }
}