{
  "CU::la-habana": {
    "type": "medium_city",
    "names": {
      "fr": "La Havane",
      "en": "Havana",
      "es": "La Habana",
      "it": "L'Avana",
      "pt": "Havana",
      "de": "Havanna",
      "nl": "Havana",
      "ar": "هافانا",
      "zh": "哈瓦那",
      "ja": "ハバナ",
      "ko": "아바나",
      "ru": "Гавана",
      "hi": "हवाना",
      "tr": "Havana",
      "pl": "Hawana"
    }
  },
  "CU::la-havane-vieja": {
    "type": "large_city",
    "names": {
      "fr": "La Havane",
      "en": "Havana",
      "es": "La Habana",
      "it": "L'Avana",
      "pt": "Havana",
      "de": "Havanna",
      "nl": "Havana",
      "ar": "هافانا",
      "zh": "哈瓦那",
      "ja": "ハバナ",
      "ko": "아바나",
      "ru": "Гавана",
      "hi": "हवाना",
      "tr": "Havana",
      "pl": "Hawana"
    }
  },
  "CU::la-havane-vedado": {
    "type": "large_city",
    "names": {
      "en": "Vedado",
      "es": "Vedado",
      "ru": "Ведадо",
      "fr": "Vedado",
      "it": "El Vedado",
      "pt": "El Vedado",
      "de": "Vedado",
      "nl": "Vedado",
      "zh": "维达多",
      "ja": "ベダド",
      "pl": "Vedado"
    }
  },
  "CU::aeroport-jose-marti": {
    "type": "village",
    "names": {
      "fr": "Aéroport International José Martí",
      "en": "José Martí International Airport",
      "es": "Aeropuerto Internacional José Martí",
      "it": "Aeroporto Internazionale José Martí",
      "pt": "Aeroporto Internacional José Martí",
      "ja": "ホセ・マルティ国際空港",
      "ru": "Международный Аэропорт Хосе Марти",
      "de": "Aeropuerto Internacional José Martí",
      "nl": "José Martí International Airport",
      "ar": "مطار خوسيه مارتي الدولي",
      "zh": "何塞·马蒂国际机场",
      "ko": "호세 마르티 국제공항",
      "hi": "जोस मारती हवाई अड्डा",
      "tr": "José Martí Uluslararası Havalimanı",
      "pl": "Port lotniczy Hawana"
    }
  },
  "CU::trinidad": {
    "type": "large_city",
    "names": {
      "es": "Trinidad",
      "ru": "Тринидад",
      "fr": "Trinidad",
      "en": "Trinidad",
      "it": "Trinidad",
      "pt": "Trinidad",
      "de": "Trinidad",
      "nl": "Trinidad",
      "ar": "ترينداد",
      "zh": "特立尼达",
      "ja": "トリニダ",
      "ko": "트리니다드",
      "hi": "त्रिनिदाद",
      "tr": "Trinidad",
      "pl": "Trinidad"
    }
  },
  "CU::vinales": {
    "type": "medium_city",
    "names": {
      "es": "Viñales",
      "ru": "Виньялес",
      "fr": "Viñales",
      "en": "Viñales",
      "it": "Viñales",
      "pt": "Viñales",
      "de": "Viñales",
      "nl": "Viñales",
      "zh": "維尼亞萊斯",
      "ja": "ビニャーレス",
      "pl": "Viñales"
    }
  },
  "CU::cienfuegos": {
    "type": "medium_city",
    "names": {
      "fr": "Cienfuegos",
      "es": "Cienfuegos",
      "it": "Cienfuegos",
      "pt": "Cienfuegos",
      "de": "Cienfuegos",
      "nl": "Cienfuegos",
      "zh": "西恩富戈斯",
      "ru": "Сьенфуэгос",
      "tr": "Cienfuegos",
      "pl": "Cienfuegos",
      "en": "Cienfuegos",
      "ar": "سينفويغوس",
      "ja": "シエンフエーゴス",
      "ko": "시엔푸에고스",
      "hi": "सिएनफ्यूगोस"
    }
  },
  "CU::cienfuegos-centro": {
    "type": "small_city",
    "names": {
      "_default": "Centro de Acopio"
    }
  },
  "CU::varadero": {
    "type": "medium_city",
    "names": {
      "en": "Varadero",
      "es": "Varadero",
      "zh": "巴拉德罗",
      "ru": "Варадеро",
      "fr": "Varadero",
      "it": "Varadero",
      "pt": "Varadero",
      "de": "Varadero",
      "nl": "Varadero",
      "ar": "فاراديرو",
      "ja": "バラデーロ",
      "ko": "바라데로",
      "tr": "Varadero",
      "pl": "Varadero"
    }
  },
  "CU::camaguey-centro": {
    "type": "small_city",
    "names": {
      "_default": "Camagüey",
      "fr": "Camagüey",
      "en": "Camagüey railway station",
      "es": "Estación de Camagüey",
      "ja": "カマグエイ駅"
    }
  },
  "CU::santa-clara": {
    "type": "medium_city",
    "names": {
      "fr": "Santa Clara",
      "en": "Santa Clara",
      "es": "Santa Clara",
      "it": "Santa Clara",
      "pt": "Santa Clara",
      "de": "Santa Clara",
      "nl": "Santa Clara",
      "ar": "سانتا كلارا",
      "zh": "圣克拉拉",
      "ja": "サンタ・クララ",
      "ko": "산타클라라",
      "ru": "Санта-Клара",
      "tr": "Santa Clara",
      "pl": "Santa Clara",
      "hi": "सांता क्लारा"
    }
  },
  "CU::matanzas-centro": {
    "type": "small_city",
    "names": {
      "_default": "2da (Matanzas)"
    }
  },
  "CU::cayo-las-brujas": {
    "type": "village",
    "names": {
      "es": "Cayo Las Brujas",
      "ru": "Кайо Лас-Брухас"
    }
  }
}