{
  "CH::wengen": {
    "type": "large_city",
    "names": {
      "en": "Wengen",
      "de": "Wengen",
      "fr": "Wengen",
      "es": "Wengen",
      "it": "Wengen",
      "nl": "Wengen",
      "ar": "وينجن",
      "zh": "文根",
      "ja": "ヴェンゲン",
      "ko": "벵엔",
      "ru": "Венген",
      "tr": "Wengen",
      "pl": "Wengen"
    }
  },
  "CH::zurich": {
    "type": "large_city",
    "names": {
      "fr": "Zurich",
      "en": "Zurich",
      "es": "Zúrich",
      "it": "Zurigo",
      "pt": "Zurique",
      "de": "Zürich",
      "nl": "Zürich",
      "ar": "زيورخ",
      "zh": "蘇黎世",
      "ja": "チューリッヒ",
      "ko": "취리히",
      "ru": "Цюрих",
      "hi": "ज़्यूरिख़",
      "tr": "Zürih",
      "pl": "Zurych"
    }
  },
  "CH::geneva": {
    "type": "large_city",
    "names": {
      "fr": "Genève",
      "en": "Geneva",
      "es": "Ginebra",
      "it": "Ginevra",
      "pt": "Genebra",
      "de": "Genf",
      "nl": "Genève",
      "ar": "جنيف",
      "zh": "日內瓦",
      "ja": "ジュネーヴ",
      "ko": "제네바",
      "ru": "Женева",
      "hi": "जिनेवा",
      "tr": "Cenevre",
      "pl": "Genewa"
    }
  },
  "CH::zermatt": {
    "type": "large_city",
    "names": {
      "ja": "ツェルマット",
      "ko": "체르마트",
      "fr": "Zermatt",
      "en": "Zermatt",
      "es": "Zermatt",
      "it": "Zermatt",
      "pt": "Zermatt",
      "de": "Zermatt",
      "nl": "Zermatt",
      "ar": "زيرمات",
      "zh": "采尔马特",
      "ru": "Церматт",
      "tr": "Zermatt",
      "pl": "Zermatt"
    }
  },
  "CH::appenzell": {
    "type": "medium_city",
    "names": {
      "ko": "아펜첼",
      "ru": "Аппенцелль",
      "fr": "Appenzell",
      "en": "Appenzell",
      "it": "Appenzello",
      "pt": "Appenzell",
      "de": "Appenzell",
      "nl": "Appenzell",
      "zh": "阿彭策尔区",
      "ja": "アッペンツェル区",
      "tr": "Appenzell",
      "pl": "Appenzell"
    }
  },
  "CH::lauterbrunnen": {
    "type": "medium_city",
    "names": {
      "en": "Lauterbrunnen",
      "de": "Lauterbrunnen",
      "ja": "ラウターブルンネン",
      "ru": "Лаутербруннен",
      "fr": "Lauterbrunnen",
      "es": "Lauterbrunnen",
      "it": "Lauterbrunnen",
      "pt": "Lauterbrunnen",
      "nl": "Lauterbrunnen",
      "zh": "劳特布伦嫩",
      "ko": "라우터브루넨",
      "tr": "Lauterbrunnen",
      "pl": "Lauterbrunnen"
    }
  },
  "CH::lucerne": {
    "type": "medium_city",
    "names": {
      "fr": "Lucerne",
      "en": "Lucerne",
      "es": "Lucerna",
      "it": "Lucerna",
      "pt": "Lucerna",
      "de": "Luzern",
      "zh": "卢塞恩 / 琉森",
      "ja": "ルツェルン",
      "ko": "루체른",
      "ru": "Люцерн",
      "pl": "Lucerna",
      "nl": "Luzern",
      "ar": "لوسرن",
      "hi": "लूसर्न",
      "tr": "Lucerne"
    }
  },
  "CH::grindelwald": {
    "type": "medium_city",
    "names": {
      "de": "Grindelwald",
      "zh": "格林德瓦",
      "ko": "그린델발트",
      "fr": "Grindelwald",
      "en": "Grindelwald",
      "es": "Grindelwald",
      "it": "Grindelwald",
      "pt": "Grindelwald",
      "nl": "Grindelwald",
      "ar": "جريندلفالد",
      "ja": "グリンデルヴァルト",
      "ru": "Гриндельвальд",
      "tr": "Grindelwald",
      "pl": "Grindelwald"
    }
  },
  "CH::interlaken": {
    "type": "small_city",
    "names": {
      "ar": "انترلاكن",
      "zh": "因特拉肯",
      "ko": "인터라켄",
      "ru": "Интерлакен",
      "fr": "Interlaken",
      "en": "Interlaken",
      "es": "Interlaken",
      "it": "Interlaken",
      "pt": "Interlaken",
      "de": "Interlaken",
      "nl": "Interlaken",
      "ja": "インターラーケン",
      "tr": "Interlaken",
      "pl": "Interlaken"
    }
  },
  "CH::iseltwald": {
    "type": "small_city",
    "names": {
      "ru": "Изельтвальд",
      "fr": "Iseltwald",
      "en": "Iseltwald",
      "es": "Iseltwald",
      "it": "Iseltwald",
      "pt": "Iseltwald",
      "de": "Iseltwald",
      "nl": "Iseltwald",
      "zh": "伊瑟爾特瓦爾德",
      "ko": "이젤트발트",
      "tr": "Iseltwald",
      "pl": "Iseltwald"
    }
  },
  "CH::evolene": {
    "type": "small_city",
    "names": {
      "ko": "마을",
      "fr": "Evolène",
      "en": "Evolène",
      "es": "Evolène",
      "it": "Evolène",
      "pt": "Evolène",
      "de": "Evolène",
      "nl": "Evolène",
      "zh": "埃沃萊訥",
      "ja": "エヴォレーヌ",
      "ru": "Эволен",
      "tr": "Evolène",
      "pl": "Evolène"
    }
  },
  "CH::kandersteg": {
    "type": "small_city",
    "names": {
      "ru": "Кандерштег",
      "fr": "Kandersteg",
      "en": "Kandersteg",
      "es": "Kandersteg",
      "it": "Kandersteg",
      "pt": "Kandersteg",
      "de": "Kandersteg",
      "nl": "Kandersteg",
      "zh": "坎德施泰格",
      "ja": "カンデルシュテーク",
      "ko": "칸더슈테크",
      "tr": "Kandersteg",
      "pl": "Kandersteg"
    }
  },
  "CH::arolla": {
    "type": "small_city",
    "names": {
      "_default": "Arolla",
      "fr": "Arolla",
      "en": "Arolla",
      "es": "Arolla",
      "it": "Arolla",
      "de": "Arolla",
      "nl": "Arolla"
    }
  },
  "CH::saint-ursanne": {
    "type": "village",
    "names": {
      "_default": "St-Ursanne"
    }
  },
  "CH::thun": {
    "type": "small_city",
    "names": {
      "fr": "Thoune",
      "de": "Thun",
      "ru": "Тун"
    }
  },
  "CH::bremgarten-aargau": {
    "type": "village",
    "names": {
      "de": "Bremgarten"
    }
  },
  "CH::ascona": {
    "type": "small_city",
    "names": {
      "_default": "Ascona"
    }
  },
  "CH::morcote": {
    "type": "village",
    "names": {
      "it": "Morcote",
      "ar": "مورکوت",
      "zh": "莫爾科特",
      "ru": "Моркоте"
    }
  },
  "CH::chur": {
    "type": "small_city",
    "names": {
      "fr": "Coire",
      "es": "Coira",
      "it": "Coira",
      "pt": "Coira",
      "de": "Chur",
      "ar": "خور",
      "ja": "クール",
      "ko": "쿠어",
      "ru": "Кур"
    }
  },
  "CH::soglio": {
    "type": "village",
    "names": {
      "it": "Soglio",
      "de": "Soglio"
    }
  },
  "CH::bern": {
    "type": "medium_city",
    "names": {
      "fr": "Berne",
      "en": "Bern",
      "es": "Berna",
      "it": "Berna",
      "pt": "Berna",
      "de": "Bern",
      "nl": "Bern",
      "ar": "برن",
      "zh": "伯尔尼 / 伯恩 / 伯爾尼",
      "ja": "ベルン",
      "ko": "베른",
      "ru": "Берн",
      "hi": "बर्न",
      "tr": "Bern",
      "pl": "Berno"
    }
  },
  "CH::affoltern-emmental": {
    "type": "village",
    "names": {
      "_default": "Affoltern"
    }
  },
  "CH::courtelary": {
    "type": "village",
    "names": {
      "_default": "Courtelary"
    }
  },
  "CH::olten": {
    "type": "small_city",
    "names": {
      "de": "Olten",
      "ru": "Ольтен"
    }
  },
  "CH::basel": {
    "type": "medium_city",
    "names": {
      "fr": "Bâle",
      "en": "Basel",
      "es": "Basilea",
      "it": "Basilea",
      "pt": "Basileia",
      "de": "Basel",
      "nl": "Bazel",
      "ar": "بازل",
      "zh": "巴塞尔",
      "ko": "바젤",
      "ru": "Базель",
      "pl": "Bazylea"
    }
  },
  "CH::schaffhausen": {
    "type": "small_city",
    "names": {
      "fr": "Schaffhouse",
      "en": "Schaffhausen",
      "es": "Escafusa",
      "it": "Sciaffusa",
      "de": "Schaffhausen",
      "zh": "沙夫豪森",
      "ja": "シャフハウゼン",
      "ko": "샤프하우젠",
      "ru": "Шаффхаузен",
      "pl": "Szafuza"
    }
  },
  "CH::schwyz": {
    "type": "small_city",
    "names": {
      "fr": "Schwyz",
      "en": "Schwyz",
      "es": "Schwyz",
      "it": "Svitto",
      "de": "Schwyz",
      "ar": "شفيتس",
      "ja": "シュヴィーツ州",
      "ko": "슈비츠",
      "ru": "Швиц"
    }
  },
  "CH::ingenbohl": {
    "type": "village",
    "names": {
      "_default": "Ingenbohl"
    }
  },
  "CH::brienz": {
    "type": "village",
    "names": {
      "de": "Brienz BE",
      "zh": "布里恩茨",
      "ru": "Брие́нц"
    }
  },
  "CH::lenk": {
    "type": "village",
    "names": {
      "fr": "La Lenk",
      "de": "Lenk"
    }
  },
  "CH::gstaad": {
    "type": "village",
    "names": {
      "_default": "Gstaad"
    }
  },
  "CH::vevey": {
    "type": "small_city",
    "names": {
      "ru": "Веве"
    }
  },
  "CH::lausanne": {
    "type": "medium_city",
    "names": {
      "fr": "Lausanne",
      "es": "Lausana",
      "it": "Losanna",
      "de": "Lausanne",
      "ar": "لوزان",
      "zh": "洛桑",
      "ko": "로잔",
      "ru": "Лозанна",
      "tr": "Lozan",
      "pl": "Lozanna"
    }
  },
  "CH::brig": {
    "type": "small_city",
    "names": {
      "fr": "Brigue",
      "it": "Briga",
      "de": "Brig",
      "ru": "Бриг"
    }
  },
  "CH::gruyeres": {
    "type": "village",
    "names": {
      "fr": "Gruyères",
      "ru": "Грюйер"
    }
  },
  "CH::solothurn": {
    "type": "small_city",
    "names": {
      "fr": "Soleure",
      "en": "Solothurn",
      "es": "Soleura",
      "it": "Soletta",
      "de": "Solothurn",
      "ar": "سولوتورن",
      "ko": "졸로투른",
      "ru": "Золотурн"
    }
  },
  "CH::liestal": {
    "type": "small_city",
    "names": {
      "ko": "리스탈",
      "ru": "Листаль"
    }
  },
  "CH::rheinfelden": {
    "type": "small_city",
    "names": {
      "_default": "Rheinfelden"
    }
  }
}