{
  "MG::antananarivo": {
    "type": "medium_city",
    "names": {
      "fr": "Antananarivo",
      "en": "Antananarivo",
      "es": "Antananarivo",
      "it": "Antananarivo",
      "pt": "Antananarivo",
      "de": "Antananarivo",
      "nl": "Antananarivo",
      "ar": "أنتاناناريفو",
      "zh": "塔那那利佛",
      "ja": "アンタナナリボ",
      "ko": "안타나나리보",
      "ru": "Антананариву",
      "hi": "अन्टाननरीवो",
      "tr": "Antananarivo",
      "pl": "Antananarywa"
    }
  },
  "MG::nosy-tanikely": {
    "type": "small_city",
    "names": {
      "fr": "Nosy Tanikely",
      "en": "Nosy Tanikely",
      "it": "Nosy Tanikely",
      "nl": "Nosy Tanikely"
    }
  },
  "MG::antsiranana": {
    "type": "small_city",
    "names": {
      "fr": "Antsiranana",
      "nl": "Antsiranana",
      "ar": "أنتسيرانانا",
      "zh": "安齐拉纳纳",
      "ja": "アンツィラナナ",
      "ko": "안치라나나",
      "ru": "Анциранана",
      "en": "Antsiranana",
      "es": "Antsiranana",
      "it": "Antsiranana",
      "pt": "Antsiranana",
      "de": "Antsiranana",
      "hi": "अंतसीरानाना",
      "tr": "Antsiranana",
      "pl": "Antsiranana"
    }
  },
  "MG::nosy-sakatia": {
    "type": "small_city",
    "names": {
      "fr": "Nosy Sakatia",
      "en": "Nosy Sakatia",
      "nl": "Nosy Sakatia",
      "ja": "サカティア島"
    }
  },
  "MG::mantasoa": {
    "type": "village",
    "names": {
      "fr": "Mantasoa",
      "en": "Mantasoa",
      "es": "Mantasoa",
      "it": "Mantasoa",
      "pt": "Mantasoa",
      "nl": "Mantasoa",
      "zh": "芒塔索阿"
    }
  },
  "MG::ambatomanga": {
    "type": "village",
    "names": {
      "fr": "Ambatomanga",
      "en": "Ambatomanga, Manjakandriana",
      "es": "Ambatomanga",
      "it": "Ambatomanga (Manjakandriana)",
      "pt": "Ambatomanga",
      "nl": "Ambatomanga"
    }
  },
  "MG::morondava": {
    "type": "village",
    "names": {
      "fr": "Morondava",
      "en": "Morondava",
      "es": "Morondava",
      "it": "Morondava",
      "pt": "Morondava",
      "de": "Morondava",
      "nl": "Morondava",
      "ar": "موروندافا",
      "zh": "穆龙达瓦",
      "ja": "モロンダバ",
      "ko": "모론다바",
      "ru": "Мурундава",
      "pl": "Morondava"
    }
  },
  "MG::joffreville": {
    "type": "small_city",
    "names": {
      "fr": "Joffreville",
      "en": "Joffreville",
      "it": "Ambohitra",
      "nl": "Joffreville",
      "zh": "若夫爾維爾",
      "ru": "Жоффрвиль"
    }
  },
  "MG::nosy-fanihy": {
    "type": "village",
    "names": {
      "en": "Nosy Fanihy"
    }
  },
  "MG::andasibe": {
    "type": "village",
    "names": {
      "fr": "Andasibe",
      "en": "Andasibe",
      "es": "Andasibe",
      "it": "Andasibe",
      "de": "Andasibe",
      "nl": "Andasibe",
      "ja": "アンダシベ"
    }
  },
  "MG::mahambo": {
    "type": "village",
    "names": {
      "fr": "Mahambo",
      "en": "Mahambo",
      "es": "Mahambo",
      "it": "Mahambo",
      "nl": "Mahambo",
      "ar": "ماهامبو"
    }
  },
  "MG::belo-sur-mer": {
    "type": "small_city",
    "names": {
      "fr": "Belo sur Mer",
      "en": "Belo sur Mer",
      "it": "Belo sur Mer",
      "de": "Belo sur Mer",
      "nl": "Belo sur Mer",
      "ru": "Белу"
    }
  },
  "MG::ile-sainte-marie": {
    "type": "village",
    "names": {
      "fr": "Île Sainte-Marie",
      "en": "Île Sainte-Marie",
      "es": "Isla Santa María",
      "it": "Île Sainte-Marie",
      "pt": "Ilha Sainte-Marie",
      "de": "Sainte Marie",
      "nl": "Île Sainte-Marie",
      "ar": "جزيرة سانت ماري",
      "zh": "布拉哈島",
      "ja": "サント・マリー島",
      "ko": "생마리 섬",
      "ru": "Нуси-Бураха",
      "pl": "Nosy Boraha"
    }
  },
  "MG::nosy-iranja": {
    "type": "village",
    "names": {
      "fr": "Nosy Iranja",
      "en": "Nosy Iranja",
      "es": "Nosy Iranja",
      "it": "Nosy Iranja",
      "de": "Nosy Iranja",
      "nl": "Nosy Iranja"
    }
  }
}