{
  "JP::kyoto": {
    "type": "large_city",
    "names": {
      "fr": "Kyoto",
      "en": "Kyoto",
      "es": "Kioto",
      "it": "Kyoto",
      "pt": "Quioto",
      "de": "Kyōto",
      "nl": "Kioto",
      "zh": "京都市",
      "ja": "京都市",
      "ko": "교토시",
      "ru": "Киото",
      "pl": "Kioto",
      "ar": "كيوتو",
      "hi": "क्योतो",
      "tr": "Kyoto"
    }
  },
  "JP::tokyo": {
    "type": "large_city",
    "names": {
      "fr": "Tokyo",
      "en": "Tokyo",
      "es": "Tokio",
      "it": "Tokyo",
      "pt": "Tóquio",
      "de": "Tokio",
      "nl": "Tokio",
      "ar": "طوكيو",
      "zh": "东京都/東京都",
      "ja": "東京都",
      "ko": "도쿄도",
      "ru": "Токио",
      "hi": "टोक्यो",
      "tr": "Tokyo",
      "pl": "Tokio"
    }
  },
  "JP::osaka": {
    "type": "large_city",
    "names": {
      "fr": "Osaka",
      "en": "Osaka",
      "es": "Osaka",
      "it": "Osaka",
      "pt": "Osaka",
      "de": "Osaka",
      "nl": "Osaka",
      "ar": "أوساكا",
      "zh": "大阪市",
      "ja": "大阪市",
      "ko": "오사카시",
      "ru": "Осака",
      "hi": "ओसक",
      "tr": "Osaka",
      "pl": "Osaka"
    }
  },
  "JP::nara": {
    "type": "small_city",
    "names": {
      "fr": "Nara",
      "en": "Nara",
      "es": "Nara",
      "it": "Nara",
      "nl": "Nara",
      "ar": "نارا",
      "zh": "奈良市",
      "ja": "奈良市",
      "ko": "나라시",
      "ru": "Нара",
      "pl": "Nara",
      "pt": "Nara",
      "de": "Nara",
      "hi": "नारा",
      "tr": "Nara"
    }
  },
  "JP::hiroshima": {
    "type": "large_city",
    "names": {
      "fr": "Hiroshima",
      "en": "Hiroshima",
      "es": "Hiroshima",
      "it": "Hiroshima",
      "pt": "Hiroshima",
      "de": "Hiroshima",
      "nl": "Hiroshima",
      "ar": "هيروشيما",
      "zh": "广岛市",
      "ja": "広島市",
      "ko": "히로시마시",
      "ru": "Хиросима",
      "hi": "हिरोशिमा",
      "tr": "Hiroşima",
      "pl": "Hiroszima"
    }
  },
  "JP::fukuoka": {
    "type": "medium_city",
    "names": {
      "fr": "Préfecture de Fukuoka",
      "en": "Fukuoka Prefecture",
      "es": "Prefectura de Fukuoka",
      "it": "Prefettura di Fukuoka",
      "pt": "Prefeitura de Fukuoka",
      "de": "Präfektur Fukuoka",
      "ar": "محافظة فوكوكا",
      "zh": "福冈县",
      "ja": "福岡県",
      "ko": "후쿠오카현",
      "ru": "Фукуока",
      "pl": "Prefektura Fukuoka",
      "nl": "Fukuoka",
      "hi": "फ़ुकुओका प्रांत",
      "tr": "Fukuoka"
    }
  },
  "JP::himeji": {
    "type": "medium_city",
    "names": {
      "fr": "Himeji",
      "en": "Himeji",
      "es": "Himeji",
      "zh": "姬路市",
      "ja": "姫路市",
      "ko": "히메지시",
      "ru": "Химедзи",
      "pl": "Himeji",
      "it": "Himeji",
      "pt": "Himeji",
      "de": "Himeji",
      "nl": "Himeji",
      "ar": "هيميجي، هيوغو",
      "hi": "हिमेजी",
      "tr": "Himeji"
    }
  },
  "JP::miyajima": {
    "type": "medium_city",
    "names": {
      "fr": "Île Itsuku",
      "en": "Itsukushima",
      "es": "Itsukushima",
      "it": "Itsukushima",
      "de": "Itsukushima",
      "ja": "厳島",
      "pt": "Itsukushima",
      "nl": "Miyajima",
      "ar": "إيتسوكوشيما",
      "zh": "嚴島",
      "ko": "이쓰쿠시마섬",
      "ru": "Ицукусима",
      "tr": "Itsukushima",
      "pl": "Itsukushima"
    }
  },
  "JP::sapporo": {
    "type": "small_city",
    "names": {
      "fr": "Sapporo",
      "en": "Sapporo",
      "es": "Sapporo",
      "it": "Sapporo",
      "pt": "Sapporo",
      "de": "Sapporo",
      "nl": "Sapporo",
      "ar": "سابورو",
      "zh": "札幌市",
      "ja": "札幌市",
      "ko": "삿포로시",
      "ru": "Саппоро",
      "hi": "साप्पोरो",
      "tr": "Sapporo",
      "pl": "Sapporo"
    }
  },
  "JP::hakone": {
    "type": "small_city",
    "names": {
      "fr": "Hakone",
      "en": "Hakone",
      "es": "Hakone",
      "it": "Hakone",
      "de": "Hakone",
      "ar": "هاكونه، كاناغاوا",
      "zh": "箱根町",
      "ja": "箱根町",
      "ko": "하코네마치",
      "ru": "Хаконе",
      "pl": "Hakone",
      "pt": "Hakone",
      "nl": "Hakone",
      "tr": "Hakone"
    }
  },
  "JP::otaru": {
    "type": "village",
    "names": {
      "fr": "Otaru",
      "en": "Otaru",
      "es": "Otaru",
      "de": "Otaru",
      "ar": "أوتارو، هوكايدو",
      "zh": "小樽市",
      "ja": "小樽市",
      "ko": "오타루시",
      "ru": "Отару",
      "pl": "Otaru",
      "it": "Otaru",
      "pt": "Otaru",
      "nl": "Otaru",
      "hi": "उतारू",
      "tr": "Otaru"
    }
  },
  "JP::furano": {
    "type": "small_city",
    "names": {
      "fr": "Furano",
      "en": "Furano",
      "es": "Furano",
      "de": "Furano",
      "ar": "فورانو، هوكايدو",
      "zh": "富良野市",
      "ja": "富良野市",
      "ko": "후라노시",
      "ru": "Фурано",
      "pl": "Furano",
      "it": "Furano",
      "pt": "Furano",
      "nl": "Furano",
      "hi": "फुरानो",
      "tr": "Furano"
    }
  },
  "JP::asahikawa": {
    "type": "small_city",
    "names": {
      "fr": "Asahikawa",
      "en": "Asahikawa",
      "es": "Asahikawa",
      "de": "Asahikawa",
      "ar": "أساهيكاوا، هوكايدو",
      "zh": "旭川市",
      "ja": "旭川市",
      "ko": "아사히카와시",
      "ru": "Асахикава",
      "pl": "Asahikawa",
      "it": "Asahikawa",
      "pt": "Asahikawa",
      "nl": "Asahikawa",
      "hi": "असहिकवा",
      "tr": "Asahikawa"
    }
  },
  "JP::biei": {
    "type": "small_city",
    "names": {
      "fr": "Biei",
      "en": "Biei",
      "zh": "美瑛町",
      "ja": "美瑛町",
      "ko": "비에이초",
      "ru": "Биэй"
    }
  },
  "JP::naha": {
    "type": "medium_city",
    "names": {
      "fr": "Naha",
      "en": "Naha",
      "es": "Naha",
      "de": "Naha",
      "ar": "ناها",
      "zh": "那霸市",
      "ja": "那覇市",
      "ko": "나하시",
      "ru": "Наха",
      "pl": "Naha"
    }
  },
  "JP::itoman": {
    "type": "small_city",
    "names": {
      "fr": "Itoman",
      "en": "Itoman",
      "es": "Itoman",
      "de": "Itoman",
      "ar": "إتومان، أوكيناوا",
      "zh": "丝满市",
      "ja": "糸満市",
      "ko": "이토만시",
      "ru": "Итоман",
      "pl": "Itoman"
    }
  },
  "JP::nanjo": {
    "type": "small_city",
    "names": {
      "fr": "Nanjō",
      "en": "Nanjō",
      "es": "Nanjō",
      "de": "Nanjō",
      "ar": "نانجو، أوكيناوا",
      "zh": "南城市",
      "ja": "南城市",
      "ko": "난조시",
      "ru": "Нандзё",
      "pl": "Nanjō"
    }
  },
  "JP::chatan": {
    "type": "small_city",
    "names": {
      "en": "Chatan",
      "zh": "北谷町",
      "ja": "北谷町",
      "ko": "자탄초",
      "ru": "Тятан"
    }
  },
  "JP::uruma": {
    "type": "small_city",
    "names": {
      "fr": "Uruma",
      "en": "Uruma",
      "es": "Uruma",
      "de": "Uruma",
      "ar": "يوروما، أوكيناوا",
      "zh": "宇流麻市",
      "ja": "うるま市",
      "ko": "우루마시",
      "ru": "Урума",
      "pl": "Uruma"
    }
  },
  "JP::nago": {
    "type": "small_city",
    "names": {
      "fr": "Nago",
      "en": "Nago",
      "es": "Nago",
      "de": "Nago",
      "ar": "ناغو، أوكيناوا",
      "zh": "名护市",
      "ja": "名護市",
      "ko": "나고시",
      "ru": "Наго",
      "pl": "Nago"
    }
  },
  "JP::motobu": {
    "type": "small_city",
    "names": {
      "en": "Motobu",
      "zh": "本部町",
      "ja": "本部町",
      "ko": "모토부초",
      "ru": "Мотобу"
    }
  },
  "JP::kitakyushu": {
    "type": "large_city",
    "names": {
      "fr": "Kitakyūshū",
      "en": "Kitakyushu",
      "es": "Kitakyūshū",
      "de": "Kitakyūshū",
      "ar": "كيتاكيوشو",
      "zh": "北九州市",
      "ja": "北九州市",
      "ko": "기타큐슈시",
      "ru": "Китакюсю",
      "pl": "Kitakyūshū"
    }
  },
  "JP::karatsu": {
    "type": "small_city",
    "names": {
      "fr": "Karatsu",
      "en": "Karatsu",
      "es": "Karatsu",
      "de": "Karatsu",
      "ar": "كاراتسو، ساغا",
      "zh": "唐津市",
      "ja": "唐津市",
      "ko": "가라쓰시",
      "ru": "Карацу",
      "pl": "Karatsu"
    }
  },
  "JP::sasebo": {
    "type": "small_city",
    "names": {
      "fr": "Sasebo",
      "en": "Sasebo",
      "es": "Sasebo",
      "de": "Sasebo",
      "ar": "ساسيبو، ناغاساكي",
      "zh": "佐世保市",
      "ja": "佐世保市",
      "ko": "사세보시",
      "ru": "Сасебо",
      "pl": "Sasebo"
    }
  },
  "JP::nagasaki": {
    "type": "medium_city",
    "names": {
      "fr": "Préfecture de Nagasaki",
      "en": "Nagasaki Prefecture",
      "es": "Prefectura de Nagasaki",
      "it": "Prefettura di Nagasaki",
      "pt": "Prefeitura de Nagasaki",
      "de": "Präfektur Nagasaki",
      "ar": "ناغاساكي",
      "zh": "长崎县",
      "ja": "長崎県",
      "ko": "나가사키현",
      "ru": "Нагасаки",
      "pl": "Prefektura Nagasaki"
    }
  },
  "JP::kumamoto": {
    "type": "medium_city",
    "names": {
      "fr": "Préfecture de Kumamoto",
      "en": "Kumamoto Prefecture",
      "es": "Prefectura de Kumamoto",
      "it": "Prefettura di Kumamoto",
      "pt": "Prefeitura de Kumamoto",
      "de": "Präfektur Kumamoto",
      "zh": "熊本县",
      "ja": "熊本県",
      "ko": "구마모토현",
      "ru": "Кумамото",
      "pl": "Prefektura Kumamoto"
    }
  },
  "JP::beppu": {
    "type": "small_city",
    "names": {
      "fr": "Beppu",
      "en": "Beppu",
      "es": "Beppu",
      "de": "Beppu",
      "ar": "يبو، أويتا",
      "zh": "别府市",
      "ja": "別府市",
      "ko": "벳푸시",
      "ru": "Беппу",
      "pl": "Beppu"
    }
  },
  "JP::kagoshima": {
    "type": "medium_city",
    "names": {
      "fr": "Préfecture de Kagoshima",
      "en": "Kagoshima Prefecture",
      "es": "Prefectura de Kagoshima",
      "it": "Prefettura di Kagoshima",
      "pt": "Prefeitura de Kagoshima",
      "de": "Präfektur Kagoshima",
      "ar": "كاغوشيما",
      "zh": "鹿儿岛县",
      "ja": "鹿児島県",
      "ko": "가고시마현",
      "ru": "Кагосима",
      "tr": "Kagoşima ili",
      "pl": "Prefektura Kagoshima"
    }
  },
  "JP::tottori": {
    "type": "small_city",
    "names": {
      "fr": "Préfecture de Tottori",
      "en": "Tottori Prefecture",
      "es": "Prefectura de Tottori",
      "it": "Prefettura di Tottori",
      "pt": "Prefeitura de Tottori",
      "de": "Präfektur Tottori",
      "ar": "توتوري",
      "zh": "鸟取县",
      "ja": "鳥取県",
      "ko": "돗토리현",
      "ru": "Тоттори",
      "pl": "Prefektura Tottori"
    }
  },
  "JP::kurayoshi": {
    "type": "small_city",
    "names": {
      "fr": "Kurayoshi",
      "en": "Kurayoshi",
      "es": "Kurayoshi",
      "de": "Kurayoshi",
      "ar": "كورايوشي، توتوري",
      "zh": "倉吉市",
      "ja": "倉吉市",
      "ko": "구라요시시",
      "ru": "Кураёси",
      "pl": "Kurayoshi"
    }
  },
  "JP::yasugi": {
    "type": "small_city",
    "names": {
      "fr": "Yasugi",
      "en": "Yasugi",
      "es": "Yasugi",
      "de": "Yasugi",
      "ar": "ياسوغي، شيمانه",
      "zh": "安來市",
      "ja": "安来市",
      "ko": "야스기시",
      "ru": "Ясуги",
      "pl": "Yasugi"
    }
  },
  "JP::sakaiminato": {
    "type": "small_city",
    "names": {
      "fr": "Sakaiminato",
      "en": "Sakaiminato",
      "es": "Sakaiminato",
      "de": "Sakaiminato",
      "ar": "ساكايميناتو، توتوري",
      "zh": "境港市",
      "ja": "境港市",
      "ko": "사카이미나토시",
      "ru": "Сакаиминато",
      "pl": "Sakaiminato"
    }
  },
  "JP::matsue": {
    "type": "small_city",
    "names": {
      "fr": "Matsue",
      "en": "Matsue",
      "es": "Matsue",
      "de": "Matsue",
      "ar": "ماتسوا، شيمانه",
      "zh": "松江市",
      "ja": "松江市",
      "ko": "마쓰에시",
      "ru": "Мацуэ",
      "pl": "Matsue"
    }
  },
  "JP::hamada": {
    "type": "small_city",
    "names": {
      "fr": "Hamada",
      "en": "Hamada",
      "es": "Hamada",
      "it": "Hamada",
      "pt": "Hamada",
      "de": "Hamada",
      "nl": "Hamada",
      "ar": "هامادا، شيمانه",
      "zh": "濱田市",
      "ja": "浜田市",
      "ko": "하마다시",
      "ru": "Хамада",
      "pl": "Hamada"
    }
  },
  "JP::okayama": {
    "type": "medium_city",
    "names": {
      "fr": "Préfecture d'Okayama",
      "en": "Okayama Prefecture",
      "es": "Prefectura de Okayama",
      "it": "Prefettura di Okayama",
      "pt": "Prefeitura de Okayama",
      "de": "Präfektur Okayama",
      "zh": "冈山县",
      "ja": "岡山県",
      "ko": "오카야마현",
      "ru": "Окаяма",
      "pl": "Prefektura Okayama"
    }
  },
  "JP::kurashiki": {
    "type": "small_city",
    "names": {
      "fr": "Kurashiki",
      "en": "Kurashiki",
      "zh": "倉敷市",
      "ja": "倉敷市",
      "ko": "구라시키시",
      "ru": "Курасики",
      "pl": "Kurashiki"
    }
  },
  "JP::takahashi": {
    "type": "small_city",
    "names": {
      "fr": "Takahashi",
      "en": "Takahashi",
      "zh": "高梁市",
      "ja": "高梁市",
      "ko": "다카하시시",
      "ru": "Такахаси",
      "pl": "Takahashi"
    }
  },
  "JP::iwakuni": {
    "type": "small_city",
    "names": {
      "fr": "Iwakuni",
      "en": "Iwakuni",
      "es": "Iwakuni",
      "de": "Iwakuni",
      "ar": "Iwakuni",
      "zh": "岩国市",
      "ja": "岩国市",
      "ko": "이와쿠니시",
      "ru": "Ивакуни",
      "pl": "Iwakuni"
    }
  },
  "JP::yamaguchi": {
    "type": "small_city",
    "names": {
      "fr": "Préfecture de Yamaguchi",
      "en": "Yamaguchi Prefecture",
      "es": "Prefectura de Yamaguchi",
      "it": "Prefettura di Yamaguchi",
      "pt": "Prefeitura de Yamaguchi",
      "de": "Präfektur Yamaguchi",
      "zh": "山口县",
      "ja": "山口県",
      "ko": "야마구치현",
      "ru": "Ямагути",
      "pl": "Prefektura Yamaguchi"
    }
  },
  "JP::nagato": {
    "type": "small_city",
    "names": {
      "fr": "Nagato",
      "en": "Nagato",
      "es": "Nagato",
      "de": "Nagato",
      "ar": "ناغوتو، ياماغوتشي",
      "zh": "长门市",
      "ja": "長門市",
      "ko": "나가토시",
      "ru": "Нагато",
      "pl": "Nagato"
    }
  },
  "JP::fujinomiya": {
    "type": "small_city",
    "names": {
      "fr": "Fujinomiya",
      "en": "Fujinomiya",
      "es": "Fujinomiya",
      "de": "Fujinomiya",
      "ar": "فوجينوميا",
      "zh": "富士宮市",
      "ja": "富士宮市",
      "ko": "후지노미야시",
      "ru": "Фудзиномия",
      "pl": "Fujinomiya"
    }
  },
  "JP::toyonemura": {
    "type": "village",
    "names": {
      "en": "Toyone",
      "zh": "豐根村",
      "ja": "豊根村",
      "ko": "도요네무라"
    }
  },
  "JP::toyota": {
    "type": "medium_city",
    "names": {
      "fr": "Toyota",
      "en": "Toyota",
      "es": "Toyota",
      "it": "Toyota",
      "de": "Toyota",
      "ar": "تويوتا، آيتشي",
      "zh": "豐田市",
      "ja": "豊田市",
      "ko": "도요타시",
      "ru": "Тоёда",
      "pl": "Toyota"
    }
  },
  "JP::tahara": {
    "type": "small_city",
    "names": {
      "fr": "Tahara",
      "en": "Tahara",
      "es": "Tahara",
      "de": "Tahara",
      "ar": "تاهارا",
      "zh": "田原市",
      "ja": "田原市",
      "ko": "다하라시",
      "ru": "Тахара",
      "pl": "Tahara"
    }
  },
  "JP::tsushima": {
    "type": "small_city",
    "names": {
      "fr": "Tsushima",
      "en": "Tsushima Island",
      "zh": "对马岛",
      "ja": "対馬",
      "ko": "쓰시마섬/쯔시마섬",
      "pl": "Cuszima"
    }
  },
  "JP::seki": {
    "type": "small_city",
    "names": {
      "fr": "Seki",
      "en": "Seki",
      "zh": "關市",
      "ja": "関市",
      "ko": "세키시",
      "ru": "Секи",
      "pl": "Seki"
    }
  },
  "JP::shirakawa-go": {
    "type": "village",
    "names": {
      "fr": "Shirakawa-gō",
      "en": "Shirakawa-gō",
      "zh": "白川乡",
      "ja": "白川郷"
    }
  },
  "JP::inabe": {
    "type": "small_city",
    "names": {
      "fr": "Inabe",
      "en": "Inabe",
      "es": "Inabe",
      "de": "Inabe",
      "ar": "إنابه، ميه",
      "zh": "員辨市",
      "ja": "いなべ市",
      "ko": "이나베시"
    }
  },
  "JP::nabari": {
    "type": "small_city",
    "names": {
      "fr": "Nabari",
      "en": "Nabari",
      "de": "Nabari",
      "zh": "名張市",
      "ja": "名張市",
      "ko": "나바리시",
      "ru": "Набари",
      "pl": "Nabari"
    }
  },
  "JP::daigo": {
    "type": "small_city",
    "names": {
      "en": "Daigo",
      "zh": "大子町",
      "ja": "大子町",
      "ko": "다이고마치",
      "ru": "Дайго"
    }
  },
  "JP::kasama": {
    "type": "small_city",
    "names": {
      "fr": "Kasama",
      "en": "Kasama",
      "es": "Kasama",
      "de": "Kasama",
      "ar": "كاساما، إيباراكي",
      "zh": "笠間市",
      "ja": "笠間市",
      "ko": "가사마시",
      "ru": "Касама",
      "pl": "Kasama"
    }
  },
  "JP::ashikaga": {
    "type": "small_city",
    "names": {
      "fr": "Ashikaga",
      "en": "Ashikaga",
      "es": "Ashikaga",
      "de": "Ashikaga",
      "ar": "أشيكاغا، توتشيغي",
      "zh": "足利市",
      "ja": "足利市",
      "ko": "아시카가시",
      "ru": "Асикага",
      "pl": "Ashikaga"
    }
  },
  "JP::nakanojo": {
    "type": "small_city",
    "names": {
      "fr": "Nakanojo",
      "en": "Nakanojo",
      "zh": "中之條町",
      "ja": "中之条町",
      "ko": "나카노조마치",
      "ru": "Наканодзё"
    }
  },
  "JP::maebashi": {
    "type": "medium_city",
    "names": {
      "fr": "Maebashi",
      "en": "Maebashi",
      "ar": "مايه-باشي",
      "zh": "前橋市",
      "ja": "前橋市",
      "ko": "마에바시시",
      "ru": "Маэбаси",
      "pl": "Maebashi"
    }
  },
  "JP::chichibu": {
    "type": "small_city",
    "names": {
      "fr": "Chichibu",
      "en": "Chichibu",
      "zh": "秩父市",
      "ja": "秩父市",
      "ko": "지치부시",
      "ru": "Титибу",
      "pl": "Chichibu"
    }
  },
  "JP::tachikawa": {
    "type": "medium_city",
    "names": {
      "fr": "Tachikawa",
      "en": "Tachikawa",
      "es": "Tachikawa",
      "de": "Tachikawa",
      "ar": "تاتشيكاوا، طوكيو",
      "zh": "立川市",
      "ja": "立川市",
      "ko": "다치카와시",
      "ru": "Татикава",
      "pl": "Tachikawa"
    }
  },
  "JP::kisarazu": {
    "type": "small_city",
    "names": {
      "fr": "Kisarazu",
      "en": "Kisarazu",
      "es": "Kisarazu",
      "de": "Kisarazu",
      "ar": "كيسارازو، تشيبا",
      "zh": "木更津市",
      "ja": "木更津市",
      "ko": "기사라즈시",
      "ru": "Кисарадзу",
      "pl": "Kisarazu"
    }
  },
  "JP::futtsu": {
    "type": "small_city",
    "names": {
      "fr": "Futtsu",
      "en": "Futtsu",
      "es": "Futtsu",
      "de": "Futtsu",
      "ar": "فوتسو، تشيبا",
      "zh": "富津市",
      "ja": "富津市",
      "ko": "훗쓰시",
      "ru": "Фуццу",
      "pl": "Futtsu"
    }
  },
  "JP::yokohama": {
    "type": "large_city",
    "names": {
      "fr": "Yokohama",
      "en": "Yokohama",
      "es": "Yokohama",
      "it": "Yokohama",
      "pt": "Yokohama",
      "de": "Yokohama",
      "nl": "Yokohama",
      "ar": "يوكوهاما",
      "zh": "横滨市",
      "ja": "横浜市",
      "ko": "요코하마시",
      "ru": "Йокогама",
      "hi": "योकोहामा शहर",
      "tr": "Yokohama",
      "pl": "Jokohama"
    }
  },
  "JP::miharu": {
    "type": "village",
    "names": {
      "en": "Miharu",
      "zh": "三春町",
      "ja": "三春町",
      "ko": "미하루마치",
      "ru": "Михару"
    }
  },
  "JP::naruko-onsen": {
    "type": "village",
    "names": {
      "en": "Naruko-Onsen",
      "ja": "鳴子温泉",
      "ko": "나루코온천"
    }
  },
  "JP::ginzan-onsen": {
    "type": "village",
    "names": {
      "en": "Ginzan Onsen Tourist Information Center",
      "ja": "銀山温泉 案内所"
    }
  },
  "JP::kakunodate": {
    "type": "small_city",
    "names": {
      "en": "Kakunodate",
      "ja": "角館",
      "ko": "가쿠노다테"
    }
  },
  "JP::yokote": {
    "type": "small_city",
    "names": {
      "fr": "Yokote",
      "en": "Yokote",
      "es": "Yokote",
      "de": "Yokote",
      "ar": "يوكوته، أكيتا",
      "zh": "橫手市",
      "ja": "横手市",
      "ko": "요코테시",
      "ru": "Йокоте",
      "pl": "Yokote"
    }
  },
  "JP::hirosaki": {
    "type": "small_city",
    "names": {
      "fr": "Hirosaki",
      "en": "Hirosaki",
      "es": "Hirosaki",
      "it": "Hirosaki",
      "de": "Hirosaki",
      "ar": "هيروساكي، آوموري",
      "zh": "弘前市",
      "ja": "弘前市",
      "ko": "히로사키시",
      "ru": "Хиросаки",
      "pl": "Hirosaki"
    }
  },
  "JP::fukaura": {
    "type": "village",
    "names": {
      "en": "Fukaura",
      "zh": "深浦町",
      "ja": "深浦町",
      "ko": "후카우라마치",
      "ru": "Фукаура"
    }
  },
  "JP::hakodate": {
    "type": "medium_city",
    "names": {
      "fr": "Hakodate",
      "en": "Hakodate",
      "es": "Hakodate",
      "de": "Hakodate",
      "ar": "هاكوداته، هوكايدو",
      "zh": "函館市",
      "ja": "函館市",
      "ko": "하코다테시",
      "ru": "Хакодатэ",
      "pl": "Hakodate"
    }
  },
  "JP::muroran": {
    "type": "small_city",
    "names": {
      "fr": "Muroran",
      "en": "Muroran",
      "es": "Muroran",
      "de": "Muroran",
      "ar": "موروان، هوكايدو",
      "zh": "室蘭市",
      "ja": "室蘭市",
      "ko": "무로란시",
      "ru": "Муроран",
      "pl": "Muroran"
    }
  },
  "JP::kushiro": {
    "type": "small_city",
    "names": {
      "fr": "Kushiro",
      "en": "Kushiro",
      "es": "Kushiro",
      "de": "Kushiro",
      "ar": "كوشيرو، هوكايدو",
      "zh": "釧路市",
      "ja": "釧路市",
      "ko": "구시로시",
      "ru": "Кусиро",
      "pl": "Kushiro"
    }
  },
  "JP::abashiri": {
    "type": "small_city",
    "names": {
      "fr": "Abashiri",
      "en": "Abashiri",
      "es": "Abashiri",
      "de": "Abashiri",
      "ar": "أباشيري، هوكايدو",
      "zh": "網走市",
      "ja": "網走市",
      "ko": "아바시리시",
      "ru": "Абасири",
      "pl": "Abashiri"
    }
  },
  "JP::wakkanai": {
    "type": "small_city",
    "names": {
      "fr": "Wakkanai",
      "en": "Wakkanai",
      "es": "Wakkanai",
      "de": "Wakkanai",
      "ar": "واكاناي، هوكايدو",
      "zh": "稚內市",
      "ja": "稚内市",
      "ko": "왓카나이시",
      "ru": "Вакканай-си",
      "pl": "Wakkanai"
    }
  }
}