{
  "GR::athenes": {
    "type": "large_city",
    "names": {
      "fr": "Athènes",
      "en": "Athens",
      "es": "Atenas",
      "it": "Atene",
      "pt": "Atenas",
      "de": "Athen",
      "nl": "Athene",
      "ar": "أثينا",
      "zh": "雅典",
      "ja": "アテネ",
      "ko": "아테네",
      "ru": "Афины",
      "hi": "एथेंस",
      "tr": "Atina",
      "pl": "Ateny"
    }
  },
  "GR::corfou": {
    "type": "small_city",
    "names": {
      "fr": "Corfou",
      "en": "Corfu",
      "es": "Isla de Corfú",
      "it": "Corfù",
      "de": "Korfu",
      "nl": "Korfoe",
      "ar": "قرفس",
      "tr": "Korfu",
      "pt": "Corfu",
      "zh": "克基拉島",
      "ja": "ケルキラ島",
      "ko": "케르키라섬",
      "ru": "Керкира",
      "pl": "Korfu"
    }
  },
  "GR::chania": {
    "type": "large_city",
    "names": {
      "fr": "La Canée",
      "en": "Chania",
      "es": "La Canea",
      "it": "Chania",
      "de": "Chania",
      "nl": "Chania",
      "ar": "خانية",
      "zh": "干尼亞",
      "ja": "ハニア",
      "ko": "하니아",
      "ru": "Ханья",
      "tr": "Hanya",
      "pt": "Chania",
      "hi": "चानिया",
      "pl": "Chania"
    }
  },
  "GR::thessalonique": {
    "type": "medium_city",
    "names": {
      "fr": "Thessalonique",
      "en": "Thessaloniki",
      "es": "Salónica",
      "it": "Salonicco",
      "pt": "Salónica",
      "de": "Thessaloniki",
      "nl": "Thessaloniki",
      "ar": "سالونيك",
      "zh": "塞薩洛尼基",
      "ja": "テッサロニキ",
      "ko": "테살로니키",
      "ru": "Салоники",
      "tr": "Selanik",
      "pl": "Saloniki",
      "hi": "थेसालोनिकी"
    }
  },
  "GR::heraklion": {
    "type": "medium_city",
    "names": {
      "fr": "Héraklion",
      "en": "Heraklion",
      "es": "Heraclión",
      "de": "Heraklion",
      "ar": "كاندية",
      "zh": "伊拉克利翁",
      "ja": "イラクリオン",
      "ru": "Ираклион",
      "tr": "Kandiye",
      "pl": "Heraklion",
      "it": "Candia",
      "pt": "Heraclião",
      "nl": "Iraklion",
      "ko": "이라클리오",
      "hi": "हेराक्लिओन"
    }
  },
  "GR::rhodes": {
    "type": "large_city",
    "names": {
      "fr": "Rhodes",
      "en": "Rhodes",
      "es": "Isla de Rodas",
      "it": "Rodi",
      "de": "Rhodos",
      "nl": "Rhodos",
      "ja": "ロドス",
      "ru": "Родос",
      "tr": "Rodos",
      "pl": "Rodos",
      "pt": "Rodes",
      "ar": "رودس",
      "zh": "罗得岛",
      "ko": "로도스섬"
    }
  },
  "GR::thessaloniki": {
    "type": "medium_city",
    "names": {
      "fr": "Thessalonique",
      "en": "Thessaloniki",
      "es": "Salónica",
      "it": "Salonicco",
      "pt": "Salónica",
      "de": "Thessaloniki",
      "nl": "Thessaloniki",
      "ar": "سالونيك",
      "zh": "塞薩洛尼基",
      "ja": "テッサロニキ",
      "ko": "테살로니키",
      "ru": "Салоники",
      "tr": "Selanik",
      "pl": "Saloniki",
      "hi": "थेसालोनिकी"
    }
  },
  "GR::nauplie": {
    "type": "large_city",
    "names": {
      "fr": "Nauplie",
      "en": "Nafplio",
      "es": "Nauplia",
      "it": "Nauplia",
      "de": "Nafplio",
      "nl": "Nauplion",
      "ar": "نافبليو",
      "ko": "나플리오",
      "ru": "Нафплион",
      "tr": "Anabolu",
      "pt": "Náuplia",
      "zh": "纳夫普利翁",
      "ja": "ナフプリオ",
      "pl": "Nauplion"
    }
  },
  "GR::mykonos": {
    "type": "large_city",
    "names": {
      "fr": "Mýkonos",
      "en": "Mykonos",
      "es": "Miconos",
      "de": "Mykonos",
      "ko": "미코노스",
      "ru": "Миконос",
      "tr": "Mikonos",
      "it": "Mykonos",
      "pt": "Míconos",
      "nl": "Mikonos",
      "ar": "ميكونوس",
      "zh": "米科诺斯岛",
      "ja": "ミコノス島",
      "pl": "Mykonos"
    }
  },
  "GR::zakynthos": {
    "type": "medium_city",
    "names": {
      "fr": "Zante",
      "en": "Zakynthos",
      "es": "Zacinto",
      "it": "Zante",
      "ko": "자킨토스",
      "ru": "Закинф",
      "tr": "Zante",
      "pt": "Zaquintos",
      "de": "Zakynthos",
      "nl": "Zakynthos",
      "ar": "زاكينثوس",
      "zh": "扎金索斯岛",
      "ja": "ザキントス島",
      "pl": "Zakintos"
    }
  },
  "GR::kalambaka": {
    "type": "large_city",
    "names": {
      "fr": "Kalambaka",
      "en": "Kalambaka",
      "de": "Kalambaka",
      "es": "estación Kalambáka",
      "ru": "Каламбака"
    }
  },
  "GR::agios-nikolaos": {
    "type": "large_city",
    "names": {
      "fr": "Agios Nikolaos",
      "en": "Agios Nikolaos",
      "de": "Agios Nikolaos",
      "ar": "آغيوس نيكولاوس",
      "ru": "Айос-Николаос",
      "pl": "Ajos Nikolaos",
      "es": "Ágios Nikolaos",
      "it": "San Nicolò",
      "pt": "Ágios Nikolaos",
      "nl": "Agios Nikolaos",
      "zh": "圣尼古拉奥斯",
      "ja": "アイオス・ニコラオス",
      "ko": "아요스니콜라오스",
      "tr": "Ayos Nikolaos"
    }
  },
  "GR::akrotiri": {
    "type": "medium_city",
    "names": {
      "zh": "古阿克罗蒂里",
      "fr": "Akrotiri (Santorin)",
      "en": "Akrotiri",
      "es": "Acrotiri",
      "it": "Akrotiri",
      "pt": "Acrotíri",
      "de": "Akrotiri",
      "nl": "Akrotiri",
      "ar": "أكروتيري",
      "ja": "アクロティリ",
      "ko": "아크로티리",
      "ru": "Акротири",
      "tr": "Acroterium",
      "pl": "Akrotiri"
    }
  },
  "GR::litochoro": {
    "type": "medium_city",
    "names": {
      "es": "Litóchoro",
      "ru": "Литохоро",
      "fr": "Litochoro",
      "en": "Litochoro",
      "it": "Litochoro",
      "de": "Litochoro",
      "nl": "Litochoro",
      "ar": "ليتوخورو",
      "zh": "利托霍罗",
      "ja": "リトホロ",
      "pl": "Litochoro"
    }
  },
  "GR::kos": {
    "type": "medium_city",
    "names": {
      "fr": "Kos",
      "en": "Kos",
      "es": "Cos",
      "it": "Coo",
      "de": "Kos",
      "ru": "Кос",
      "tr": "İstanköy",
      "pt": "Cós",
      "nl": "Kos",
      "ar": "كوس",
      "zh": "科斯岛",
      "ja": "コス島",
      "ko": "코스섬",
      "hi": "कोस",
      "pl": "Kos"
    }
  },
  "GR::paros": {
    "type": "large_city",
    "names": {
      "fr": "Paros",
      "en": "Paros",
      "de": "Paros",
      "zh": "帕罗斯岛",
      "tr": "Berre",
      "es": "Paros",
      "it": "Paro",
      "pt": "Paros",
      "nl": "Paros",
      "ar": "باروس",
      "ja": "パロス島",
      "ko": "파로스섬",
      "ru": "Парос",
      "pl": "Paros"
    }
  },
  "GR::pyrgos": {
    "type": "medium_city",
    "names": {
      "fr": "Pýrgos",
      "en": "Municipality of Pyrgos",
      "de": "Pyrgos",
      "nl": "Pyrgos",
      "ar": "بيرغوس",
      "ko": "피르고스군",
      "ru": "Пиргос",
      "tr": "Pazgan",
      "es": "Pirgos",
      "it": "Pyrgos",
      "pt": "Pyrgos",
      "zh": "皮尔戈斯",
      "ja": "ピルゴス",
      "pl": "Pirgos"
    }
  },
  "GR::argostoli": {
    "type": "medium_city",
    "names": {
      "en": "Argostoli",
      "it": "Argostoli",
      "de": "Argostoli",
      "ko": "아르고스톨리",
      "ru": "Аргостолион",
      "fr": "Argostóli",
      "es": "Argostoli",
      "nl": "Argostoli",
      "ar": "أرغوستولي",
      "zh": "阿尔戈斯托利翁",
      "ja": "アルゴストリ",
      "tr": "Arhos",
      "pl": "Argostoli"
    }
  },
  "GR::oia": {
    "type": "medium_city",
    "names": {
      "fr": "Ía",
      "en": "Oia",
      "es": "Oia",
      "zh": "伊亚",
      "ru": "Ия. Санторини",
      "it": "Oia",
      "de": "Ia",
      "nl": "Oia",
      "ar": "أويا، كيكلاديس",
      "ja": "イア (ギリシャ)",
      "tr": "Oia, Yunanistan",
      "pl": "Oia (Grecja)"
    }
  },
  "GR::ioannina": {
    "type": "medium_city",
    "names": {
      "fr": "Ioánnina",
      "en": "Ioannina",
      "es": "Ioánina",
      "it": "Giannina",
      "pt": "Janina",
      "de": "Ioannina",
      "ar": "يانينة",
      "ja": "ヨアニナ",
      "ko": "요안니나",
      "ru": "Янина",
      "tr": "Yanya",
      "pl": "Janina",
      "nl": "Ioannina",
      "zh": "约阿尼纳",
      "hi": "ईओणिना"
    }
  },
  "GR::tolo": {
    "type": "medium_city",
    "names": {
      "fr": "Tolo",
      "en": "Tolo",
      "de": "Tolo",
      "ru": "Толо",
      "it": "Tolo",
      "nl": "Tolo",
      "ar": "تولو",
      "pl": "Tolo"
    }
  },
  "GR::kamari": {
    "type": "medium_city",
    "names": {
      "fr": "Kamári",
      "en": "Kamari",
      "de": "Kamari",
      "zh": "卡马利黑沙滩",
      "ru": "Камари",
      "tr": "Kamari",
      "nl": "Kamari",
      "ar": "كاماري",
      "ja": "カマリ",
      "pl": "Kamari"
    }
  },
  "GR::rethymno": {
    "type": "medium_city",
    "names": {
      "fr": "Réthymnon",
      "en": "Rethymno",
      "es": "Rétino",
      "it": "Rethymno",
      "de": "Rethymnon",
      "nl": "Rethimnon",
      "ar": "ريثيمنو",
      "ru": "Ретимнон",
      "tr": "Resmo",
      "pl": "Retimno",
      "pt": "Retimno",
      "zh": "雷西姆诺",
      "ja": "レティムノ",
      "ko": "레팀노",
      "hi": "रथीमनो"
    }
  },
  "GR::lassithi": {
    "type": "medium_city",
    "names": {
      "en": "Lasithi Regional Unit",
      "de": "Regionalbezirk Lasithi",
      "ru": "периферийная единица Ласити",
      "fr": "district régional de Lassíthi",
      "es": "unidad periférica de Lasithi",
      "it": "Lasithi",
      "pt": "Lasíti",
      "nl": "Lassithi",
      "ar": "لاسيثي",
      "zh": "拉西锡专区",
      "ja": "ラシティ県",
      "ko": "라시티현",
      "tr": "Laşit ilçesi",
      "pl": "Nomos Lasiti"
    }
  },
  "GR::sami": {
    "type": "small_city",
    "names": {
      "_default": "Sami",
      "fr": "Sami",
      "en": "Sami",
      "es": "Sami",
      "it": "Sami",
      "pt": "Sami",
      "de": "Sami",
      "nl": "Sami",
      "ar": "سميع",
      "zh": "萨米",
      "ja": "サミ",
      "ru": "Сами",
      "tr": "Sami",
      "pl": "Sami"
    }
  },
  "GR::rethymnon": {
    "type": "medium_city",
    "names": {
      "fr": "Réthymnon",
      "en": "Rethymno",
      "es": "Rétino",
      "it": "Rethymno",
      "de": "Rethymnon",
      "nl": "Rethimnon",
      "ar": "ريثيمنو",
      "ru": "Ретимнон",
      "tr": "Resmo",
      "pl": "Retimno",
      "pt": "Retimno",
      "zh": "雷西姆诺",
      "ja": "レティムノ",
      "ko": "레팀노",
      "hi": "रथीमनो"
    }
  },
  "GR::santorin": {
    "type": "medium_city",
    "names": {
      "fr": "Santorin",
      "en": "Santorini",
      "es": "Santorini",
      "de": "Santorin",
      "nl": "Santorini",
      "zh": "圣托里尼",
      "ru": "Санторини",
      "tr": "Santoron",
      "it": "Santorini",
      "pt": "Santorini",
      "ar": "سانتوريني",
      "ja": "サントリーニ島",
      "ko": "산토리니섬",
      "hi": "सांडोरिनी",
      "pl": "Santoryn"
    }
  },
  "GR::delos": {
    "type": "medium_city",
    "names": {
      "fr": "Délos",
      "en": "Delos",
      "de": "Delos",
      "nl": "Delos",
      "ru": "Дилос",
      "tr": "Delos",
      "es": "Delos",
      "it": "Delo",
      "pt": "Delos",
      "ar": "ديلوس",
      "zh": "提洛岛",
      "ja": "デロス島",
      "ko": "델로스섬",
      "hi": "डेलोस",
      "pl": "Delos"
    }
  },
  "GR::sparte": {
    "type": "small_city",
    "names": {
      "fr": "Sparte",
      "en": "Sparta",
      "es": "Esparta",
      "it": "Sparta",
      "de": "Sparta",
      "nl": "Sparta",
      "ar": "إسبرطة",
      "ko": "스파르타",
      "ru": "Спарта",
      "tr": "Sparta",
      "pt": "Esparta",
      "zh": "斯巴达",
      "ja": "スパルティ",
      "pl": "Sparta"
    }
  },
  "GR::skiathos": {
    "type": "small_city",
    "names": {
      "fr": "Skiathos",
      "en": "Skiathos",
      "tr": "İskados",
      "es": "Scíathos",
      "it": "Sciato",
      "pt": "Skiathos",
      "de": "Skiathos",
      "nl": "Skiathos",
      "ar": "سكياثوس",
      "zh": "斯基亞索斯島",
      "ja": "スキアトス島",
      "ru": "Скиатос",
      "pl": "Skiathos"
    }
  },
  "GR::naxos": {
    "type": "medium_city",
    "names": {
      "fr": "Naxos",
      "en": "Naxos",
      "it": "Nasso",
      "de": "Naxos",
      "zh": "纳克索斯岛",
      "tr": "Nakşa",
      "es": "Naxos",
      "pt": "Naxos",
      "nl": "Naxos",
      "ar": "ناكسوس",
      "ja": "ナクソス島",
      "ko": "낙소스섬",
      "ru": "Наксос",
      "hi": "नक्सोस",
      "pl": "Naksos"
    }
  },
  "GR::fira": {
    "type": "medium_city",
    "names": {
      "fr": "Firá",
      "en": "Fira",
      "es": "Fira",
      "zh": "费拉",
      "ko": "피라",
      "ru": "Тира",
      "tr": "Fira",
      "it": "Fira",
      "de": "Firá",
      "nl": "Fira",
      "ar": "فيرا",
      "ja": "フィラ (ギリシャ)",
      "pl": "Fira"
    }
  },
  "GR::fira-santorini": {
    "type": "medium_city",
    "names": {
      "en": "The Catholic Bishop's House of Santorini"
    }
  },
  "GR::skopelos": {
    "type": "small_city",
    "names": {
      "en": "Skopelos",
      "tr": "İşkepeloz",
      "fr": "Skópelos",
      "es": "Skópelos",
      "it": "Scopelo",
      "pt": "Skopelos",
      "de": "Skopelos",
      "nl": "Skopelos",
      "ar": "سكوبيلوس",
      "zh": "斯科派洛斯島",
      "ja": "スコペロス島",
      "ru": "Скопелос",
      "pl": "Skopelos"
    }
  },
  "GR::thasos": {
    "type": "medium_city",
    "names": {
      "fr": "Thasos",
      "en": "Thasos",
      "es": "Isla de Tasos",
      "de": "Thasos",
      "zh": "萨索斯岛",
      "ru": "Тасос",
      "tr": "Taşoz",
      "it": "Taso",
      "pt": "Tasos",
      "nl": "Thasos",
      "ar": "ثاسوس",
      "ja": "タソス島",
      "ko": "타소스섬",
      "pl": "Tasos"
    }
  },
  "GR::leucade": {
    "type": "medium_city",
    "names": {
      "fr": "Leucade",
      "en": "Lefkada",
      "it": "Santa Maura",
      "de": "Lefkada",
      "tr": "Lefkada",
      "es": "Léucade",
      "pt": "Levkas",
      "nl": "Lefkada",
      "ar": "ليفكادا",
      "zh": "萊夫卡斯島",
      "ja": "レフカダ島",
      "ko": "레프카다",
      "ru": "Лефкас",
      "pl": "Leukada"
    }
  },
  "GR::elounda": {
    "type": "medium_city",
    "names": {
      "_default": "Elounda",
      "fr": "Eloúnda",
      "en": "Elounda",
      "es": "Elunda",
      "it": "Elounda",
      "pt": "Elounda",
      "de": "Elounda",
      "nl": "Elounda",
      "ru": "Элунда",
      "pl": "Elounda"
    }
  },
  "GR::arachova": {
    "type": "small_city",
    "names": {
      "fr": "Arachova",
      "en": "Arachova",
      "es": "Arachova",
      "de": "Arachova",
      "ru": "Арахова",
      "it": "Arachova",
      "pt": "Aráchova",
      "nl": "Arachova",
      "ar": "أراخوفا",
      "zh": "阿拉霍瓦",
      "ja": "アラホヴァ",
      "tr": "Arahova"
    }
  },
  "GR::santorini-black-beach": {
    "type": "medium_city",
    "names": {
      "en": "Black Beach",
      "es": "Playa Negra"
    }
  },
  "GR::olympie": {
    "type": "small_city",
    "names": {
      "fr": "Olympie",
      "en": "Olympia",
      "es": "Olimpia",
      "it": "Sito archeologico di Olimpia",
      "de": "Olympia",
      "nl": "Olympia",
      "ru": "Олимпия",
      "pt": "Olímpia",
      "ar": "أوليمبيا",
      "zh": "奥林匹亚考古遗址",
      "ja": "オリンピア",
      "ko": "올림피아",
      "hi": "ओलिम्पिया",
      "tr": "Olimpiya",
      "pl": "Olimpia"
    }
  },
  "GR::mykonos-town": {
    "type": "small_city",
    "names": {
      "fr": "Mýkonos",
      "en": "Mykonos",
      "es": "Miconos",
      "de": "Mykonos",
      "ko": "미코노스",
      "ru": "Миконос",
      "tr": "Mikonos",
      "it": "Mykonos",
      "pt": "Míconos",
      "nl": "Mikonos",
      "ar": "ميكونوس",
      "zh": "米科诺斯岛",
      "ja": "ミコノス島",
      "pl": "Mykonos"
    }
  },
  "GR::kalymnos": {
    "type": "small_city",
    "names": {
      "fr": "Kalymnos",
      "en": "Kalymnos",
      "es": "Kálimnos",
      "it": "Calimno",
      "de": "Kalymnos",
      "tr": "Kelemez",
      "pt": "Calímnos",
      "nl": "Kalymnos",
      "ar": "كاليمنوس",
      "zh": "卡利姆诺斯岛",
      "ja": "カリムノス島",
      "ko": "칼림노스섬",
      "ru": "Калимнос",
      "pl": "Kalimnos"
    }
  },
  "GR::epidaure": {
    "type": "small_city",
    "names": {
      "fr": "Épidaure",
      "en": "Municipality of Epidaurus",
      "de": "Gemeinde Epidavros",
      "ko": "에피다브루군",
      "es": "municipio de Epidauro",
      "nl": "Epidavros",
      "zh": "埃皮扎夫罗斯",
      "ru": "Эпидаврос",
      "pl": "Epidauros"
    }
  },
  "GR::alexandroupoli": {
    "type": "small_city",
    "names": {
      "fr": "Alexandroúpoli",
      "en": "Alexandroupolis",
      "es": "Alejandrópolis",
      "it": "Alessandropoli",
      "pt": "Alexandrópolis",
      "de": "Alexandroupoli",
      "ar": "أليكساندروبولي",
      "ru": "Александруполис",
      "tr": "Dedeağaç",
      "pl": "Aleksandropolis",
      "nl": "Alexandroupolis",
      "zh": "亞歷山德魯波利斯",
      "ja": "アレクサンドルーポリ",
      "ko": "알렉산드루폴리",
      "hi": "अलेसांद्रोणपोळी"
    }
  },
  "GR::sounion": {
    "type": "small_city",
    "names": {
      "en": "Cape Sounion",
      "de": "Kap Sounion",
      "fr": "cap Sounion",
      "es": "Sunio",
      "it": "Capo Sunio",
      "pt": "Súnion",
      "nl": "Kaap Soenion",
      "zh": "舒尼恩岬",
      "ja": "スニオン岬",
      "ru": "Сунион",
      "tr": "Sunion",
      "pl": "Sunion"
    }
  },
  "GR::marathias": {
    "type": "small_city",
    "names": {
      "en": "Marathias",
      "de": "Marathias",
      "ru": "Маратиас",
      "fr": "Marathiás",
      "nl": "Marathias"
    }
  },
  "GR::kavala": {
    "type": "small_city",
    "names": {
      "fr": "Kavala",
      "en": "Kavala",
      "es": "Kavala",
      "pt": "Cavala",
      "de": "Kavala",
      "nl": "Kavála",
      "ar": "قوالة",
      "ja": "カヴァラ",
      "ru": "Кавала",
      "tr": "Kavala",
      "pl": "Kawala",
      "it": "Kavala",
      "zh": "卡瓦拉",
      "ko": "카발라",
      "hi": "कावाला"
    }
  },
  "GR::mystras": {
    "type": "small_city",
    "names": {
      "fr": "Site archéologique de Mystras",
      "en": "Archaeological Site of Mystras",
      "es": "Sitio arqueológico de Mistras",
      "it": "Castello bizantino di Mistra",
      "de": "Mystras",
      "nl": "Archeologische plaats Mystras",
      "ar": "مدينة ميستراس",
      "zh": "米斯特拉斯考古遗址",
      "ja": "ミストラ遺跡",
      "ru": "Древний город Мистра",
      "pt": "Mistras",
      "ko": "미스트라스",
      "hi": "मिस्ट्रस",
      "tr": "Mistra",
      "pl": "Mistra"
    }
  },
  "GR::karpathos": {
    "type": "small_city",
    "names": {
      "fr": "Karpathos",
      "en": "Karpathos",
      "es": "Isla Cárpatos",
      "it": "Scarpanto",
      "de": "Karpathos",
      "zh": "喀帕苏斯岛",
      "tr": "Kerpe",
      "pt": "Cárpatos",
      "nl": "Karpathos",
      "ar": "كارباثوس",
      "ja": "カルパトス島",
      "ko": "카르파토스섬",
      "ru": "Карпатос",
      "pl": "Karpathos"
    }
  },
  "GR::chalcis": {
    "type": "small_city",
    "names": {
      "fr": "Chalcis",
      "en": "Chalkida",
      "de": "Chalkida",
      "ar": "خلكيذا",
      "ja": "ハルキダ",
      "ru": "Халкис",
      "tr": "Halkida",
      "es": "Calcis",
      "it": "Calcide",
      "pt": "Cálcis",
      "nl": "Chalkis",
      "zh": "哈尔基斯",
      "ko": "할키스",
      "hi": "कालकिदा",
      "pl": "Chalkida"
    }
  },
  "GR::tripoli": {
    "type": "small_city",
    "names": {
      "fr": "Tripoli",
      "en": "Tripoli",
      "es": "Trípoli",
      "de": "Tripoli",
      "ar": "طرابلس",
      "ko": "트리폴리",
      "ru": "Триполис",
      "tr": "Tripoliçe",
      "it": "Tripoli",
      "pt": "Trípoli",
      "nl": "Tripolis",
      "zh": "特里波利斯",
      "ja": "トリポリ",
      "hi": "त्रिपोली",
      "pl": "Tripoli"
    }
  },
  "GR::sitia": {
    "type": "small_city",
    "names": {
      "fr": "Sitía",
      "en": "Sitia",
      "de": "Sitia",
      "ar": "سيتيا",
      "zh": "锡蒂亚",
      "ru": "Сития",
      "es": "Siteia",
      "it": "Sitia",
      "pt": "Siteía",
      "nl": "Sitia",
      "ja": "シティア",
      "tr": "İstiye",
      "pl": "Sitía"
    }
  },
  "GR::ierapetra": {
    "type": "small_city",
    "names": {
      "en": "Municipality of Ierapetra",
      "de": "Provinz Ierapetra",
      "fr": "dème d'Ierápetra",
      "es": "municipio de Ierapetra",
      "ru": "Иерапетра",
      "tr": "Yerapetra belediyesi",
      "pl": "Jerapetras"
    }
  },
  "GR::patras": {
    "type": "small_city",
    "names": {
      "fr": "Patras",
      "en": "Patras",
      "it": "Patrasso",
      "ar": "باتراس",
      "de": "Patras",
      "nl": "Patras",
      "pl": "Patras"
    }
  },
  "GR::naxos-town": {
    "type": "small_city",
    "names": {
      "fr": "Naxos",
      "en": "Naxos",
      "it": "Nasso",
      "de": "Naxos",
      "zh": "纳克索斯岛",
      "tr": "Nakşa",
      "es": "Naxos",
      "pt": "Naxos",
      "nl": "Naxos",
      "ar": "ناكسوس",
      "ja": "ナクソス島",
      "ko": "낙소스섬",
      "ru": "Наксос",
      "hi": "नक्सोस",
      "pl": "Naksos"
    }
  },
  "GR::philippes": {
    "type": "small_city",
    "names": {
      "fr": "Philippes",
      "en": "Philippi",
      "de": "Philippi",
      "es": "Filipos",
      "it": "Filippi",
      "pt": "Filipos",
      "nl": "Philippi",
      "zh": "腓立比",
      "ja": "ピリッポイ",
      "ko": "필리피",
      "ru": "Филиппы",
      "hi": "फिलिप्पी",
      "tr": "Philippi",
      "pl": "Filippi"
    }
  },
  "GR::parikia-paros": {
    "type": "medium_city",
    "names": {
      "en": "Paros"
    }
  },
  "GR::antiparos": {
    "type": "small_city",
    "names": {
      "fr": "Antiparos",
      "en": "Antiparos",
      "ru": "Андипарос",
      "es": "Antíparos",
      "it": "Antiparo",
      "pt": "Antiparos",
      "de": "Andiparos",
      "nl": "Antiparos",
      "ar": "أنتيباروس",
      "zh": "安迪帕罗斯岛",
      "ja": "アンディパロス島",
      "tr": "Küçük Barre",
      "pl": "Antiparos"
    }
  },
  "GR::preveza": {
    "type": "small_city",
    "names": {
      "fr": "Preveza",
      "en": "Preveza",
      "es": "Préveza",
      "it": "Prevesa",
      "pt": "Preveza",
      "de": "Preveza",
      "nl": "Preveza",
      "ar": "بروزة",
      "zh": "普雷韦扎",
      "ja": "プレヴェザ",
      "ko": "프레베자",
      "ru": "Превеза",
      "tr": "Preveze",
      "pl": "Preweza",
      "hi": "प्रेवेज़"
    }
  },
  "GR::naousa-paros": {
    "type": "small_city",
    "names": {
      "_default": "Paros"
    }
  },
  "GR::gytheio": {
    "type": "small_city",
    "names": {
      "en": "Gytheio"
    }
  },
  "GR::naxos-chora": {
    "type": "small_city",
    "names": {
      "_default": "Chora"
    }
  },
  "GR::ithaque": {
    "type": "small_city",
    "names": {
      "fr": "Ithaque",
      "en": "Ithaca",
      "es": "Ítaca",
      "it": "Itaca",
      "de": "Ithaka",
      "nl": "Ithaka",
      "tr": "Fiaki",
      "pt": "Ítaca",
      "ar": "إيثاكا",
      "zh": "伊薩基島",
      "ja": "イタキ島",
      "ko": "이타키 섬",
      "ru": "Итака",
      "pl": "Itaka"
    }
  },
  "GR::kalamata": {
    "type": "small_city",
    "names": {
      "fr": "Kalamata",
      "en": "Municipality of Kalamata",
      "es": "Kalamata",
      "it": "Calamata",
      "de": "Gemeinde Kalamata",
      "nl": "Kalamáta",
      "ar": "بلدية كالاماتا",
      "ko": "칼라마타군",
      "ru": "Каламата",
      "tr": "Kalamatya",
      "pt": "Kalamata",
      "zh": "卡拉马塔",
      "ja": "カラマタ",
      "hi": "कला माता",
      "pl": "Kalamata"
    }
  },
  "GR::kissamos": {
    "type": "small_city",
    "names": {
      "fr": "Kíssamos",
      "en": "Kissamos",
      "it": "Kissamos",
      "de": "Kissamos",
      "nl": "Kissamos",
      "ru": "Кисамос",
      "es": "Kissamos",
      "pt": "Císsamos",
      "ar": "كيساموس",
      "zh": "基萨莫斯",
      "ja": "キサモス",
      "tr": "Kisamu",
      "pl": "Kissamos"
    }
  },
  "GR::eretria": {
    "type": "small_city",
    "names": {
      "en": "Eretria",
      "ru": "Эретрия",
      "fr": "Érétrie",
      "es": "Eretria",
      "it": "Eretria",
      "pt": "Erétria",
      "de": "Eretria",
      "nl": "Eretria",
      "ar": "إرتريا",
      "zh": "埃雷特里亞",
      "ja": "エレトリア",
      "ko": "에레트리아",
      "tr": "Eretria",
      "pl": "Eretria"
    }
  },
  "GR::monemvasia": {
    "type": "small_city",
    "names": {
      "en": "Monemvasia",
      "it": "Malvasia",
      "tr": "Benefşe"
    }
  },
  "GR::vergina": {
    "type": "small_city",
    "names": {
      "fr": "Vergina",
      "en": "Vergina",
      "es": "Vergina",
      "it": "Verghina",
      "pt": "Vergina",
      "de": "Vergina",
      "nl": "Vergina",
      "ar": "فيرغينا",
      "zh": "维尔吉纳",
      "ja": "ヴェルギナ",
      "ko": "베르기나",
      "ru": "Вергина",
      "hi": "वर्जिना",
      "tr": "Vergina",
      "pl": "Wergina"
    }
  },
  "GR::matala": {
    "type": "small_city",
    "names": {
      "fr": "Mátala",
      "en": "Mátala",
      "de": "Matala",
      "ru": "Матала",
      "es": "Mátala",
      "it": "Matala",
      "pt": "Matala",
      "nl": "Matala",
      "tr": "Matala",
      "pl": "Matala"
    }
  },
  "GR::karystos": {
    "type": "small_city",
    "names": {
      "fr": "Karystos",
      "en": "Karystos",
      "de": "Karystos",
      "ru": "Каристос",
      "tr": "Kızılhisar",
      "es": "Caristo",
      "it": "Karystos",
      "pt": "Caristo",
      "nl": "Karystos",
      "ar": "كارستوس",
      "zh": "卡里斯托斯",
      "ja": "カリストス (エヴィア県)",
      "pl": "Karistos"
    }
  },
  "GR::leros": {
    "type": "small_city",
    "names": {
      "en": "Municipality of Leros",
      "fr": "Leros",
      "es": "Leros",
      "it": "Lero",
      "pt": "Leros",
      "de": "Leros",
      "nl": "Leros",
      "ar": "ليروس",
      "zh": "萊羅斯島",
      "ja": "レロス島",
      "ru": "Лерос",
      "tr": "Leryos",
      "pl": "Leros"
    }
  },
  "GR::vassiliki": {
    "type": "small_city",
    "names": {
      "en": "Vasiliki",
      "de": "Vasiliki",
      "ru": "Василики",
      "it": "Vasilikī",
      "nl": "Vasiliki"
    }
  },
  "GR::edipsos": {
    "type": "medium_city",
    "names": {
      "en": "Aidipsos",
      "ru": "Эдипсос",
      "fr": "Edipsós",
      "es": "Edepso",
      "it": "Aidipsos",
      "de": "Edipsos",
      "nl": "Aidipsos",
      "ar": "أيديبسوس، إففويا",
      "zh": "艾季普索斯",
      "ja": "エディプソス"
    }
  },
  "GR::possidi": {
    "type": "small_city",
    "names": {
      "en": "Poseidi",
      "de": "Possidi",
      "ru": "Посеиди",
      "fr": "Posídi"
    }
  },
  "GR::kalamitsi": {
    "type": "small_city",
    "names": {
      "_default": "Καλαμίτσι",
      "en": "Kalamitsi"
    }
  },
  "GR::navagio": {
    "type": "small_city",
    "names": {
      "_default": "Navagio",
      "fr": "Baie du naufrage",
      "en": "Navagio",
      "es": "Playa de Navagio",
      "it": "Navagio",
      "de": "Navagio",
      "nl": "Navagio",
      "ar": "خليج نافاجيو",
      "zh": "沉船湾",
      "ja": "ナヴァイオ海岸",
      "ko": "나바지오",
      "ru": "Навайо",
      "tr": "Navagio",
      "pl": "Navagio"
    }
  },
  "GR::astypalea": {
    "type": "small_city",
    "names": {
      "en": "Astypalea",
      "es": "Astipalea",
      "it": "Stampalia",
      "de": "Astypalea",
      "zh": "阿斯蒂帕莱阿岛",
      "ru": "Астипалея",
      "tr": "İstanbulya",
      "fr": "Astypalée",
      "pt": "Astipaleia",
      "nl": "Astipalaia",
      "ar": "أستيباليا",
      "ja": "アスティパレア島",
      "ko": "아스티팔라이아섬",
      "pl": "Astipalea"
    }
  },
  "GR::nisyros": {
    "type": "small_city",
    "names": {
      "fr": "Nissiros",
      "en": "Nisyros",
      "es": "Nísiros",
      "de": "Nisyros",
      "tr": "İncirli",
      "it": "Nisiro",
      "pt": "Nisiros",
      "nl": "Nisyros",
      "ar": "نيسيروس",
      "zh": "尼西羅斯島",
      "ja": "ニシロス島",
      "ko": "니시로스섬",
      "ru": "Нисирос",
      "pl": "Nisyros"
    }
  },
  "GR::xanthi": {
    "type": "small_city",
    "names": {
      "fr": "Xanthi",
      "en": "Xanthi",
      "es": "Xanti",
      "de": "Xanthi",
      "ar": "كسانثي",
      "ru": "Ксанти",
      "tr": "İskeçe",
      "pl": "Ksanti",
      "it": "Xanthi",
      "pt": "Xanti",
      "nl": "Xanthi",
      "zh": "克桑西",
      "ja": "クサンティ",
      "ko": "크산티",
      "hi": "ज़ानथी"
    }
  },
  "GR::edessa": {
    "type": "small_city",
    "names": {
      "fr": "Édessa",
      "en": "Edessa",
      "de": "Edessa",
      "ar": "الرها",
      "ru": "Эдеса",
      "tr": "Vodina",
      "es": "Édessa",
      "it": "Edessa",
      "pt": "Edessa",
      "nl": "Edessa",
      "zh": "埃泽萨",
      "ja": "エデッサ",
      "ko": "에데사",
      "hi": "एदेस्सा",
      "pl": "Edesa"
    }
  },
  "GR::symi": {
    "type": "small_city",
    "names": {
      "fr": "Sými",
      "en": "Symi",
      "ru": "Сими",
      "tr": "Sömbeki",
      "es": "Symi",
      "it": "Simi",
      "pt": "Simi",
      "de": "Symi",
      "nl": "Simi",
      "ar": "سيمي",
      "zh": "錫米島",
      "ja": "シミ島",
      "pl": "Simi"
    }
  },
  "GR::milos-adamas": {
    "type": "small_city",
    "names": {
      "en": "Milos"
    }
  },
  "GR::paxos": {
    "type": "small_city",
    "names": {
      "en": "Paxos",
      "tr": "Paksu",
      "fr": "Paxos",
      "es": "Paxoí",
      "it": "Isola di Passo",
      "pt": "Paxos",
      "de": "Paxos",
      "nl": "Paxi",
      "ar": "جزيرة باكسي",
      "zh": "帕克西岛",
      "ja": "パクシ島",
      "ru": "Паксос",
      "pl": "Paksos"
    }
  },
  "GR::alonissos": {
    "type": "medium_city",
    "names": {
      "fr": "Alonissos",
      "en": "Alonissos",
      "tr": "Kırlangıç Adası",
      "es": "Alónnisos",
      "it": "Alonneso",
      "pt": "Alónissos",
      "de": "Alonnisos",
      "nl": "Alonissos",
      "ar": "ألونيسوس",
      "zh": "阿洛尼索斯島",
      "ja": "アロニソス島",
      "ko": "알로니소스섬",
      "ru": "Алонисос",
      "pl": "Alonnisos"
    }
  },
  "GR::sifnos-vathy": {
    "type": "small_city",
    "names": {
      "fr": "Sifnos",
      "en": "Sifnos",
      "de": "Sifnos",
      "tr": "Yavuzca"
    }
  },
  "GR::sikinos-alopronia": {
    "type": "small_city",
    "names": {
      "en": "Alopronia",
      "de": "Alopronia",
      "ru": "Алопрониа/Алопроноя"
    }
  },
  "GR::kalavrita": {
    "type": "village",
    "names": {
      "fr": "Kalavryta",
      "en": "Kalavryta",
      "de": "Kalavryta",
      "ko": "칼라브리타",
      "ru": "Калаврита"
    }
  },
  "GR::kymi": {
    "type": "small_city",
    "names": {
      "ru": "Кими"
    }
  },
  "GR::sifnos-platys-gialos": {
    "type": "small_city",
    "names": {
      "fr": "Sifnos",
      "en": "Sifnos",
      "de": "Sifnos",
      "tr": "Yavuzca"
    }
  },
  "GR::epanomi": {
    "type": "small_city",
    "names": {
      "_default": "Επανομή"
    }
  },
  "GR::despotiko-antiparos": {
    "type": "small_city",
    "names": {
      "fr": "Despotikó",
      "en": "Despotiko",
      "de": "Despotiko",
      "tr": "Despotiko"
    }
  },
  "GR::ios-mylopotas": {
    "type": "small_city",
    "names": {
      "_default": "Ios Plage"
    }
  },
  "GR::patmos": {
    "type": "small_city",
    "names": {
      "en": "Patmos",
      "de": "Patmos",
      "tr": "Batnaz"
    }
  },
  "GR::amorgos-katapola": {
    "type": "small_city",
    "names": {
      "en": "Katapola",
      "ru": "Катапола"
    }
  },
  "GR::amphipolis": {
    "type": "village",
    "names": {
      "ru": "Амфиполис"
    }
  },
  "GR::schinoussa-tsigouri": {
    "type": "small_city",
    "names": {
      "en": "Tsigouri",
      "ru": "Цигоури"
    }
  },
  "GR::ouranoupoli": {
    "type": "village",
    "names": {
      "fr": "Ouranoupoli",
      "en": "Ouranoupoli",
      "de": "Ouranoupoli",
      "ru": "Уранополис"
    }
  },
  "GR::riza-beach": {
    "type": "village",
    "names": {
      "fr": "Riza",
      "de": "Riza",
      "ru": "Риза"
    }
  },
  "GR::elafonisi": {
    "type": "village",
    "names": {
      "en": "Elafonisi",
      "de": "Elafonisi (Insel)",
      "tr": "Elafonisi"
    }
  },
  "GR::kythnos-kolona": {
    "type": "village",
    "names": {
      "en": "Ormos Kolona"
    }
  },
  "GR::serifos-megalo-livadi": {
    "type": "village",
    "names": {
      "en": "Megalo Livadi",
      "ru": "Мегалон-Ливадион"
    }
  },
  "GR::dikella": {
    "type": "village",
    "names": {
      "en": "Dikella",
      "ru": "Дикелла"
    }
  }
}