{
  "PT::matosinhos": {
    "type": "village",
    "names": {
      "es": "Matosiños",
      "pt": "Matosinhos",
      "fr": "Matosinhos",
      "en": "Matosinhos",
      "it": "Matosinhos",
      "de": "Matosinhos",
      "nl": "Matosinhos",
      "ar": "مَتُزِنيُش",
      "zh": "馬托西紐什",
      "ja": "マトシンホス",
      "ko": "마토지뉴스",
      "ru": "Матозиньюш",
      "tr": "Matosinhos",
      "pl": "Matosinhos"
    }
  },
  "PT::porto-ribeira": {
    "type": "village",
    "names": {
      "en": "Ribeira",
      "pt": "Ribeira",
      "fr": "Ribeira",
      "it": "Ribeira",
      "de": "Ribeira",
      "nl": "Ribeira",
      "pl": "Ribeira"
    }
  },
  "PT::sintra-pena": {
    "type": "small_city",
    "names": {
      "pt": "Pena",
      "en": "Pena",
      "nl": "Pena"
    }
  },
  "PT::sintra-vila": {
    "type": "medium_city",
    "names": {
      "pt": "Sintra",
      "fr": "Sintra",
      "en": "Sintra train station",
      "es": "Estación de Sintra",
      "it": "stazione di Sintra",
      "de": "Bahnhof Sintra",
      "nl": "station Sintra",
      "pl": "Sintra (stacja kolejowa)"
    }
  },
  "PT::estoril": {
    "type": "medium_city",
    "names": {
      "_default": "Estoril",
      "fr": "Estoril",
      "en": "Estoril",
      "es": "Estoril",
      "it": "Freguesia de Estoril",
      "pt": "Estoril",
      "de": "Estoril",
      "nl": "Estoril",
      "ar": "إشتوريل",
      "zh": "埃斯托里爾",
      "ja": "エストリル",
      "ko": "이스토릴",
      "ru": "Эшторил",
      "tr": "Estoril",
      "pl": "Estoril"
    }
  },
  "PT::cascais": {
    "type": "medium_city",
    "names": {
      "pt": "Cascais",
      "ru": "Кашкайш",
      "fr": "Cascais",
      "en": "Cascais",
      "es": "Cascaes",
      "it": "Cascais",
      "de": "Cascais",
      "nl": "Cascais",
      "ar": "كاشكايش",
      "zh": "卡斯凯什",
      "ja": "カスカイス",
      "ko": "카스카이스",
      "tr": "Cascais",
      "pl": "Cascais"
    }
  },
  "PT::braga": {
    "type": "village",
    "names": {
      "pt": "Braga",
      "ar": "براغا",
      "zh": "布拉加",
      "ja": "ブラガ",
      "ru": "Брага",
      "fr": "Braga",
      "en": "Braga",
      "es": "Braga",
      "it": "Braga",
      "de": "Braga",
      "nl": "Braga",
      "ko": "브라가",
      "hi": "ब्रागा",
      "tr": "Braga",
      "pl": "Braga"
    }
  },
  "PT::mafra": {
    "type": "medium_city",
    "names": {
      "pt": "Mafra",
      "fr": "Mafra",
      "en": "Mafra",
      "es": "Mafra",
      "it": "Mafra",
      "de": "Mafra",
      "nl": "Mafra",
      "zh": "马夫拉",
      "ja": "マフラ",
      "ko": "마프라",
      "ru": "Мафра",
      "tr": "Mafra",
      "pl": "Mafra"
    }
  },
  "PT::guimaraes": {
    "type": "medium_city",
    "names": {
      "pt": "Guimarães",
      "ar": "غيمريش",
      "ru": "Гимарайнш",
      "fr": "Guimarães",
      "en": "Guimarães",
      "es": "Guimarães",
      "it": "Guimarães",
      "de": "Guimarães",
      "nl": "Guimarães",
      "zh": "吉马朗伊什",
      "ja": "ギマランイス",
      "ko": "기마랑이스",
      "hi": "गुइमारीस",
      "tr": "Guimarães",
      "pl": "Guimarães"
    }
  },
  "PT::cabo-da-roca": {
    "type": "small_city",
    "names": {
      "en": "Cape Roca",
      "es": "Cabo de la Roca",
      "pt": "Cabo da Roca",
      "zh": "羅卡角",
      "ja": "ロカ岬",
      "ko": "호카 곶",
      "ru": "Мыс Рока",
      "tr": "Roca Burnu",
      "fr": "Cabo da Roca",
      "it": "Cabo da Roca",
      "de": "Cabo da Roca",
      "nl": "Cabo da Roca",
      "ar": "كابو دا روكا",
      "pl": "Cabo da Roca"
    }
  },
  "PT::alfama": {
    "type": "village",
    "names": {
      "_default": "Alfama",
      "fr": "Alfama",
      "en": "Alfama",
      "es": "Alfama",
      "it": "Alfama",
      "pt": "Alfama",
      "de": "Alfama",
      "nl": "Alfama",
      "ar": "الفاما",
      "zh": "阿尔法玛",
      "ja": "アルファマ",
      "ko": "알파마",
      "ru": "Алфама",
      "tr": "Alfama",
      "pl": "Alfama"
    }
  },
  "PT::porto-centro": {
    "type": "medium_city",
    "names": {
      "pt": "Universidade Católica Portuguesa - Centro Regional do Porto",
      "fr": "université catholique portugaise",
      "en": "Catholic University of Portugal",
      "es": "Universidad Católica Portuguesa",
      "it": "Università Cattolica del Portogallo",
      "de": "Katholische Universität Portugal",
      "nl": "Universidade Católica Portuguesa",
      "zh": "葡萄牙天主教大学",
      "ja": "ポルトガルカトリック大学",
      "ru": "Католический университет Португалии",
      "tr": "Portekiz Katolik Üniversitesi",
      "pl": "Portugalski Uniwersytet Katolicki"
    }
  },
  "PT::vila-nova-gaia": {
    "type": "village",
    "names": {
      "_default": "Cooperativa Agrícola da Feira, São João da Madeira, Gaia e Espinho C.R.L."
    }
  },
  "PT::obidos": {
    "type": "small_city",
    "names": {
      "pt": "Óbidos",
      "fr": "Óbidos",
      "en": "Óbidos",
      "es": "Óbidos",
      "it": "Óbidos",
      "de": "Óbidos",
      "nl": "Óbidos",
      "zh": "奧比杜什",
      "ja": "オビドゥシュ",
      "ko": "오비두스",
      "ru": "Обидуш",
      "tr": "Óbidos",
      "pl": "Óbidos"
    }
  },
  "PT::ponte-de-lima": {
    "type": "small_city",
    "names": {
      "pt": "Ponte de Lima",
      "ar": "بونتي دي ليما",
      "ru": "Понти-ди-Лима",
      "fr": "Ponte de Lima",
      "en": "Ponte de Lima",
      "es": "Ponte de Lima",
      "it": "Ponte de Lima",
      "de": "Ponte de Lima",
      "nl": "Ponte de Lima",
      "zh": "蓬蒂迪利馬",
      "tr": "Ponte de Lima",
      "pl": "Ponte de Lima"
    }
  },
  "PT::viana-do-castelo": {
    "type": "small_city",
    "names": {
      "pt": "Viana do Castelo",
      "ar": "فيانا دو كاستيلو",
      "fr": "Viana do Castelo",
      "en": "Viana do Castelo",
      "es": "Viana do Castelo",
      "it": "Viana do Castelo",
      "de": "Viana do Castelo",
      "nl": "Viana do Castelo",
      "zh": "維亞納堡",
      "ja": "ヴィアナ・ド・カステロ",
      "ko": "비아나두카스텔루",
      "ru": "Виана-ду-Каштелу",
      "hi": "वियाना दो कैस्टेलो",
      "tr": "Viana do Castelo",
      "pl": "Viana do Castelo"
    }
  },
  "PT::amarante": {
    "type": "village",
    "names": {
      "pt": "Amarante",
      "fr": "Amarante",
      "en": "Amarante",
      "es": "Amarante",
      "it": "Amarante",
      "de": "Amarante",
      "nl": "Amarante",
      "ar": "أمارنتة",
      "zh": "阿马兰蒂",
      "ja": "アマランテ",
      "ru": "Амаранти",
      "tr": "Amarante",
      "pl": "Amarante"
    }
  },
  "PT::barcelos": {
    "type": "medium_city",
    "names": {
      "pt": "Barcelos",
      "ar": "برسلش",
      "ru": "Барселус"
    }
  },
  "PT::evora": {
    "type": "small_city",
    "names": {
      "pt": "Évora",
      "ar": "يابرة",
      "ru": "Эвора"
    }
  },
  "PT::arraiolos": {
    "type": "village",
    "names": {
      "pt": "Arraiolos"
    }
  },
  "PT::estremoz": {
    "type": "small_city",
    "names": {
      "pt": "Estremoz",
      "ar": "إستريموز"
    }
  },
  "PT::elvas": {
    "type": "small_city",
    "names": {
      "es": "Elvas",
      "pt": "Elvas",
      "ar": "الواس"
    }
  },
  "PT::monsaraz": {
    "type": "village",
    "names": {
      "pt": "Monsaraz"
    }
  },
  "PT::beja": {
    "type": "small_city",
    "names": {
      "es": "Beja",
      "pt": "Beja",
      "ar": "باجة",
      "zh": "貝雅",
      "ru": "Бежа"
    }
  },
  "PT::tavira": {
    "type": "small_city",
    "names": {
      "pt": "Tavira",
      "ar": "طبيرة"
    }
  },
  "PT::silves": {
    "type": "small_city",
    "names": {
      "pt": "Silves",
      "ar": "شلب"
    }
  },
  "PT::lisbon": {
    "type": "large_city",
    "names": {
      "fr": "Lisbonne",
      "en": "Lisbon",
      "es": "Lisboa",
      "it": "Lisbona",
      "pt": "Lisboa",
      "de": "Lissabon",
      "nl": "Lissabon",
      "ar": "لشبونة",
      "zh": "里斯本",
      "ja": "リスボン",
      "ko": "리스본",
      "ru": "Лиссабон",
      "hi": "लिस्बन",
      "tr": "Lizbon",
      "pl": "Lizbona"
    }
  },
  "PT::porto": {
    "type": "large_city",
    "names": {
      "en": "Porto",
      "es": "Oporto",
      "it": "Porto",
      "pt": "Porto",
      "nl": "Porto",
      "ar": "بورتو",
      "zh": "波爾圖",
      "ja": "ポルト",
      "ko": "포르투",
      "ru": "Порту",
      "hi": "पोर्टो"
    }
  },
  "PT::sao-pedro-do-sul": {
    "type": "village",
    "names": {
      "pt": "São Pedro do Sul"
    }
  },
  "PT::pinhao": {
    "type": "village",
    "names": {
      "pt": "Pinhão"
    }
  },
  "PT::castro-daire": {
    "type": "village",
    "names": {
      "pt": "Castro Daire"
    }
  }
}