{
  "PA::panama-city": {
    "type": "large_city",
    "names": {
      "fr": "Panamá",
      "en": "Panama",
      "es": "Panamá",
      "it": "Panama",
      "pt": "Panamá",
      "de": "Panama",
      "nl": "Panama",
      "ar": "بنما",
      "zh": "巴拿马 / 巴拿馬",
      "ja": "パナマ",
      "ko": "파나마",
      "ru": "Панама",
      "hi": "पनामा",
      "tr": "Panama",
      "pl": "Panama"
    }
  },
  "PA::panama-city-casco-viejo": {
    "type": "large_city",
    "names": {
      "es": "San Felipe",
      "en": "San Felipe, Panama",
      "it": "San Felipe",
      "nl": "San Felipe",
      "zh": "聖費利佩"
    }
  },
  "PA::bocas-del-toro": {
    "type": "medium_city",
    "names": {
      "en": "Bocas del Toro",
      "es": "Bocas del Toro",
      "zh": "博卡斯德尔托罗省",
      "ja": "ボカス・デル・トーロ県",
      "ru": "Бокас-Дель-Торо",
      "fr": "Bocas del Toro",
      "it": "provincia di Bocas del Toro",
      "pt": "Bocas del Toro",
      "de": "Provinz Bocas del Toro",
      "nl": "Bocas del Toro",
      "ar": "محافظة بوكاس ديل تورو",
      "ko": "보카스델토로주",
      "hi": "बोकास डेल टोरो प्रांत",
      "tr": "Bocas del Toro",
      "pl": "Bocas del Toro"
    }
  },
  "PA::boquete": {
    "type": "small_city",
    "names": {
      "es": "Boquete",
      "fr": "District de Boquete",
      "en": "Boquete District",
      "it": "distretto di Boquete",
      "pt": "Boquete",
      "de": "Boquete",
      "nl": "Boquete",
      "zh": "博克特區"
    }
  },
  "PA::el-valle-de-anton-centre": {
    "type": "medium_city",
    "names": {
      "es": "El Valle",
      "fr": "El Valle de Antón",
      "en": "El Valle de Antón",
      "it": "El Valle de Antón",
      "de": "El Valle (Corregimiento)",
      "nl": "El Valle de Antón",
      "ar": "ش فالي دي أنتون",
      "zh": "埃爾巴列德安通",
      "ja": "エル・バジェ・デ・アントン"
    }
  },
  "PA::bocas-del-toro-isla-colon": {
    "type": "medium_city",
    "names": {
      "fr": "île Colón",
      "en": "Colón Island",
      "es": "Isla Colón",
      "pt": "Ilha Colón",
      "de": "Colón-Insel",
      "nl": "Colón",
      "zh": "科隆島",
      "ja": "コロン島",
      "ko": "콜론섬",
      "ru": "Колон"
    }
  },
  "PA::san-blas": {
    "type": "small_city",
    "names": {
      "en": "Guna Yala",
      "es": "Guna Yala",
      "zh": "雅拉库纳族自治区",
      "ru": "Гуна-Яла",
      "fr": "Guna Yala",
      "it": "Kuna Yala",
      "pt": "Kuna Yala",
      "de": "Guna Yala",
      "nl": "Kuna Yala",
      "ar": "غونا يالا",
      "ja": "クナ・ヤラ自治区",
      "ko": "구나얄라 특구",
      "hi": "गुना याला",
      "tr": "Guna Yala",
      "pl": "Kuna Yala"
    }
  },
  "PA::san-blas-isla-perro-chico": {
    "type": "village",
    "names": {
      "en": "Dog Island",
      "es": "Isla Perro Chico"
    }
  }
}