{
  "CR::san-jose": {
    "type": "medium_city",
    "names": {
      "fr": "San José",
      "en": "San José",
      "es": "Área Metropolitana de San José",
      "pt": "San José",
      "de": "San José",
      "nl": "San José",
      "ar": "سان خوسيه",
      "zh": "聖荷西",
      "ja": "サンホセ",
      "ko": "산호세",
      "ru": "Сан-Хосе",
      "hi": "सान होज़े",
      "pl": "San José",
      "it": "San Jose",
      "tr": "San Jose"
    }
  },
  "CR::la-fortuna": {
    "type": "small_city",
    "names": {
      "fr": "La Fortuna",
      "en": "La Fortuna",
      "es": "La Fortuna",
      "it": "La Fortuna",
      "de": "La Fortuna",
      "nl": "La Fortuna",
      "zh": "拉福爾圖納區",
      "ja": "ラ・フォーチュナ"
    }
  },
  "CR::manuel-antonio": {
    "type": "small_city",
    "names": {
      "fr": "Manuel Antonio",
      "en": "Manuel Antonio",
      "es": "Manuel Antonio",
      "it": "Manuel Antonio",
      "pt": "Manuel Antonio",
      "de": "Manuel Antonio"
    }
  },
  "CR::monteverde": {
    "type": "small_city",
    "names": {
      "fr": "Monteverde",
      "en": "Monteverde",
      "es": "Monteverde",
      "it": "Monteverde",
      "nl": "Monteverde",
      "zh": "蒙泰韋爾德區",
      "ja": "モンテベルデ"
    }
  }
}