{
  "TR::sultanahmet-camii": {
    "type": "small_city",
    "names": {
      "fr": "La mosquée bleue",
      "en": "Blue Mosque",
      "es": "Mezquita Azul",
      "it": "Moschea Blu",
      "pt": "Mesquita Azul",
      "de": "Blaue Moschee",
      "ko": "블루 모스크",
      "ru": "Голубая мечеть",
      "hi": "सुल्तान अहमद मस्जिद (नीली मस्जिद)",
      "tr": "Sultan Ahmet Camii",
      "nl": "Sultan Ahmetmoskee",
      "ar": "جامع السلطان أحمد",
      "zh": "蘇丹艾哈邁德清真寺",
      "ja": "スルタンアフメト・モスク",
      "pl": "Błękitny Meczet"
    }
  },
  "TR::topkapi-palace": {
    "type": "small_city",
    "names": {
      "en": "Topkapi Palace",
      "ru": "Дворец Топкапы",
      "tr": "Topkapi Sarayı",
      "fr": "palais de Topkapı",
      "es": "palacio de Topkapı",
      "it": "Palazzo di Topkapı",
      "pt": "Palácio de Topkapı",
      "de": "Topkapı-Palast",
      "nl": "Topkapıpaleis",
      "ar": "قصر طوب قابي",
      "zh": "托普卡帕宫",
      "ja": "トプカプ宮殿",
      "ko": "톱카프 궁전",
      "pl": "Topkapı"
    }
  },
  "TR::basilica-cistern": {
    "type": "small_city",
    "names": {
      "en": "Basilica Cistern (Exit)",
      "ru": "Цистерна Базилика",
      "tr": "Yerebatan Sarnıcı اب انبار",
      "fr": "Citerne Basilique",
      "es": "Cisterna Basílica",
      "it": "Cisterna Basilica",
      "pt": "Cisterna da Basílica",
      "de": "Cisterna Basilica",
      "nl": "Basilica Cisterne",
      "ar": "صهريج البازيليك",
      "zh": "地下水宮殿",
      "ja": "イスタンブル地下宮殿",
      "ko": "예레바탄 사라이",
      "pl": "Cysterna Bazyliki"
    }
  },
  "TR::hagia-irene": {
    "type": "small_city",
    "names": {
      "fr": "Sainte-Irène",
      "en": "Hagia Irene",
      "es": "Iglesia de Santa Irene",
      "de": "Hagia Irene",
      "ar": "آيا إيريني",
      "ru": "Церковь Св. Ирины в Стамбуле",
      "hi": "हागिया आइरीन",
      "tr": "Aya İrini Kilisesi",
      "it": "chiesa di Santa Irene",
      "pt": "Igreja de Santa Irene",
      "nl": "Hagia Irene",
      "zh": "神圣和平教堂",
      "ja": "ハギア・イレネ教会",
      "ko": "아야 이리니",
      "pl": "Hagia Eirene"
    }
  },
  "TR::hagia-triada": {
    "type": "small_city",
    "names": {
      "en": "Hagia Triada Greek Orthodox Church",
      "de": "Dreifaltigkeitskirche (Hagia Triada)",
      "tr": "Aya Triada Rum Ortodoks Kilisesi",
      "fr": "église de la Sainte-Trinité",
      "it": "chiesa di Hagia Triada",
      "ar": "كنيسة آيا تريادا اليونانية الأرثوذكسية",
      "zh": "阿亞特里亞達希臘東正教教堂",
      "ja": "聖トリアダ・ギリシア正教会",
      "ru": "Церковь Святой Троицы"
    }
  },
  "TR::spice-bazaar": {
    "type": "small_city",
    "names": {
      "fr": "Bazar aux Épices",
      "en": "Egyptian (Spice) Bazaar",
      "de": "Ägyptischer Basar",
      "zh": "埃及市场/香料市场",
      "ko": "므스르 차르슈",
      "ru": "Египетский базар",
      "tr": "Mısır Çarşısı",
      "es": "Bazar de las Especias",
      "it": "Bazar Egiziano",
      "pt": "Bazar das Especiarias",
      "nl": "Kruidenbazaar",
      "ar": "سوق مصر",
      "ja": "エジプシャン・バザール",
      "pl": "Bazar Egipski w Stambule"
    }
  },
  "TR::sureyya-opera": {
    "type": "small_city",
    "names": {
      "en": "Süreyya Opera",
      "tr": "Süreyya Operası",
      "fr": "opéra de Sureyya",
      "es": "Ópera de Süreyya",
      "it": "Opera di Süreyya",
      "pt": "Ópera Süreyya",
      "de": "Süreyya-Opernhaus",
      "ru": "Оперный театр Сюрейя"
    }
  },
  "TR::tiled-kiosk": {
    "type": "small_city",
    "names": {
      "fr": "Musée du Pavillon émaillé",
      "en": "Tiled Kiosk",
      "ru": "Изразцовый павильон",
      "tr": "Çinili Köşk",
      "es": "Çinili Köşk",
      "it": "Chiosco Piastrellato",
      "pt": "Quiosque Esmaltado",
      "de": "Çinili Köşk",
      "ar": "كشك البلاط",
      "zh": "磚鋪亭樓",
      "ja": "チニリ・キョシュク"
    }
  },
  "TR::kariye-mosque": {
    "type": "small_city",
    "names": {
      "fr": "Saint-Sauveur-in-Chora",
      "en": "Chora Church",
      "es": "San Salvador en Chora",
      "it": "chiesa di San Salvatore in Chora",
      "pt": "Igreja de São Salvador em Chora",
      "de": "Chora-Kirche",
      "nl": "Chaikerk",
      "ar": "كنيسة خورا",
      "zh": "科拉教堂",
      "ja": "カーリエ博物館",
      "ko": "카리예 박물관",
      "ru": "Монастырь Хора",
      "tr": "Kariye Camii",
      "pl": "Kościół Chora"
    }
  },
  "TR::suleymaniye": {
    "type": "small_city",
    "names": {
      "tr": "Hamzalısüleymaniye Mahallesi",
      "en": "Hamzalısüleymaniye",
      "de": "Hamzalısüleymaniye"
    }
  },
  "TR::bull-statue": {
    "type": "small_city",
    "names": {
      "en": "Bull Statue",
      "ru": "Статуя Быка, перекрёсток 6 улиц",
      "tr": "Boğa Heykeli"
    }
  },
  "TR::kapalicarsi": {
    "type": "small_city",
    "names": {
      "en": "Kapalıçarşı Çakır Ağa Mosque",
      "tr": "Kapalıçarşı Çakır Ağa Camii"
    }
  },
  "TR::kadikoy-center": {
    "type": "small_city",
    "names": {
      "ar": "كاديكوي",
      "ru": "Кадыкёй",
      "tr": "Kadıköy",
      "fr": "Kadıköy",
      "en": "Kadıköy",
      "es": "Kadıköy",
      "it": "Kadıköy",
      "pt": "Kadıköy",
      "de": "Kadıköy",
      "nl": "Kadıköy",
      "zh": "卡德柯伊",
      "ja": "カドゥキョイ",
      "ko": "카디쾨이",
      "pl": "Kadıköy"
    }
  },
  "TR::taksim-republic-monument": {
    "type": "small_city",
    "names": {
      "fr": "Monument de la République",
      "en": "Republic Monument",
      "de": "Denkmal der Republik",
      "ar": "ميدان تقسيم",
      "ru": "Памятник «Республика»",
      "tr": "Cumhuriyet Anıtı",
      "es": "Monumento a la República",
      "it": "Monumento alla Repubblica",
      "pt": "Monumento da Républica",
      "ja": "共和国のモニュメント",
      "hi": "तुर्की का राष्ट्रीय स्मारक"
    }
  },
  "TR::st-antoine-padoue": {
    "type": "small_city",
    "names": {
      "fr": "Église Saint-Antoine de Padoue",
      "en": "Church of Saint Anthony of Padua",
      "es": "Iglesia de San Antonio de Padua",
      "it": "Basilica di Sant'Antonio di Padova",
      "de": "Basilika St. Antonius von Padua",
      "ar": "كنيسة سانت انتونيو للكاثوليك",
      "ru": "Католическая церковь Св. Антония",
      "tr": "St. Antuan Katolik Kilisesi",
      "nl": "Sint-Antoniuskathedraal",
      "zh": "伊斯坦布尔帕多瓦的圣安多尼主教座堂",
      "pl": "Bazylika św. Antoniego z Padwy w Stambule"
    }
  },
  "TR::goreme": {
    "type": "large_city",
    "names": {
      "fr": "Göreme",
      "en": "Göreme",
      "es": "Göreme",
      "it": "Göreme",
      "pt": "Göreme",
      "de": "Göreme",
      "ar": "غوريم",
      "zh": "格雷梅",
      "ko": "괴레메",
      "ru": "Гёреме",
      "tr": "Göreme Beldesi",
      "pl": "Göreme",
      "nl": "Göreme",
      "hi": "गोरम"
    }
  },
  "TR::uchisar": {
    "type": "medium_city",
    "names": {
      "tr": "Uçhisar Beldesi",
      "fr": "Uçhisar",
      "en": "Uçhisar",
      "es": "Uçhisar",
      "it": "Uçhisar",
      "pt": "Üçhisar",
      "de": "Uçhisar",
      "nl": "Uçhisar",
      "pl": "Uçhisar"
    }
  },
  "TR::urgup": {
    "type": "medium_city",
    "names": {
      "en": "Ürgüp",
      "de": "Ürgüp",
      "zh": "于尔居普",
      "ja": "ユルギュップ",
      "ko": "위르귀프",
      "ru": "Ургюп",
      "tr": "Ürgüp İlçe Merkezi",
      "fr": "Ürgüp",
      "es": "Ürgüp",
      "it": "Ürgüp",
      "pt": "Ürgüp",
      "nl": "Ürgüp",
      "ar": "أركوب",
      "pl": "Ürgüp"
    }
  },
  "TR::mustafapasa": {
    "type": "medium_city",
    "names": {
      "tr": "Mustafapaşa",
      "fr": "Mustafapaşa",
      "en": "Mustafapaşa",
      "it": "Mustafapaşa",
      "pt": "Mustafapaşa",
      "de": "Mustafapaşa",
      "nl": "Mustafapaşa",
      "ja": "シナソス",
      "ru": "Мустафапаша"
    }
  },
  "TR::olympos": {
    "type": "small_city",
    "names": {
      "en": "Olympos",
      "ru": "Олимп",
      "tr": "Olympos",
      "fr": "Olympos",
      "es": "Olimpo",
      "it": "Olympos",
      "pt": "Olimpos",
      "de": "Olympos",
      "nl": "Olympos",
      "zh": "奧林帕斯城（呂基亞）",
      "ko": "올림포스",
      "pl": "Olympos"
    }
  },
  "TR::izmir": {
    "type": "small_city",
    "names": {
      "fr": "Izmir",
      "en": "İzmir",
      "es": "Esmirna",
      "it": "Smirne",
      "pt": "Esmirna",
      "de": "Izmir",
      "nl": "İzmir",
      "ar": "إزمير",
      "zh": "伊兹密尔",
      "ja": "イズミル",
      "ko": "이즈미르",
      "ru": "Измир",
      "hi": "इज़मिर",
      "tr": "İzmir",
      "pl": "Izmir"
    }
  },
  "TR::fethiye": {
    "type": "small_city",
    "names": {
      "de": "Fethiye",
      "ar": "فتحية",
      "zh": "费特希耶",
      "ja": "フェトヒイェ",
      "ko": "페티예",
      "ru": "Фетхие",
      "tr": "Fethiye"
    }
  },
  "TR::bodrum": {
    "type": "medium_city",
    "names": {
      "fr": "Bodrum",
      "es": "Bodrum",
      "it": "Bodrum",
      "pt": "Bodrum",
      "de": "Bodrum",
      "nl": "Bodrum",
      "ar": "بودروم",
      "zh": "博德鲁姆",
      "ja": "ボドルム",
      "ko": "보드룸",
      "ru": "Бодрум",
      "tr": "Bodrum",
      "pl": "Bodrum",
      "en": "Bodrum",
      "hi": "बोडरम"
    }
  },
  "TR::selcuk": {
    "type": "small_city",
    "names": {
      "tr": "Selçik",
      "en": "Selçik",
      "de": "Selçik",
      "nl": "Selçik"
    }
  },
  "TR::pamukkale": {
    "type": "small_city",
    "names": {
      "en": "Pamukkale Natural Park",
      "tr": "Pamukkale",
      "fr": "Pamukkale",
      "es": "Pamukkale",
      "it": "Pamukkale",
      "pt": "Pamukkale",
      "de": "Pamukkale",
      "nl": "Pamukkale",
      "ar": "باموق قلعة",
      "zh": "棉花堡",
      "ja": "パムッカレ",
      "ko": "파묵칼레",
      "ru": "Памуккале",
      "pl": "Pamukkale"
    }
  },
  "TR::bergama": {
    "type": "small_city",
    "names": {
      "en": "Bergama",
      "de": "Bergama",
      "ar": "برغاما",
      "zh": "貝爾加馬",
      "ja": "ベルガマ",
      "ru": "Бергама",
      "tr": "Bergama",
      "fr": "Bergama",
      "es": "Bergama",
      "it": "Bergama",
      "pt": "Bergama",
      "nl": "Bergama",
      "pl": "Bergama"
    }
  },
  "TR::guzelyurt": {
    "type": "small_city",
    "names": {
      "fr": "Güzelyurt",
      "en": "Güzelyurt",
      "es": "Güzelyurt",
      "it": "Güzelyurt",
      "pt": "Güzelyurt",
      "de": "Güzelyurt",
      "nl": "Güzelyurt",
      "tr": "Güzelyurt",
      "pl": "Güzelyurt"
    }
  },
  "TR::mudurnu": {
    "type": "village",
    "names": {
      "en": "Mudurnu",
      "de": "Mudurnu",
      "ar": "مودورنو",
      "zh": "莫德里纳",
      "tr": "Mudurnu",
      "fr": "Mudurnu",
      "nl": "Mudurnu",
      "ja": "ムドゥルヌ",
      "ru": "Мудурну"
    }
  }
}