{
  "DE::hambourg": {
    "type": "small_city",
    "names": {
      "fr": "Hambourg",
      "en": "Hamburg",
      "es": "Hamburgo",
      "it": "Amburgo",
      "pt": "Hamburgo",
      "de": "Hamburg",
      "nl": "Hamburg",
      "ar": "هامبورغ",
      "zh": "汉堡",
      "ja": "ハンブルク",
      "ko": "함부르크",
      "ru": "Гамбург",
      "hi": "हैम्बर्ग",
      "tr": "Hamburg",
      "pl": "Hamburg"
    }
  },
  "DE::darmstadt": {
    "type": "large_city",
    "names": {
      "de": "Darmstadt",
      "ar": "دارمشتات",
      "zh": "达姆施塔特",
      "ja": "ダルムシュタット",
      "ru": "Дармштадт",
      "fr": "Darmstadt",
      "en": "Darmstadt",
      "es": "Darmstadt",
      "it": "Darmstadt",
      "pt": "Darmstadt",
      "nl": "Darmstadt",
      "ko": "다름슈타트",
      "hi": "Darmstadt",
      "tr": "Darmstadt",
      "pl": "Darmstadt"
    }
  },
  "DE::garmisch-partenkirchen": {
    "type": "large_city",
    "names": {
      "de": "Garmisch-Partenkirchen",
      "ar": "غارميش-بارتنكيرشن",
      "ja": "ガルミッシュ＝パルテンキルヒェン",
      "ko": "가르미슈파르텐키르헨",
      "ru": "Гармиш-Партенкирхен",
      "fr": "Garmisch-Partenkirchen",
      "en": "Garmisch-Partenkirchen",
      "es": "Garmisch-Partenkirchen",
      "it": "Garmisch-Partenkirchen",
      "pt": "Garmisch-Partenkirchen",
      "nl": "Garmisch-Partenkirchen",
      "zh": "加爾米施-帕滕基興",
      "tr": "Garmisch-Partenkirchen",
      "pl": "Garmisch-Partenkirchen"
    }
  },
  "DE::fussen": {
    "type": "large_city",
    "names": {
      "de": "Füssen",
      "ko": "퓌센",
      "fr": "Füssen",
      "en": "Füssen",
      "es": "Füssen",
      "it": "Füssen",
      "pt": "Füssen",
      "nl": "Füssen",
      "ar": "فوسن",
      "zh": "菲森",
      "ja": "フュッセン",
      "ru": "Фюссен",
      "tr": "Füssen",
      "pl": "Füssen"
    }
  },
  "DE::fuessen": {
    "type": "large_city",
    "names": {
      "de": "Füssen",
      "ko": "퓌센",
      "fr": "Füssen",
      "en": "Füssen",
      "es": "Füssen",
      "it": "Füssen",
      "pt": "Füssen",
      "nl": "Füssen",
      "ar": "فوسن",
      "zh": "菲森",
      "ja": "フュッセン",
      "ru": "Фюссен",
      "tr": "Füssen",
      "pl": "Füssen"
    }
  },
  "DE::jena": {
    "type": "medium_city",
    "names": {
      "fr": "Iéna",
      "en": "Jena",
      "de": "Jena",
      "ar": "يينا",
      "zh": "耶拿",
      "ja": "イェーナ",
      "ru": "Йена",
      "es": "Jena",
      "it": "Jena",
      "pt": "Jena",
      "nl": "Jena",
      "ko": "예나",
      "hi": "जेना",
      "tr": "Jena",
      "pl": "Jena"
    }
  },
  "DE::bad-homburg": {
    "type": "large_city",
    "names": {
      "de": "Bad Homburg vor der Höhe",
      "fr": "Bad Homburg vor der Höhe",
      "en": "Bad Homburg vor der Höhe",
      "es": "Bad Homburg",
      "it": "Bad Homburg vor der Höhe",
      "pt": "Bad Homburg vor der Höhe",
      "nl": "Bad Homburg vor der Höhe",
      "ar": "باد هومبورغ (فور در هوهه)",
      "zh": "巴特洪堡",
      "ja": "バート・ホムブルク・フォア・デア・ヘーエ",
      "ko": "바트홈부르크포어데어회에",
      "ru": "Бад-Хомбург",
      "tr": "Bad Homburg vor der Höhe",
      "pl": "Bad Homburg vor der Höhe"
    }
  },
  "DE::hohenschwangau": {
    "type": "medium_city",
    "names": {
      "de": "Hohenschwangau",
      "zh": "霍恩施万高",
      "ru": "Хоэншвангау",
      "fr": "Hohenschwangau",
      "en": "Hohenschwangau",
      "es": "Hohenschwangau",
      "it": "Hohenschwangau",
      "pt": "Hohenschwangau",
      "nl": "Hohenschwangau",
      "ja": "ホーエンシュヴァンガウ",
      "pl": "Hohenschwangau"
    }
  },
  "DE::weimar": {
    "type": "large_city",
    "names": {
      "de": "Weimar",
      "ar": "وايمار",
      "ja": "ヴァイマル",
      "ru": "Веймар",
      "fr": "Weimar",
      "en": "Weimar",
      "es": "Weimar",
      "it": "Weimar",
      "pt": "Weimar",
      "nl": "Weimar",
      "zh": "魏玛",
      "ko": "바이마르",
      "hi": "वाइमर",
      "tr": "Weimar",
      "pl": "Weimar"
    }
  },
  "DE::monschau": {
    "type": "small_city",
    "names": {
      "fr": "Montjoie",
      "de": "Monschau",
      "zh": "蒙绍",
      "ru": "Моншау",
      "en": "Monschau",
      "es": "Monschau",
      "it": "Monschau",
      "pt": "Monschau",
      "nl": "Monschau",
      "ar": "مونشاو",
      "ja": "モンシャウ",
      "tr": "Monschau",
      "pl": "Monschau"
    }
  },
  "DE::rothenburg-ob-der-tauber": {
    "type": "large_city",
    "names": {
      "de": "Rothenburg ob der Tauber",
      "ko": "로텐부르크",
      "fr": "Rothenburg ob der Tauber",
      "en": "Rothenburg ob der Tauber",
      "es": "Rothenburg ob der Tauber",
      "it": "Rothenburg ob der Tauber",
      "pt": "Rothenburg ob der Tauber",
      "nl": "Rothenburg ob der Tauber",
      "ar": "روتنبورغ أب دير تاوبر",
      "zh": "陶伯河上游罗滕堡",
      "ja": "ローテンブルク・オプ・デア・タウバー",
      "ru": "Ротенбург-об-дер-Таубер",
      "tr": "Rothenburg ob der Tauber",
      "pl": "Rothenburg ob der Tauber"
    }
  },
  "DE::bastei": {
    "type": "small_city",
    "names": {
      "de": "Bastei",
      "ru": "Бастай",
      "fr": "Bastei",
      "en": "Bastei",
      "es": "Bastei",
      "it": "Bastei",
      "pt": "Bastei",
      "nl": "Bastei",
      "zh": "巴斯泰",
      "ja": "バスタイ",
      "pl": "Bastei"
    }
  },
  "DE::erfurt": {
    "type": "medium_city",
    "names": {
      "fr": "Erfurt",
      "es": "Érfurt",
      "de": "Erfurt",
      "nl": "Erfurt",
      "ar": "إرفورت",
      "zh": "埃尔福特",
      "ja": "エアフルト",
      "ko": "에르푸르트",
      "ru": "Эрфурт",
      "en": "Erfurt",
      "it": "Erfurt",
      "pt": "Erfurt",
      "hi": "अरफ़र्ट",
      "tr": "Erfurt",
      "pl": "Erfurt"
    }
  },
  "DE::eisenach": {
    "type": "small_city",
    "names": {
      "en": "Eisenach",
      "de": "Eisenach",
      "ja": "アイゼナハ",
      "ru": "Айзенах",
      "fr": "Eisenach",
      "es": "Eisenach",
      "it": "Eisenach",
      "pt": "Eisenach",
      "nl": "Eisenach",
      "ar": "أيسناخ",
      "zh": "爱森纳赫",
      "ko": "아이제나흐",
      "tr": "Eisenach",
      "pl": "Eisenach"
    }
  },
  "DE::wurzburg": {
    "type": "small_city",
    "names": {
      "fr": "Wurtzbourg",
      "es": "Wurzburgo",
      "pt": "Wurtzburgo",
      "de": "Würzburg",
      "ar": "فورتسبورغ",
      "ja": "ヴュルツブルク",
      "ko": "뷔르츠부르크",
      "ru": "Вюрцбург",
      "en": "Würzburg",
      "it": "Würzburg",
      "nl": "Würzburg",
      "zh": "维尔茨堡",
      "hi": "वुर्जबर्ग",
      "tr": "Würzburg",
      "pl": "Würzburg"
    }
  },
  "DE::winterhausen": {
    "type": "medium_city",
    "names": {
      "fr": "Winterhausen",
      "en": "Winterhausen",
      "es": "Winterhausen",
      "it": "Winterhausen",
      "pt": "Winterhausen",
      "de": "Winterhausen",
      "nl": "Winterhausen",
      "zh": "温特劳森",
      "ja": "ヴィンターハウゼン",
      "ru": "Винтерхаузен",
      "tr": "Winterhausen",
      "pl": "Winterhausen"
    }
  },
  "DE::wiesbaden": {
    "type": "medium_city",
    "names": {
      "fr": "Wiesbaden",
      "de": "Wiesbaden",
      "ar": "فيسبادن",
      "zh": "威斯巴登",
      "ja": "ヴィースバーデン",
      "ko": "비스바덴",
      "ru": "Висбаден",
      "hi": "विसबैडेन",
      "pl": "Wiesbaden",
      "en": "Wiesbaden",
      "es": "Wiesbaden",
      "it": "Wiesbaden",
      "pt": "Wiesbaden",
      "nl": "Wiesbaden",
      "tr": "Wiesbaden"
    }
  },
  "DE::trier": {
    "type": "medium_city",
    "names": {
      "fr": "Trèves",
      "en": "Trier",
      "es": "Tréveris",
      "it": "Treviri",
      "pt": "Tréveris",
      "de": "Trier",
      "ar": "ترير",
      "zh": "特里尔",
      "ja": "トリーア",
      "ko": "트리어",
      "ru": "Трир",
      "pl": "Trewir",
      "nl": "Trier",
      "hi": "ट्रीअर/ ट्रीअ",
      "tr": "Trier"
    }
  },
  "DE::riedlhutte": {
    "type": "small_city",
    "names": {
      "de": "Riedlhütte",
      "nl": "Riedlhütte"
    }
  },
  "DE::kassel": {
    "type": "medium_city",
    "names": {
      "fr": "Cassel",
      "en": "Kassel",
      "es": "Cassel",
      "de": "Kassel",
      "nl": "Kassel",
      "ar": "كاسل",
      "zh": "卡塞尔",
      "ja": "カッセル",
      "ko": "카셀",
      "ru": "Кассель",
      "it": "Kassel",
      "pt": "Kassel",
      "hi": "कसेल",
      "tr": "Kassel",
      "pl": "Kassel"
    }
  },
  "DE::leipzig": {
    "type": "medium_city",
    "names": {
      "fr": "Leipzig",
      "it": "Lipsia",
      "de": "Leipzig",
      "ar": "لايبزيغ",
      "zh": "莱比锡",
      "ja": "ライプツィヒ",
      "ko": "라이프치히",
      "ru": "Лейпциг",
      "hi": "लाइपत्सिग",
      "pl": "Lipsk",
      "en": "Leipzig",
      "es": "Leipzig",
      "pt": "Leipzig",
      "nl": "Leipzig",
      "tr": "Leipzig"
    }
  },
  "DE::pillnitz": {
    "type": "small_city",
    "names": {
      "de": "Pillnitz",
      "fr": "Pillnitz",
      "en": "Pillnitz",
      "es": "Pillnitz",
      "it": "Pillnitz",
      "nl": "Pillnitz",
      "ar": "بیلنتز",
      "zh": "皮尔尼茨",
      "ja": "ピルニッツ",
      "ru": "Пильниц",
      "pl": "Pillnitz"
    }
  },
  "DE::schoenau-am-koenigssee": {
    "type": "medium_city",
    "names": {
      "de": "Schönau am Königssee",
      "fr": "Schönau am Königssee",
      "en": "Schönau am Königsee",
      "es": "Schönau am Königssee",
      "it": "Schönau am Königssee",
      "pt": "Schönau",
      "nl": "Schönau am Königssee",
      "ar": "شونآو أم كونيغزيه",
      "zh": "柯尼希湖畔舍瑙",
      "ja": "シェーナウ・アム・ケーニヒスゼー",
      "ru": "Шёнау-ам-Кёнигсзе",
      "tr": "Schönau am Königssee",
      "pl": "Schönau am Königssee"
    }
  },
  "DE::baden-baden": {
    "type": "medium_city",
    "names": {
      "de": "Baden-Baden",
      "ar": "بادن بادن",
      "zh": "巴登-巴登",
      "ja": "バーデン・バーデン",
      "ko": "바덴바덴",
      "ru": "Баден-Баден",
      "fr": "Baden-Baden",
      "en": "Baden-Baden",
      "es": "Baden-Baden",
      "it": "Baden-Baden",
      "pt": "Baden-Baden",
      "nl": "Baden-Baden",
      "tr": "Baden-Baden",
      "pl": "Baden-Baden"
    }
  },
  "DE::prien-am-chiemsee": {
    "type": "small_city",
    "names": {
      "de": "Prien am Chiemsee",
      "ru": "Прин-ам-Кимзе",
      "fr": "Prien am Chiemsee",
      "en": "Prien am Chiemsee",
      "es": "Prien am Chiemsee",
      "it": "Prien am Chiemsee",
      "pt": "Prien am Chiemsee",
      "nl": "Prien am Chiemsee",
      "ar": "برين أم كيمزيه",
      "zh": "基姆湖畔普林",
      "ja": "プリーン・アム・キームゼー",
      "tr": "Prien am Chiemsee",
      "pl": "Prien am Chiemsee"
    }
  },
  "DE::kellerwald-edersee": {
    "type": "medium_city",
    "names": {
      "fr": "parc national de Kellerwald-Edersee",
      "en": "Kellerwald-Edersee National Park",
      "es": "Parque nacional Kellerwald-Edersee",
      "it": "Parco nazionale di Kellerwald-Edersee",
      "de": "Nationalpark Kellerwald-Edersee",
      "nl": "Nationaal Park Kellerwald-Edersee",
      "zh": "凯勒林山-埃德尔湖国家公园",
      "ja": "ケラーヴァルト＝エーダーゼー国立公園",
      "ru": "Национальный парк Келлервальд-Эдерзе",
      "pl": "Park Narodowy Kellerwald-Edersee"
    }
  },
  "DE::cochem": {
    "type": "medium_city",
    "names": {
      "de": "Cochem",
      "fr": "Cochem",
      "en": "Cochem",
      "es": "Cochem",
      "it": "Cochem",
      "pt": "Cochem",
      "nl": "Cochem",
      "ar": "كوشم",
      "zh": "科赫姆",
      "ja": "コッヘム",
      "ru": "Кохем",
      "tr": "Cochem",
      "pl": "Cochem"
    }
  },
  "DE::pirna": {
    "type": "small_city",
    "names": {
      "fr": "Pirna",
      "es": "Pirna",
      "de": "Pirna",
      "ar": "بيرنا",
      "ru": "Пирна",
      "en": "Pirna",
      "it": "Pirna",
      "pt": "Pirna",
      "nl": "Pirna",
      "zh": "皮尔纳",
      "ja": "ピルナ",
      "tr": "Pirna",
      "pl": "Pirna"
    }
  },
  "DE::chemnitz": {
    "type": "medium_city",
    "names": {
      "de": "Chemnitz",
      "ar": "كيمنتس",
      "ja": "ケムニッツ",
      "ko": "켐니츠",
      "ru": "Хемниц",
      "fr": "Chemnitz",
      "en": "Chemnitz",
      "es": "Chemnitz",
      "it": "Chemnitz",
      "pt": "Chemnitz",
      "nl": "Chemnitz",
      "zh": "开姆尼茨",
      "hi": "केम्नित्ज़",
      "tr": "Chemnitz",
      "pl": "Chemnitz"
    }
  },
  "DE::lorsch": {
    "type": "small_city",
    "names": {
      "fr": "Lorsch",
      "en": "Lorsch",
      "es": "Lorsch",
      "it": "Lorsch",
      "pt": "Lorsch",
      "de": "Lorsch",
      "nl": "Lorsch",
      "ar": "لورش",
      "zh": "洛尔施",
      "ja": "ロルシュ",
      "ru": "Лорш",
      "tr": "Lorsch",
      "pl": "Lorsch"
    }
  },
  "DE::lindau": {
    "type": "small_city",
    "names": {
      "de": "Lindau (Bodensee)",
      "zh": "林道",
      "ja": "リンダウ",
      "ru": "Линдау",
      "fr": "Lindau",
      "en": "Lindau",
      "es": "Lindau",
      "it": "Lindau (Bodensee)",
      "pt": "Lindau",
      "nl": "Lindau (Bodensee)",
      "ar": "لينداو",
      "ko": "린다우",
      "tr": "Lindau",
      "pl": "Lindau"
    }
  },
  "DE::hainich": {
    "type": "medium_city",
    "names": {
      "fr": "Hainich",
      "en": "Hainich",
      "es": "Hainich",
      "it": "Hainich",
      "pt": "Hainich",
      "de": "Hainich",
      "nl": "Hainich",
      "pl": "Hainich"
    }
  },
  "DE::bautzen": {
    "type": "small_city",
    "names": {
      "de": "Bautzen",
      "ar": "بوتسن",
      "ru": "Баутцен",
      "pl": "Budziszyn",
      "fr": "Bautzen",
      "en": "Bautzen",
      "es": "Bautzen",
      "it": "Bautzen",
      "pt": "Bautzen",
      "nl": "Bautzen",
      "zh": "包岑",
      "ja": "バウツェン",
      "ko": "바우첸",
      "tr": "Bautzen"
    }
  },
  "DE::rostock": {
    "type": "small_city",
    "names": {
      "fr": "Rostock",
      "en": "Rostock",
      "es": "Rostock",
      "it": "Rostock",
      "pt": "Rostoque",
      "de": "Rostock",
      "nl": "Rostock",
      "ar": "روستوك",
      "zh": "罗斯托克",
      "ja": "ロストック",
      "ko": "로스토크",
      "ru": "Ро́сток",
      "tr": "Rostock",
      "pl": "Roztoka",
      "hi": "रोस्टॉक"
    }
  },
  "DE::triberg": {
    "type": "medium_city",
    "names": {
      "de": "Triberg im Schwarzwald",
      "fr": "Triberg im Schwarzwald",
      "en": "Triberg im Schwarzwald",
      "es": "Triberg",
      "it": "Triberg im Schwarzwald",
      "pt": "Triberg",
      "nl": "Triberg im Schwarzwald",
      "ar": "تريبرغ",
      "zh": "黑林山区特里贝格",
      "ja": "トリベルク・イム・シュヴァルツヴァルト",
      "ru": "Триберг",
      "tr": "Triberg im Schwarzwald",
      "pl": "Triberg im Schwarzwald"
    }
  },
  "DE::seiffen": {
    "type": "small_city",
    "names": {
      "de": "Seiffen/Erzgebirge",
      "fr": "Seiffen/Erzgeb.",
      "en": "Seiffen/Erzgeb.",
      "es": "Seiffen",
      "it": "Seiffen/Erzgeb.",
      "pt": "Seiffen",
      "nl": "Seiffen/Erzgeb.",
      "zh": "塞芬",
      "ja": "ザイフェン/エルツゲビルゲ",
      "ru": "Зайфен",
      "tr": "Seiffen/Erzgeb.",
      "pl": "Seiffen/Erzgeb."
    }
  },
  "DE::meissen": {
    "type": "small_city",
    "names": {
      "fr": "Meissen",
      "en": "Meissen",
      "es": "Misnia",
      "de": "Meißen",
      "ar": "مايسن",
      "zh": "迈森",
      "ja": "マイセン",
      "ko": "마이센",
      "ru": "Майсен",
      "pl": "Miśnia",
      "it": "Meißen",
      "pt": "Meißen",
      "nl": "Meißen",
      "tr": "Meissen"
    }
  },
  "DE::saalfeld": {
    "type": "medium_city",
    "names": {
      "de": "Saalfeld/Saale",
      "ru": "Заальфельд",
      "fr": "Saalfeld",
      "en": "Saalfeld",
      "es": "Saalfeld",
      "it": "Saalfeld/Saale",
      "pt": "Saalfeld/Saale",
      "nl": "Saalfeld/Saale",
      "ar": "زالفلد",
      "zh": "萨尔费尔德",
      "ja": "ザールフェルト",
      "ko": "잘펠트",
      "tr": "Saalfeld",
      "pl": "Saalfeld/Saale"
    }
  },
  "DE::schwerin": {
    "type": "small_city",
    "names": {
      "de": "Schwerin",
      "ar": "شورين",
      "zh": "什未林",
      "ja": "シュヴェリーン",
      "ko": "슈베린",
      "ru": "Шверин",
      "pl": "Skwierzyn",
      "fr": "Schwerin",
      "en": "Schwerin",
      "es": "Schwerin",
      "it": "Schwerin",
      "pt": "Schwerin",
      "nl": "Schwerin",
      "hi": "श्वेरिन",
      "tr": "Schwerin"
    }
  },
  "DE::sonnenbuehl": {
    "type": "medium_city",
    "names": {
      "fr": "Sonnenbühl",
      "en": "Sonnenbühl",
      "es": "Sonnenbühl",
      "it": "Sonnenbühl",
      "pt": "Sonnenbühl",
      "de": "Sonnenbühl",
      "nl": "Sonnenbühl",
      "zh": "松嫩比尔",
      "ru": "Зонненбюль",
      "tr": "Sonnenbühl",
      "pl": "Sonnenbühl"
    }
  },
  "DE::gorlitz": {
    "type": "small_city",
    "names": {
      "fr": "Gœrlitz",
      "en": "Görlitz",
      "es": "Görlitz",
      "it": "Görlitz",
      "pt": "Görlitz",
      "de": "Görlitz",
      "nl": "Görlitz",
      "ar": "غورلتس",
      "zh": "格尔利茨",
      "ja": "ゲルリッツ",
      "ko": "괴를리츠",
      "ru": "Гёрлиц",
      "tr": "Görlitz",
      "pl": "Zgorzelec"
    }
  },
  "DE::seitenroda": {
    "type": "medium_city",
    "names": {
      "fr": "Seitenroda",
      "en": "Seitenroda",
      "es": "Seitenroda",
      "it": "Seitenroda",
      "pt": "Seitenroda",
      "de": "Seitenroda",
      "nl": "Seitenroda",
      "zh": "赛滕罗达",
      "ru": "Зайтенрода",
      "tr": "Seitenroda",
      "pl": "Seitenroda"
    }
  },
  "DE::uhlstadt-kirchhasel": {
    "type": "small_city",
    "names": {
      "fr": "Uhlstädt-Kirchhasel",
      "en": "Uhlstädt-Kirchhasel",
      "es": "Uhlstädt-Kirchhasel",
      "it": "Uhlstädt-Kirchhasel",
      "pt": "Uhlstädt-Kirchhasel",
      "de": "Uhlstädt-Kirchhasel",
      "nl": "Uhlstädt-Kirchhasel",
      "zh": "乌尔施泰特-基希哈瑟尔",
      "ru": "Ульштедт-Кирхгазель",
      "tr": "Uhlstädt-Kirchhasel",
      "pl": "Uhlstädt-Kirchhasel"
    }
  },
  "DE::bad-hersfeld": {
    "type": "small_city",
    "names": {
      "fr": "Bad Hersfeld",
      "en": "Bad Hersfeld",
      "es": "Bad Hersfeld",
      "it": "Bad Hersfeld",
      "pt": "Bad Hersfeld",
      "de": "Bad Hersfeld",
      "nl": "Bad Hersfeld",
      "ar": "باد هرسفلد",
      "zh": "巴特黑斯费尔德",
      "ja": "バート・ヘルスフェルト",
      "ru": "Бад-Херсфельд",
      "tr": "Bad Hersfeld",
      "pl": "Bad Hersfeld"
    }
  },
  "DE::sassnitz": {
    "type": "small_city",
    "names": {
      "de": "Sassnitz",
      "ru": "Засниц",
      "pl": "Sośnica",
      "fr": "Sassnitz",
      "en": "Sassnitz",
      "es": "Sassnitz",
      "it": "Sassnitz",
      "pt": "Sassnitz",
      "nl": "Sassnitz",
      "ar": "زاسنيتس",
      "zh": "萨斯尼茨",
      "ja": "ザスニツ",
      "ko": "자스니츠",
      "tr": "Sassnitz"
    }
  },
  "DE::hohenwarte": {
    "type": "small_city",
    "names": {
      "fr": "Hohenwarte",
      "en": "Hohenwarte",
      "es": "Hohenwarte",
      "it": "Hohenwarte",
      "pt": "Hohenwarte",
      "de": "Hohenwarte",
      "nl": "Hohenwarte",
      "zh": "霍恩瓦特",
      "ru": "Хоэнварте",
      "tr": "Hohenwarte",
      "pl": "Hohenwarte"
    }
  },
  "DE::bad-langensalza": {
    "type": "small_city",
    "names": {
      "fr": "Bad Langensalza",
      "en": "Bad Langensalza",
      "es": "Bad Langensalza",
      "it": "Bad Langensalza",
      "pt": "Bad Langensalza",
      "de": "Bad Langensalza",
      "nl": "Bad Langensalza",
      "ar": "باد لانغنزالتسا",
      "zh": "巴特朗根萨尔察",
      "ja": "ランゲンザルツァ",
      "ru": "Бад-Лангензальца",
      "tr": "Bad Langensalza",
      "pl": "Bad Langensalza"
    }
  },
  "DE::schotten-vogelsberg": {
    "type": "medium_city",
    "names": {
      "de": "Vogelsbergstraße"
    }
  },
  "DE::kuehlungsborn": {
    "type": "small_city",
    "names": {
      "de": "Kühlungsborn",
      "fr": "Kühlungsborn",
      "en": "Kühlungsborn",
      "es": "Kühlungsborn",
      "it": "Kühlungsborn",
      "pt": "Kühlungsborn",
      "nl": "Kühlungsborn",
      "ar": "كولونغسبورن",
      "zh": "屈隆斯博恩",
      "ja": "キュールングスボルン",
      "ru": "Кюлунгсборн",
      "tr": "Kühlungsborn",
      "pl": "Kühlungsborn"
    }
  },
  "DE::neuruppin": {
    "type": "small_city",
    "names": {
      "de": "Neuruppin",
      "ru": "Нойруппин",
      "fr": "Neuruppin",
      "en": "Neuruppin",
      "es": "Neuruppin",
      "it": "Neuruppin",
      "pt": "Neuruppin",
      "nl": "Neuruppin",
      "ar": "نويروبين",
      "zh": "新鲁平",
      "ja": "ノイルピーン",
      "ko": "노이루핀",
      "tr": "Neuruppin",
      "pl": "Neuruppin"
    }
  },
  "DE::plau-am-see": {
    "type": "small_city",
    "names": {
      "de": "Plau am See",
      "ru": "Плау-ам-Зе",
      "fr": "Plau am See",
      "en": "Plau am See",
      "es": "Plau am See",
      "it": "Plau am See",
      "pt": "Plau am See",
      "nl": "Plau am See",
      "ar": "بلاو آم زيه",
      "zh": "滨湖普劳",
      "ja": "プラウ・アム・ゼー",
      "tr": "Plau am See",
      "pl": "Plau am See"
    }
  }
}