{
  "ZA::cape-town": {
    "type": "large_city",
    "names": {
      "fr": "Le Cap",
      "en": "Cape Town",
      "es": "Ciudad del Cabo",
      "it": "Città del Capo",
      "pt": "Cidade do Cabo",
      "de": "Kapstadt",
      "nl": "Kaapstad",
      "ar": "كيب تون",
      "zh": "開普敦/开普敦",
      "ja": "ケープ タウン",
      "ko": "케이프타운",
      "ru": "Кейптаун",
      "hi": "केपटाउन",
      "tr": "Cape Town",
      "pl": "Kapsztad"
    }
  },
  "ZA::knysna": {
    "type": "small_city",
    "names": {
      "_default": "Knysna",
      "fr": "Knysna",
      "en": "Knysna",
      "es": "Knysna",
      "it": "Knysna",
      "pt": "Knysna",
      "de": "Knysna",
      "nl": "Knysna",
      "ar": "كنيسنا",
      "zh": "克尼斯納",
      "ja": "ナイズナ",
      "ru": "Найсне",
      "pl": "Knysna"
    }
  },
  "ZA::cape-town-airport": {
    "type": "village",
    "names": {
      "fr": "Aéroport international du Cap",
      "en": "Cape Town International Airport",
      "es": "Aeropuerto Internacional de la Ciudad del Cabo",
      "it": "Aeroporto Internazionale di Città del Capo",
      "pt": "Aeroporto Internacional da Cidade do Cabo",
      "de": "Internationaler Flughafen Kapstadt",
      "nl": "Kaapstad Internasionale Lughawe",
      "ar": "مطار كيب تون الدولي",
      "ja": "ケープタウン国際空港",
      "ru": "Международный аэропорт Кейптаун",
      "zh": "开普敦国际机场",
      "ko": "케이프타운 국제공항",
      "hi": "डी० एफ मलान हवाई अड्डा",
      "tr": "Cape Town Uluslararası Havalimanı",
      "pl": "Port lotniczy Kapsztad"
    }
  },
  "ZA::durban": {
    "type": "medium_city",
    "names": {
      "fr": "Durban",
      "en": "Durban",
      "es": "Durban",
      "de": "Durban",
      "nl": "Durban",
      "ar": "ديربان",
      "zh": "德班",
      "ja": "ダーバン",
      "ko": "더반",
      "ru": "Дурбан",
      "hi": "डरबन",
      "it": "Durban",
      "pt": "Durban",
      "tr": "Durban",
      "pl": "Durban"
    }
  },
  "ZA::port-elizabeth": {
    "type": "small_city",
    "names": {
      "fr": "Gqeberha",
      "en": "Gqeberha / Port Elizabeth",
      "es": "Gqeberha",
      "it": "Gqeberha",
      "pt": "Gqeberha",
      "de": "Gqeberha",
      "nl": "Gqeberha",
      "ar": "بورت إليزابيث",
      "zh": "吉科巴哈",
      "ja": "ポートエリザベス",
      "ko": "포트엘리자베스",
      "ru": "Гцгебеха",
      "hi": "पोर्ट एलिज़ाबेथ",
      "tr": "Port Elizabeth",
      "pl": "Gqeberha"
    }
  },
  "ZA::hazyview": {
    "type": "small_city",
    "names": {
      "_default": "Hazyview",
      "fr": "Hazyview",
      "en": "Hazyview",
      "de": "Hazyview",
      "nl": "Hazyview",
      "ja": "ヘイジービュー"
    }
  },
  "ZA::umhlanga": {
    "type": "small_city",
    "names": {
      "_default": "Umhlanga",
      "fr": "Umhlanga",
      "en": "uMhlanga",
      "es": "Umhlanga",
      "de": "Umhlanga",
      "nl": "Umhlanga",
      "zh": "烏姆赫蘭哈",
      "tr": "Umhlanga Rocks"
    }
  },
  "ZA::st-lucia": {
    "type": "small_city",
    "names": {
      "_default": "St. Lucia",
      "en": "St Lucia",
      "it": "st. Lucia",
      "de": "St Lucia",
      "nl": "St Lucia",
      "ja": "ドゥクドゥク",
      "tr": "St. Lucia"
    }
  },
  "ZA::franschhoek": {
    "type": "small_city",
    "names": {
      "_default": "Franschhoek",
      "fr": "Franschhoek",
      "en": "Franschhoek",
      "es": "Franschhoek",
      "it": "Franschhoek",
      "pt": "Franschhoek",
      "de": "Franschhoek",
      "nl": "Franschhoek",
      "zh": "弗朗斯胡克",
      "ja": "フランシュフック",
      "ru": "Франсхук"
    }
  },
  "ZA::ballito": {
    "type": "small_city",
    "names": {
      "_default": "Ballito"
    }
  },
  "ZA::blyde-river-canyon": {
    "type": "small_city",
    "names": {
      "_default": "Blyde Canyon Airport"
    }
  },
  "ZA::underberg": {
    "type": "medium_city",
    "names": {
      "_default": "Underberg"
    }
  },
  "ZA::montagu": {
    "type": "small_city",
    "names": {
      "_default": "Montagu"
    }
  },
  "ZA::malelane": {
    "type": "medium_city",
    "names": {
      "_default": "Malalane"
    }
  },
  "ZA::oudtshoorn": {
    "type": "small_city",
    "names": {
      "_default": "Oudtshoorn"
    }
  },
  "ZA::drakensberg": {
    "type": "village",
    "names": {
      "_default": "Drakensberg"
    }
  },
  "ZA::hluhluwe": {
    "type": "small_city",
    "names": {
      "_default": "Hluhluwe"
    }
  },
  "ZA::northern-drakensberg": {
    "type": "village",
    "names": {
      "_default": "Drakensberg Avenue"
    }
  },
  "ZA::kruger-nord": {
    "type": "village",
    "names": {
      "_default": "Kruger"
    }
  },
  "ZA::simons-town": {
    "type": "village",
    "names": {
      "en": "Simons Bay"
    }
  },
  "ZA::atlantis": {
    "type": "small_city",
    "names": {
      "_default": "Atlantis"
    }
  },
  "ZA::darling": {
    "type": "village",
    "names": {
      "en": "Darling",
      "ar": "دارلن"
    }
  },
  "ZA::riebeek-kasteel": {
    "type": "village",
    "names": {
      "_default": "Riebeek-Kasteel"
    }
  },
  "ZA::saldanha": {
    "type": "small_city",
    "names": {
      "en": "Saldanha",
      "es": "Saldanha",
      "it": "Saldanha",
      "pt": "Saldanha",
      "de": "Saldanha",
      "nl": "Saldanha",
      "ru": "Салданья"
    }
  },
  "ZA::paternoster": {
    "type": "village",
    "names": {
      "_default": "Paternoster"
    }
  },
  "ZA::velddrif": {
    "type": "village",
    "names": {
      "_default": "Velddrif"
    }
  },
  "ZA::makhanda": {
    "type": "small_city",
    "names": {
      "zh": "马卡汉达",
      "ja": "グラハムズタウン",
      "ko": "그레이엄스타운",
      "ru": "Грэхэмстаун"
    }
  },
  "ZA::east-london": {
    "type": "medium_city",
    "names": {
      "en": "East London",
      "de": "East London",
      "nl": "Oos-Londen",
      "ar": "إيست لندن",
      "zh": "东伦敦",
      "ja": "イースト・ロンドン",
      "ko": "이스트런던",
      "ru": "Ист-Лондон",
      "hi": "पूर्वी लंदन, पूर्वी केप",
      "tr": "East London"
    }
  },
  "ZA::mthatha": {
    "type": "small_city",
    "names": {
      "ru": "Умтата"
    }
  },
  "ZA::rhodes": {
    "type": "village",
    "names": {
      "_default": "Rhodes"
    }
  },
  "ZA::graaff-reinet": {
    "type": "small_city",
    "names": {
      "en": "Graaff-Reinet",
      "ja": "グラーフ＝ライネ",
      "ru": "Храфф-Рейнет"
    }
  },
  "ZA::hoedspruit": {
    "type": "small_city",
    "names": {
      "_default": "Hoedspruit"
    }
  },
  "ZA::pilgrims-rest": {
    "type": "village",
    "names": {
      "_default": "Pilgrims Rest Crescent"
    }
  },
  "ZA::graskop": {
    "type": "village",
    "names": {
      "_default": "Graskop"
    }
  },
  "ZA::sabie": {
    "type": "village",
    "names": {
      "_default": "Sabie"
    }
  },
  "ZA::kaapsehoop": {
    "type": "village",
    "names": {
      "_default": "Kaapsehoop"
    }
  },
  "ZA::dullstroom": {
    "type": "village",
    "names": {
      "_default": "Dullstroom"
    }
  },
  "ZA::wakkerstroom": {
    "type": "village",
    "names": {
      "_default": "Wakkerstroom"
    }
  },
  "ZA::johannesburg": {
    "type": "large_city",
    "names": {
      "fr": "Johannesbourg",
      "en": "Johannesburg",
      "es": "Johannesburgo",
      "it": "Johannesburg",
      "pt": "Joanesburgo",
      "de": "Johannesburg",
      "nl": "Johannesburg",
      "ar": "جوهانسبرغ",
      "zh": "约翰内斯堡/約翰内斯堡",
      "ja": "ヨハネスブルグ",
      "ko": "요하네스버그",
      "ru": "Йоханнесбург",
      "hi": "जोहान्सबर्ग",
      "tr": "Johannesburg",
      "pl": "Johannesburg"
    }
  },
  "ZA::pretoria": {
    "type": "large_city",
    "names": {
      "fr": "Pretoria",
      "en": "Pretoria",
      "es": "Pretoria",
      "it": "Pretoria",
      "pt": "Pretória",
      "de": "Pretoria",
      "nl": "Pretoria",
      "ar": "بريتوريا",
      "zh": "比勒陀利亞",
      "ja": "プレトリア",
      "ko": "프리토리아",
      "ru": "Претория",
      "hi": "प्रॆटोर्य",
      "tr": "Pretoria",
      "pl": "Pretoria"
    }
  },
  "ZA::pretoria-north": {
    "type": "small_city",
    "names": {
      "fr": "Pretoria",
      "en": "Pretoria",
      "es": "Pretoria",
      "it": "Pretoria",
      "pt": "Pretória",
      "de": "Pretoria",
      "nl": "Pretoria",
      "ar": "بريتوريا",
      "zh": "比勒陀利亞",
      "ja": "プレトリア",
      "ko": "프리토리아",
      "ru": "Претория",
      "hi": "प्रॆटोर्य",
      "tr": "Pretoria",
      "pl": "Pretoria"
    }
  },
  "ZA::roodepoort": {
    "type": "small_city",
    "names": {
      "_default": "Roodepoort"
    }
  },
  "ZA::heidelberg": {
    "type": "small_city",
    "names": {
      "_default": "Heidelberg"
    }
  },
  "ZA::centurion": {
    "type": "small_city",
    "names": {
      "_default": "Centurion"
    }
  },
  "ZA::parys": {
    "type": "small_city",
    "names": {
      "_default": "Parys"
    }
  },
  "ZA::ventersburg": {
    "type": "village",
    "names": {
      "_default": "Ventersburg"
    }
  },
  "ZA::bethlehem": {
    "type": "small_city",
    "names": {
      "_default": "Bethlehem"
    }
  },
  "ZA::harrismith": {
    "type": "small_city",
    "names": {
      "_default": "iNtabazwe"
    }
  },
  "ZA::clarens": {
    "type": "village",
    "names": {
      "_default": "Clarens"
    }
  },
  "ZA::rosendal": {
    "type": "village",
    "names": {
      "en": "Rosedale"
    }
  },
  "ZA::bloemfontein": {
    "type": "medium_city",
    "names": {
      "fr": "Bloemfontein",
      "en": "Bloemfontein",
      "es": "Bloemfontein",
      "it": "Bloemfontein",
      "pt": "Bloemfontein",
      "de": "Bloemfontein",
      "nl": "Bloemfontein",
      "ar": "بلومفونتين",
      "zh": "布隆方丹",
      "ja": "ブルームフォンテーン",
      "ko": "블룸폰테인",
      "ru": "Блумфонтейн",
      "hi": "ब्लूमफ़ोनटेन",
      "tr": "Bloemfontein",
      "pl": "Bloemfontein"
    }
  },
  "ZA::matjiesfontein": {
    "type": "village",
    "names": {
      "_default": "Matjiesfontein"
    }
  },
  "ZA::sutherland": {
    "type": "village",
    "names": {
      "_default": "Sutherland"
    }
  },
  "ZA::port-nolloth": {
    "type": "village",
    "names": {
      "_default": "Port Nolloth"
    }
  },
  "ZA::kakamas": {
    "type": "village",
    "names": {
      "_default": "Kakamas"
    }
  },
  "ZA::upington": {
    "type": "small_city",
    "names": {
      "en": "Upington",
      "ko": "어핑턴",
      "ru": "Апингтон"
    }
  },
  "ZA::kathu": {
    "type": "small_city",
    "names": {
      "_default": "Kathu"
    }
  },
  "ZA::kuruman": {
    "type": "small_city",
    "names": {
      "_default": "Kuruman"
    }
  },
  "ZA::kimberley": {
    "type": "medium_city",
    "names": {
      "en": "Kimberley",
      "ko": "킴벌리"
    }
  },
  "ZA::richmond": {
    "type": "village",
    "names": {
      "_default": "Richmond"
    }
  },
  "ZA::rustenburg": {
    "type": "small_city",
    "names": {
      "en": "Rustenburg",
      "pt": "Rustemburgo",
      "ko": "루스텐버그",
      "ru": "Рюстенбург"
    }
  },
  "ZA::groot-marico": {
    "type": "village",
    "names": {
      "_default": "Groot-Marico"
    }
  },
  "ZA::mahikeng": {
    "type": "small_city",
    "names": {
      "fr": "Mahikeng",
      "en": "Mahikeng",
      "es": "Mahikeng",
      "it": "Mahikeng",
      "pt": "Mahikeng",
      "de": "Mahikeng",
      "nl": "Mahikeng",
      "ko": "마피켕",
      "ru": "Мафикенг",
      "pl": "Mahikeng"
    }
  }
}