{
  "SN::dakar": {
    "type": "medium_city",
    "names": {
      "fr": "Dakar",
      "en": "Dakar",
      "es": "Dakar",
      "it": "Dakar",
      "pt": "Dacar",
      "de": "Dakar",
      "nl": "Dakar",
      "ar": "داكار",
      "zh": "达喀尔省",
      "ja": "ダカール",
      "ko": "다카르",
      "ru": "Дакар",
      "hi": "डकार",
      "tr": "Dakar",
      "pl": "Dakar"
    }
  },
  "SN::ile-de-goree": {
    "type": "small_city",
    "names": {
      "fr": "Île de Gorée",
      "en": "Island of Gorée",
      "es": "Isla de Gorea",
      "de": "Insel Gorée",
      "nl": "Eiland van Gorée",
      "ar": "جزيرة غوري",
      "zh": "戈雷岛",
      "ja": "ゴレ島",
      "ru": "Остров Горе",
      "it": "Gorée",
      "pt": "Goreia",
      "ko": "고레섬",
      "hi": "गोरी द्वीप",
      "tr": "Gorée Adası",
      "pl": "Gorée"
    }
  },
  "SN::saint-louis": {
    "type": "village",
    "names": {
      "fr": "Saint-Louis",
      "en": "Saint-Louis",
      "ar": "سانت لويس",
      "ko": "생루이",
      "ru": "Сен-Луи",
      "es": "Saint Louis",
      "it": "Saint-Louis",
      "pt": "Saint-Louis",
      "de": "Saint-Louis",
      "nl": "Saint-Louis",
      "zh": "圣路易",
      "ja": "サン＝ルイ",
      "hi": "सेन्ट लुईस द्वीप",
      "tr": "Saint Louis",
      "pl": "Saint-Louis"
    }
  },
  "SN::lompoul": {
    "type": "village",
    "names": {
      "fr": "Lompoul-sur-Mer",
      "en": "Lompoul",
      "de": "Lompoul-sur-Mer"
    }
  },
  "SN::mbour": {
    "type": "village",
    "names": {
      "fr": "M'bour",
      "es": "M'Bour",
      "de": "M’bour",
      "ar": "امبور",
      "zh": "姆布爾",
      "ja": "ンブール",
      "ko": "음부르",
      "ru": "Мбур",
      "tr": "M'Bour",
      "pl": "Mbour"
    }
  },
  "SN::somone": {
    "type": "small_city",
    "names": {
      "_default": "La Somone"
    }
  },
  "SN::toubab-dialaw": {
    "type": "small_city",
    "names": {
      "_default": "Toubab Dialaw"
    }
  },
  "SN::joal-fadiouth": {
    "type": "village",
    "names": {
      "_default": "Joal-Fadiouth"
    }
  }
}