{
  "AT::vienna": {
    "type": "large_city",
    "names": {
      "fr": "Vienne",
      "en": "Vienna",
      "es": "Viena",
      "it": "Vienna",
      "pt": "Viena",
      "de": "Wien",
      "nl": "Wenen",
      "ar": "فيينا",
      "zh": "维也纳州",
      "ja": "ウィーン",
      "ko": "빈",
      "ru": "Вена",
      "hi": "वियना",
      "tr": "Viyana",
      "pl": "Wiedeń"
    }
  },
  "AT::salzburg": {
    "type": "medium_city",
    "names": {
      "fr": "Salzbourg",
      "en": "Salzburg",
      "es": "Salzburgo",
      "it": "Salisburgo",
      "pt": "Salisburgo",
      "de": "Salzburg",
      "ar": "زالتسبورغ",
      "zh": "萨尔茨堡",
      "ko": "잘츠부르크",
      "ru": "Зальцбург",
      "ja": "ザルツブルク",
      "hi": "साल्ज़बोर्ग"
    }
  },
  "AT::ehrwald": {
    "type": "large_city",
    "names": {
      "de": "Ehrwald",
      "fr": "Ehrwald",
      "en": "Ehrwald",
      "es": "Ehrwald",
      "it": "Ehrwald",
      "pt": "Ehrwald",
      "nl": "Ehrwald",
      "zh": "埃尔瓦尔德",
      "ja": "エールヴァルト",
      "ru": "Эрвальд",
      "tr": "Ehrwald",
      "pl": "Ehrwald"
    }
  },
  "AT::innsbruck": {
    "type": "large_city",
    "names": {
      "fr": "Innsbruck",
      "en": "Innsbruck",
      "it": "Innsbruck",
      "de": "Innsbruck",
      "ar": "إنسبروك",
      "zh": "因斯布鲁克",
      "ja": "インスブルック",
      "ko": "인스브루크",
      "ru": "Инсбрук",
      "tr": "İnnsbruck",
      "es": "Innsbruck",
      "pt": "Innsbruck",
      "nl": "Innsbruck",
      "hi": "इंसब्रुक",
      "pl": "Innsbruck"
    }
  },
  "AT::graz": {
    "type": "small_city",
    "names": {
      "fr": "Graz",
      "en": "Graz",
      "de": "Graz",
      "ar": "غراتس",
      "zh": "格拉茨",
      "ja": "グラーツ",
      "ko": "그라츠",
      "ru": "Грац",
      "es": "Graz",
      "it": "Graz",
      "pt": "Graz",
      "nl": "Graz",
      "hi": "ग्राज़",
      "tr": "Graz",
      "pl": "Graz"
    }
  },
  "AT::durnstein": {
    "type": "small_city",
    "names": {
      "de": "Dürnstein",
      "ko": "뒤른슈타인",
      "fr": "Dürnstein",
      "en": "Dürnstein",
      "es": "Dürnstein",
      "it": "Dürnstein",
      "pt": "Dürnstein",
      "nl": "Dürnstein",
      "zh": "杜伦施坦",
      "ja": "デュルンシュタイン",
      "ru": "Дюрнштайн",
      "tr": "Dürnstein",
      "pl": "Dürnstein"
    }
  },
  "AT::zell-am-see": {
    "type": "medium_city",
    "names": {
      "de": "Zell am See",
      "ru": "Целль-ам-Зе",
      "fr": "Zell am See",
      "en": "Zell am See",
      "es": "Zell am See",
      "it": "Zell am See",
      "pt": "Zell am See",
      "nl": "Zell am See",
      "ar": "تسيل أم زيه",
      "zh": "滨湖采尔",
      "ja": "ツェル・アム・ゼー",
      "ko": "첼암제",
      "tr": "Zell am See",
      "pl": "Zell am See"
    }
  },
  "AT::wachau": {
    "type": "medium_city",
    "names": {
      "en": "Wachau Cultural Landscape",
      "de": "Wachau",
      "fr": "Wachau",
      "es": "Wachau",
      "it": "Wachau",
      "pt": "Paisagem Cultural de Wachau",
      "nl": "Wachau",
      "zh": "瓦豪",
      "ja": "ヴァッハウ渓谷",
      "ko": "바하우",
      "ru": "Вахау",
      "tr": "Wachau",
      "pl": "Wachau"
    }
  },
  "AT::filzmoos": {
    "type": "medium_city",
    "names": {
      "_default": "Filzmoos",
      "fr": "Filzmoos",
      "en": "Filzmoos",
      "es": "Filzmoos",
      "it": "Filzmoos",
      "pt": "Filzmoos",
      "de": "Filzmoos",
      "nl": "Filzmoos",
      "zh": "菲尔兹莫斯",
      "ko": "필츠모스",
      "ru": "Фильцмос",
      "tr": "Filzmoos",
      "pl": "Filzmoos"
    }
  },
  "AT::lech-am-arlberg": {
    "type": "medium_city",
    "names": {
      "_default": "Ski Arlberg",
      "fr": "Domaine skiable Ski Arlberg",
      "en": "Ski Arlberg",
      "de": "Skigebiet Arlberg",
      "nl": "Ski Arlberg"
    }
  },
  "AT::hallstatt": {
    "type": "medium_city",
    "names": {
      "de": "Hallstatt",
      "ko": "할슈타트",
      "fr": "Hallstatt",
      "en": "Hallstatt",
      "es": "Hallstatt",
      "it": "Hallstatt",
      "pt": "Hallstatt",
      "nl": "Hallstatt",
      "ar": "هالشتات",
      "zh": "哈尔施塔特",
      "ja": "ハルシュタット",
      "ru": "Гальштат",
      "hi": "हॉलस्टैट",
      "tr": "Hallstatt",
      "pl": "Hallstatt"
    }
  },
  "AT::mayrhofen": {
    "type": "medium_city",
    "names": {
      "de": "Mayrhofen",
      "zh": "迈尔霍芬",
      "ru": "Майрхофен",
      "fr": "Mayrhofen",
      "en": "Mayrhofen",
      "es": "Mayrhofen",
      "it": "Mayrhofen",
      "pt": "Mayrhofen",
      "nl": "Mayrhofen",
      "ar": "مايرهوفن",
      "ja": "マイアーホーフェン",
      "tr": "Mayrhofen",
      "pl": "Mayrhofen"
    }
  },
  "AT::zillertal": {
    "type": "small_city",
    "names": {
      "_default": "Zillertal",
      "fr": "Zillertal",
      "en": "Zillertal",
      "es": "Zillertal",
      "it": "Zillertal",
      "pt": "Vale do Ziller (Zillertal)",
      "de": "Zillertal",
      "nl": "Zillertal",
      "zh": "齊勒河谷",
      "ja": "ツィラータール",
      "ru": "Циллерталь",
      "pl": "Zillertal"
    }
  },
  "AT::melk": {
    "type": "medium_city",
    "names": {
      "de": "Melk",
      "ru": "Мельк",
      "fr": "Melk",
      "en": "Melk",
      "es": "Melk",
      "it": "Melk",
      "pt": "Melk",
      "nl": "Melk",
      "ar": "بلدة ميلك",
      "zh": "梅爾克",
      "ja": "メルク",
      "ko": "멜크",
      "tr": "Melk",
      "pl": "Melk"
    }
  },
  "AT::lechtal": {
    "type": "small_city",
    "names": {
      "_default": "Lechtal",
      "en": "Lechtal",
      "es": "Lechtal",
      "de": "Lechtal",
      "nl": "Lechtal"
    }
  },
  "AT::alpbach": {
    "type": "medium_city",
    "names": {
      "de": "Alpbach",
      "en": "Alpbach",
      "ar": "ألباخ",
      "zh": "阿尔卑巴赫",
      "ja": "アルプバッハ",
      "ru": "Альпбах"
    }
  },
  "AT::villach": {
    "type": "medium_city",
    "names": {
      "it": "Villaco",
      "de": "Villach",
      "ru": "Филлах",
      "fr": "Villach",
      "en": "Villach",
      "es": "Villach",
      "pt": "Villach",
      "nl": "Villach",
      "ar": "فيلاخ",
      "zh": "菲拉赫",
      "ja": "フィラッハ",
      "ko": "필라흐",
      "tr": "Villach",
      "pl": "Villach"
    }
  },
  "AT::pertisau-achensee": {
    "type": "medium_city",
    "names": {
      "de": "Achensee",
      "nl": "Achenmeer",
      "fr": "Achensee",
      "en": "Achensee",
      "es": "Lago Achensee",
      "it": "Achensee",
      "ar": "بحيرة آخن",
      "zh": "阿亨湖",
      "ru": "Ахенское озеро",
      "tr": "Achensee",
      "pl": "Achensee"
    }
  },
  "AT::achensee": {
    "type": "small_city",
    "names": {
      "de": "Achensee",
      "nl": "Achenmeer",
      "fr": "Achensee",
      "en": "Achensee",
      "es": "Lago Achensee",
      "it": "Achensee",
      "ar": "بحيرة آخن",
      "zh": "阿亨湖",
      "ru": "Ахенское озеро",
      "tr": "Achensee",
      "pl": "Achensee"
    }
  },
  "AT::oetztal": {
    "type": "small_city",
    "names": {
      "_default": "Ötztal",
      "fr": "Ötztal",
      "en": "Ötztal",
      "it": "Ötztal",
      "de": "Ötztal",
      "nl": "Ötztal",
      "ar": "وادي أوتز",
      "zh": "厄茨谷",
      "ja": "エッツタール",
      "ru": "Эцталь"
    }
  },
  "AT::st-wolfgang-im-salzkammergut": {
    "type": "small_city",
    "names": {
      "de": "St. Wolfgang im Salzkammergut",
      "fr": "Sankt Wolfgang im Salzkammergut",
      "en": "St. Wolfgang im Salzkammergut",
      "es": "St. Wolfgang im Salzkammergut",
      "it": "Sankt Wolfgang im Salzkammergut",
      "pt": "Sankt Wolfgang im Salzkammergut",
      "nl": "Sankt Wolfgang im Salzkammergut",
      "zh": "萨尔茨卡默古特地区圣沃尔夫冈",
      "ja": "ザンクト・ヴォルフガング",
      "ru": "Санкт-Вольфганг-им-Зальцкаммергут",
      "tr": "St. Wolfgang im Salzkammergut",
      "pl": "Sankt Wolfgang im Salzkammergut"
    }
  },
  "AT::imst": {
    "type": "small_city",
    "names": {
      "de": "Imst",
      "zh": "伊姆斯特",
      "ja": "イムスト",
      "ru": "Имст",
      "fr": "Imst",
      "en": "Imst",
      "es": "Imst",
      "it": "Imst",
      "pt": "Imst",
      "nl": "Imst",
      "tr": "Imst",
      "pl": "Imst"
    }
  },
  "AT::brand-vorarlberg": {
    "type": "small_city",
    "names": {
      "de": "Brand",
      "zh": "布兰德",
      "fr": "Brand",
      "en": "Brand",
      "es": "Brand",
      "it": "Brand",
      "pt": "Brand",
      "nl": "Brand in Vorarlberg",
      "ar": "براند",
      "ru": "Бранд",
      "tr": "Brand",
      "pl": "Brand"
    }
  },
  "AT::friesach": {
    "type": "village",
    "names": {
      "de": "Friesach",
      "ru": "Фризах"
    }
  },
  "AT::gurk": {
    "type": "village",
    "names": {
      "_default": "Gurk"
    }
  },
  "AT::klagenfurt": {
    "type": "medium_city",
    "names": {
      "fr": "Klagenfurt",
      "en": "Klagenfurt",
      "es": "Klagenfurt",
      "it": "Clanforte",
      "de": "Klagenfurt am Wörthersee",
      "ar": "كلاغنفورت",
      "zh": "克拉根福",
      "ja": "クラーゲンフルト・アム・ヴェルターゼー",
      "ko": "클라겐푸르트암뵈르테제",
      "ru": "Клагенфурт"
    }
  },
  "AT::ferlach": {
    "type": "small_city",
    "names": {
      "de": "Ferlach",
      "ru": "Ферлах"
    }
  },
  "AT::flattach": {
    "type": "village",
    "names": {
      "_default": "Flattach"
    }
  },
  "AT::heiligenblut": {
    "type": "village",
    "names": {
      "de": "Heiligenblut am Großglockner",
      "ru": "Хайлигенблут"
    }
  },
  "AT::bad-kleinkirchheim": {
    "type": "village",
    "names": {
      "de": "Bad Kleinkirchheim",
      "zh": "巴特克莱因基希海姆",
      "ru": "Бад Клайнкирххайм"
    }
  }
}