{
  "BZ::hopkins": {
    "type": "medium_city",
    "names": {
      "en": "Hopkins Village",
      "fr": "Hopkins",
      "it": "Hopkins",
      "de": "Hopkins",
      "nl": "Hopkins",
      "ja": "ホプキンズ"
    }
  },
  "BZ::placencia": {
    "type": "medium_city",
    "names": {
      "fr": "Placencia",
      "en": "Placencia",
      "es": "Placencia",
      "it": "Placencia",
      "pt": "Placencia",
      "de": "Placencia",
      "nl": "Placencia",
      "ja": "プラセンシア",
      "ru": "Пласенсия",
      "pl": "Placencia"
    }
  },
  "BZ::belize-city": {
    "type": "small_city",
    "names": {
      "fr": "Belize",
      "en": "Belize",
      "es": "Belice",
      "it": "Belize",
      "pt": "Belize",
      "de": "Belize",
      "nl": "Belize",
      "ar": "بليز",
      "zh": "伯利兹",
      "ja": "ベリーズ",
      "ko": "벨리즈",
      "ru": "Белиз",
      "hi": "बेलीज़",
      "tr": "Belize",
      "pl": "Belize"
    }
  },
  "BZ::caye-caulker": {
    "type": "small_city",
    "names": {
      "en": "Caye Caulker",
      "es": "Cayo Corker",
      "fr": "Caye Caulker",
      "pt": "Caye Caulker",
      "de": "Caye Caulker",
      "nl": "Caye Caulker",
      "ar": "كاي كولكر",
      "zh": "考克島",
      "ja": "キー・カーカー",
      "ru": "Ки-Колкер",
      "pl": "Caye Caulker"
    }
  },
  "BZ::san-pedro": {
    "type": "small_city",
    "names": {
      "en": "San Pedro Town",
      "es": "San Pedro",
      "de": "San Pedro",
      "fr": "San Pedro",
      "it": "San Pedro",
      "pt": "San Pedro",
      "nl": "San Pedro Town",
      "zh": "聖佩德羅",
      "ja": "サン・ペドロ",
      "ru": "Сан-Педро",
      "pl": "San Pedro"
    }
  }
}