{
  "NL::kinderdijk": {
    "type": "medium_city",
    "names": {
      "_default": "Kinderdijk",
      "fr": "Kinderdijk",
      "en": "Kinderdijk",
      "es": "Kinderdijk",
      "it": "Kinderdijk",
      "pt": "Kinderdijk",
      "de": "Kinderdijk",
      "nl": "Kinderdijk",
      "zh": "小孩堤防",
      "ja": "キンデルダイク",
      "ko": "킨데르데이크",
      "ru": "Киндердейк",
      "tr": "Kinderdijk",
      "pl": "Kinderdijk"
    }
  },
  "NL::utrecht-centre": {
    "type": "medium_city",
    "names": {
      "fr": "Utrecht",
      "en": "Utrecht",
      "es": "Utrecht",
      "de": "Utrecht",
      "nl": "Utrecht",
      "ar": "أوترخت",
      "zh": "乌特勒支",
      "ja": "ユトレヒト",
      "ko": "위트레흐트",
      "ru": "Утрехт",
      "it": "Utrecht",
      "pt": "Utreque",
      "hi": "यूट्रेक्ट",
      "tr": "Utrecht",
      "pl": "Utrecht"
    }
  },
  "NL::haarlem-centre": {
    "type": "medium_city",
    "names": {
      "fr": "Haarlem",
      "en": "Haarlem",
      "es": "Haarlem",
      "de": "Haarlem",
      "nl": "Haarlem",
      "ar": "هارلم",
      "zh": "哈勒姆",
      "ja": "ハールレム",
      "ko": "하를럼",
      "ru": "Харлем",
      "it": "Haarlem",
      "pt": "Haarlem",
      "hi": "हार्लेम",
      "tr": "Haarlem",
      "pl": "Haarlem"
    }
  },
  "NL::keukenhof": {
    "type": "medium_city",
    "names": {
      "_default": "Keukenhof",
      "fr": "Keukenhof",
      "en": "Keukenhof",
      "es": "Keukenhof",
      "it": "Keukenhof",
      "pt": "Keukenhof",
      "de": "Keukenhof",
      "nl": "Keukenhof",
      "ar": "كويكنهوف",
      "zh": "库肯霍夫",
      "ja": "キューケンホフ公園",
      "ko": "쾨켄호프",
      "ru": "Кёкенхоф",
      "tr": "Keukenhof",
      "pl": "Keukenhof"
    }
  },
  "NL::urk": {
    "type": "medium_city",
    "names": {
      "_default": "Urk",
      "fr": "Urk",
      "en": "Urk",
      "es": "Urk",
      "it": "Urk",
      "pt": "Urk",
      "de": "Urk",
      "nl": "Urk",
      "ar": "أورك",
      "zh": "于尔克",
      "ja": "ユルク",
      "ko": "위르크",
      "ru": "Урк",
      "tr": "Urk",
      "pl": "Urk"
    }
  },
  "NL::hindeloopen": {
    "type": "village",
    "names": {
      "nl": "Hindeloopen",
      "ja": "ヒンデローペン",
      "ru": "Хинделопен"
    }
  },
  "NL::giethoorn": {
    "type": "village",
    "names": {
      "nl": "Giethoorn",
      "zh": "羊角村"
    }
  },
  "NL::elburg": {
    "type": "village",
    "names": {
      "_default": "Elburg"
    }
  },
  "NL::den-haag": {
    "type": "large_city",
    "names": {
      "fr": "La Haye",
      "en": "The Hague",
      "es": "La Haya",
      "it": "L'Aia",
      "pt": "A Haia",
      "de": "Den Haag",
      "nl": "Den Haag",
      "ar": "لاهاي",
      "zh": "海牙",
      "ja": "デン・ハーグ",
      "ko": "헤이그",
      "ru": "Гаага",
      "hi": "हेग",
      "tr": "Lahey",
      "pl": "Haga"
    }
  },
  "NL::den-helder": {
    "type": "small_city",
    "names": {
      "fr": "Le Helder",
      "nl": "Den Helder",
      "ru": "Ден-Хелдер"
    }
  },
  "NL::alkmaar": {
    "type": "small_city",
    "names": {
      "nl": "Alkmaar",
      "ar": "ألكمار"
    }
  },
  "NL::volendam": {
    "type": "village",
    "names": {
      "nl": "Volendam",
      "ru": "Волендам"
    }
  },
  "NL::broek-in-waterland": {
    "type": "village",
    "names": {
      "_default": "Broek in Waterland"
    }
  }
}