{
  "BR::rio-de-janeiro-leme": {
    "type": "large_city",
    "names": {
      "_default": "Leme",
      "fr": "Leme",
      "en": "Leme",
      "es": "Leme",
      "it": "Leme",
      "pt": "Leme",
      "de": "Leme",
      "nl": "Leme",
      "zh": "莱米",
      "ja": "レメ",
      "ru": "Леме (исторический район Рио-де-Жанейро)",
      "tr": "Leme"
    }
  },
  "BR::rio-de-janeiro": {
    "type": "large_city",
    "names": {
      "fr": "Rio de Janeiro",
      "en": "Rio de Janeiro",
      "es": "Río de Janeiro",
      "it": "Rio de Janeiro",
      "pt": "Rio de Janeiro",
      "de": "Rio de Janeiro",
      "nl": "Rio de Janeiro",
      "ar": "ريو دي جانيرو",
      "zh": "里约热内卢",
      "ja": "リオデジャネイロ",
      "ko": "리우데자네이루",
      "ru": "Рио-де-Жанейро",
      "hi": "रियो डि जेनेरो",
      "tr": "Rio de Janeiro",
      "pl": "Rio de Janeiro"
    }
  },
  "BR::brasilia": {
    "type": "medium_city",
    "names": {
      "fr": "Brésil",
      "en": "Brazil",
      "es": "Brasil",
      "it": "Brasile",
      "pt": "Brasil",
      "de": "Brasilien",
      "nl": "Brazilië",
      "ar": "البَرَازِيل",
      "zh": "巴西",
      "ja": "ブラジル",
      "ko": "브라질",
      "ru": "Бразилия",
      "hi": "ब्रास़ील",
      "tr": "Brezilya",
      "pl": "Brazylia"
    }
  },
  "BR::sao-paulo": {
    "type": "large_city",
    "names": {
      "fr": "São Paulo",
      "en": "São Paulo",
      "es": "San Pablo",
      "it": "San Paolo",
      "pt": "São Paulo",
      "de": "São Paulo",
      "nl": "São Paulo",
      "ar": "ساو باولو",
      "zh": "圣保罗",
      "ja": "サンパウロ",
      "ko": "상파울루",
      "ru": "Сан-Паулу",
      "hi": "साओ पाउलो",
      "tr": "Sao Paulo",
      "pl": "São Paulo"
    }
  },
  "BR::recife": {
    "type": "medium_city",
    "names": {
      "fr": "Recife",
      "en": "Recife",
      "it": "Recife",
      "pt": "Recife",
      "de": "Recife",
      "nl": "Recife",
      "ar": "ريسيفي",
      "zh": "累西腓",
      "ja": "レシフェ",
      "ko": "헤시피",
      "ru": "Ресифи",
      "tr": "Recife",
      "pl": "Recife",
      "es": "Recife",
      "hi": "रिसीफ़ी"
    }
  },
  "BR::paraty-centro-historico": {
    "type": "large_city",
    "names": {
      "en": "Old Town",
      "pt": "Centro Histórico"
    }
  },
  "BR::aracaju": {
    "type": "small_city",
    "names": {
      "en": "Aracaju",
      "pt": "Aracaju",
      "de": "Aracaju",
      "ar": "أراكاجو",
      "zh": "阿拉卡茹",
      "ja": "アラカジュ",
      "ko": "아라카주",
      "ru": "Аракажу",
      "pl": "Aracaju",
      "fr": "Aracaju",
      "es": "Aracaju",
      "it": "Aracaju",
      "nl": "Aracaju",
      "hi": "आराकाजु",
      "tr": "Aracaju"
    }
  },
  "BR::salvador": {
    "type": "small_city",
    "names": {
      "es": "Salvador de Bahía",
      "pt": "Salvador",
      "de": "Salvador",
      "ar": "سالفادور",
      "zh": "萨尔瓦多",
      "ja": "サルヴァドール",
      "ko": "사우바도르",
      "ru": "Салвадор",
      "fr": "Salvador",
      "en": "Salvador",
      "it": "Salvador",
      "nl": "Salvador da Bahia",
      "hi": "साल्वाडोर",
      "tr": "Salvador",
      "pl": "Salvador"
    }
  },
  "BR::foz-do-iguacu": {
    "type": "medium_city",
    "names": {
      "es": "Foz de Iguazú",
      "pt": "Foz do Iguaçu",
      "ja": "フォス ド イグアス",
      "fr": "Foz do Iguaçu",
      "en": "Foz do Iguaçu",
      "it": "Foz do Iguaçu",
      "de": "Foz do Iguaçu",
      "nl": "Foz do Iguaçu",
      "ar": "فوز دو إيغواسو",
      "zh": "伊瓜苏",
      "ko": "포스두이구아수",
      "ru": "Фос-ду-Игуасу",
      "hi": "फोज डो इगुआसु",
      "tr": "Foz do Igacu",
      "pl": "Foz do Iguaçu"
    }
  },
  "BR::curitiba": {
    "type": "medium_city",
    "names": {
      "fr": "Curitiba",
      "en": "Curitiba",
      "it": "Curitiba",
      "pt": "Curitiba",
      "de": "Curitiba",
      "ar": "كوريتيبا",
      "zh": "库里蒂巴",
      "ja": "クリチバ",
      "ko": "쿠리치바",
      "ru": "Куритиба",
      "hi": "कुरितिबा",
      "pl": "Kurytyba",
      "es": "Curitiba",
      "nl": "Curitiba",
      "tr": "Curitiba"
    }
  },
  "BR::fortaleza": {
    "type": "medium_city",
    "names": {
      "fr": "Fortaleza",
      "en": "Fortaleza",
      "es": "Fortaleza",
      "pt": "Fortaleza",
      "de": "Fortaleza",
      "nl": "Fortaleza",
      "ar": "فورتاليزا",
      "zh": "福塔莱萨",
      "ja": "フォルタレザ",
      "ko": "포르탈레자",
      "ru": "Форталеза",
      "tr": "Fortaleza",
      "pl": "Fortaleza",
      "it": "Fortaleza",
      "hi": "फोर्टलेज़ा"
    }
  },
  "BR::paraty": {
    "type": "medium_city",
    "names": {
      "pt": "Paraty",
      "fr": "Paraty",
      "en": "Paraty",
      "es": "Parati",
      "it": "Parati",
      "de": "Paraty",
      "nl": "Paraty",
      "zh": "帕拉蒂",
      "ja": "パラチー",
      "ru": "Парати",
      "tr": "Paraty",
      "pl": "Paraty"
    }
  },
  "BR::florianopolis": {
    "type": "medium_city",
    "names": {
      "en": "Florianópolis",
      "pt": "Florianópolis",
      "de": "Florianópolis",
      "ar": "فلوريانوبوليس",
      "zh": "弗洛里亚诺波利斯",
      "ja": "フロリアノーポリス",
      "ko": "플로리아노폴리스",
      "ru": "Флорианополис",
      "pl": "Florianópolis",
      "fr": "Florianópolis",
      "es": "Florianópolis",
      "it": "Florianópolis",
      "nl": "Florianópolis",
      "hi": "फ्लोरिआनोपोलिस",
      "tr": "Florianópolis"
    }
  },
  "BR::petropolis": {
    "type": "small_city",
    "names": {
      "pt": "Petrópolis",
      "fr": "Petrópolis",
      "en": "Petrópolis",
      "es": "Petrópolis",
      "it": "Petrópolis",
      "de": "Petrópolis",
      "nl": "Petrópolis",
      "ar": "بتروبوليس",
      "zh": "彼得罗波利斯",
      "ja": "ペトロポリス",
      "ko": "페트로폴리스",
      "ru": "Петрополис",
      "hi": "पेट्रोपोलिस",
      "tr": "Petropolis",
      "pl": "Petrópolis"
    }
  },
  "BR::porto-seguro": {
    "type": "small_city",
    "names": {
      "pt": "Porto Seguro",
      "ru": "Порту-Сегуру",
      "fr": "Porto Seguro",
      "en": "Porto Seguro",
      "es": "Porto Seguro",
      "it": "Porto Seguro",
      "de": "Porto Seguro",
      "nl": "Porto Seguro",
      "ar": "بورتو سيجورو",
      "zh": "塞古鲁港",
      "ja": "ポルト・セグーロ",
      "ko": "포르투세구루",
      "hi": "पोर्टो सेगुरो",
      "tr": "Porto Seguro",
      "pl": "Porto Seguro"
    }
  },
  "BR::ilha-grande": {
    "type": "small_city",
    "names": {
      "_default": "Ilha Grande",
      "fr": "Ilha Grande",
      "en": "Ilha Grande",
      "es": "Ilha Grande",
      "it": "Ilha Grande",
      "pt": "Ilha Grande",
      "de": "Ilha Grande",
      "nl": "Ilha Grande",
      "zh": "大伊利亚",
      "ru": "Илья-Гранди",
      "tr": "Ilha Grande"
    }
  },
  "BR::ouro-preto": {
    "type": "small_city",
    "names": {
      "pt": "Ouro Preto",
      "fr": "Ouro Preto",
      "en": "Ouro Preto",
      "es": "Ouro Preto",
      "it": "Ouro Preto",
      "de": "Ouro Preto",
      "nl": "Ouro Preto",
      "ar": "أورو براتو",
      "zh": "欧鲁普雷图",
      "ja": "オウロ・プレット",
      "ko": "오루프레투",
      "ru": "Ору-Прету",
      "tr": "Ouro Preto",
      "pl": "Ouro Preto"
    }
  },
  "BR::natal": {
    "type": "small_city",
    "names": {
      "en": "Natal",
      "pt": "Natal",
      "de": "Natal",
      "ar": "ناتال",
      "zh": "纳塔尔",
      "ja": "ナタール",
      "ko": "나타우",
      "ru": "Натал",
      "pl": "Natal",
      "fr": "Natal",
      "es": "Natal",
      "it": "Natal",
      "nl": "Natal",
      "hi": "नेटाल",
      "tr": "Natal"
    }
  },
  "BR::teresopolis": {
    "type": "small_city",
    "names": {
      "_default": "Teresópolis",
      "fr": "Teresópolis",
      "en": "Teresópolis",
      "es": "Teresópolis",
      "it": "Teresópolis",
      "pt": "Teresópolis",
      "de": "Teresópolis",
      "nl": "Teresópolis",
      "ar": "ترسوبوليس",
      "zh": "特雷索波利斯",
      "ja": "テレゾーポリス",
      "ko": "테레조폴리스",
      "ru": "Терезополис",
      "tr": "Teresópolis",
      "pl": "Teresópolis"
    }
  },
  "BR::sao-luis": {
    "type": "small_city",
    "names": {
      "en": "São Luís",
      "es": "San Luis",
      "pt": "São Luís",
      "de": "São Luís",
      "ar": "ساو لويز",
      "zh": "圣路易斯",
      "ja": "サン・ルイス",
      "ko": "상루이스",
      "ru": "Сан-Луис",
      "pl": "São Luís",
      "fr": "São Luís",
      "it": "São Luís",
      "nl": "São Luís",
      "hi": "साओ लुइस",
      "tr": "São Luís"
    }
  },
  "BR::pato-branco": {
    "type": "small_city",
    "names": {
      "_default": "Pato Branco",
      "fr": "Pato Branco",
      "en": "Pato Branco",
      "es": "Pato Branco",
      "it": "Pato Branco",
      "pt": "Pato Branco",
      "de": "Pato Branco",
      "nl": "Pato Branco",
      "zh": "帕图布兰库",
      "ja": "パト・ブランコ",
      "ko": "파투브랑쿠",
      "ru": "Пату-Бранку",
      "tr": "Pato Branco",
      "pl": "Pato Branco"
    }
  },
  "BR::cuiaba": {
    "type": "small_city",
    "names": {
      "en": "Cuiabá",
      "pt": "Cuiabá",
      "de": "Cuiabá",
      "ar": "كويابا",
      "zh": "库亚巴",
      "ja": "クイアバ",
      "ko": "쿠이아바",
      "ru": "Куяба",
      "pl": "Cuiabá",
      "fr": "Cuiabá",
      "es": "Cuiabá",
      "it": "Cuiabá",
      "nl": "Cuiabá",
      "hi": "क्युएबा",
      "tr": "Cuiabá"
    }
  },
  "BR::fortim": {
    "type": "small_city",
    "names": {
      "_default": "Fortim",
      "fr": "Fortim",
      "en": "Fortim",
      "es": "Fortín",
      "it": "Fortim",
      "pt": "Fortim",
      "de": "Fortim",
      "nl": "Fortim",
      "zh": "福廷",
      "ru": "Фортин",
      "tr": "Fortim"
    }
  },
  "BR::porto-de-galinhas": {
    "type": "medium_city",
    "names": {
      "_default": "Porto de Galinhas",
      "fr": "Porto de Galinhas",
      "en": "Porto de Galinhas beach",
      "es": "Porto de Galinhas",
      "it": "Spiaggia di Porto de Galinhas",
      "pt": "Praia de Porto de Galinhas",
      "de": "Strand von Porto de Galinhas",
      "nl": "Porto de Galinhas",
      "zh": "伯南布哥伊波茹卡",
      "ja": "ポルト・デ・ガリーニャス"
    }
  },
  "BR::jericoacoara": {
    "type": "medium_city",
    "names": {
      "_default": "Jijoca de Jericoacoara",
      "fr": "Jericoacoara",
      "en": "Jijoca de Jericoacoara",
      "es": "Jijoca de Jericoacoara",
      "it": "Jijoca de Jericoacoara",
      "pt": "Jijoca de Jericoacoara",
      "de": "Jericoacoara",
      "nl": "Jijoca de Jericoacoara",
      "zh": "日若卡-迪热里科阿科阿拉",
      "ja": "ジジョーカ・デ・ジェリコアコアラ",
      "ru": "Жижока-ди-Жерикоакоара",
      "tr": "Jijoca de Jericoacoara"
    }
  },
  "BR::teresina": {
    "type": "small_city",
    "names": {
      "en": "Teresina",
      "pt": "Teresina",
      "de": "Teresina",
      "ar": "تيريسينا",
      "zh": "特雷西纳",
      "ja": "テレジーナ",
      "ko": "테레지나",
      "ru": "Терезина",
      "pl": "Teresina",
      "fr": "Teresina",
      "es": "Teresina",
      "it": "Teresina",
      "nl": "Teresina",
      "hi": "टेरेसीना",
      "tr": "Teresina"
    }
  },
  "BR::pipa": {
    "type": "small_city",
    "names": {
      "_default": "Pipa",
      "fr": "Pipa",
      "en": "Pipa",
      "es": "Pipa",
      "it": "Pipa",
      "pt": "Pipa",
      "de": "Pipa",
      "nl": "Pipa",
      "ar": "بيباء",
      "zh": "负子蟾属",
      "ja": "ピパ属",
      "ru": "Пипы",
      "pl": "Pipa"
    }
  },
  "BR::campo-grande": {
    "type": "small_city",
    "names": {
      "en": "Campo Grande",
      "pt": "Campo Grande",
      "de": "Campo Grande",
      "ar": "كامبو غراندي",
      "zh": "大坎普",
      "ja": "カンポ・グランデ",
      "ko": "캄푸그란지",
      "ru": "Кампу-Гранди",
      "pl": "Campo Grande",
      "fr": "Campo Grande",
      "es": "Campo Grande",
      "it": "Campo Grande",
      "nl": "Campo Grande",
      "hi": "कैंपो ग्रैंडे",
      "tr": "Campo Grande"
    }
  },
  "BR::chapada-dos-guimaraes-pousada-do-parque": {
    "type": "small_city",
    "names": {
      "_default": "Pousada do Parque"
    }
  },
  "BR::barra-do-garcas": {
    "type": "village",
    "names": {
      "_default": "Barra do Garças"
    }
  },
  "BR::ubajara": {
    "type": "small_city",
    "names": {
      "_default": "Ubajara"
    }
  },
  "BR::cunha": {
    "type": "village",
    "names": {
      "pt": "Cunha"
    }
  },
  "BR::dourados": {
    "type": "village",
    "names": {
      "pt": "Dourados",
      "ar": "دورادوس",
      "zh": "多拉杜斯",
      "ko": "도라도스",
      "ru": "Дорадус"
    }
  },
  "BR::atins": {
    "type": "small_city",
    "names": {
      "_default": "Atins"
    }
  },
  "BR::parnaiba": {
    "type": "village",
    "names": {
      "pt": "Parnaíba",
      "zh": "巴纳伊巴",
      "ru": "Парнаиба"
    }
  },
  "BR::sao-miguel-do-gostoso": {
    "type": "village",
    "names": {
      "_default": "São Miguel do Gostoso"
    }
  },
  "BR::tutoia": {
    "type": "village",
    "names": {
      "_default": "Tutóia"
    }
  },
  "BR::barreiras": {
    "type": "village",
    "names": {
      "pt": "Barreiras",
      "ru": "Баррейрас"
    }
  },
  "BR::cristalino-lodge": {
    "type": "village",
    "names": {
      "_default": "Cristalino Jungle Lodge"
    }
  },
  "BR::moitas-amontada": {
    "type": "village",
    "names": {
      "_default": "Moitas"
    }
  },
  "BR::galinhos": {
    "type": "village",
    "names": {
      "_default": "Galinhos"
    }
  },
  "BR::vicosa-do-ceara": {
    "type": "village",
    "names": {
      "_default": "Viçosa do Ceará"
    }
  },
  "BR::bom-jesus-pi": {
    "type": "village",
    "names": {
      "_default": "Bom Jesus"
    }
  },
  "BR::nobres-bom-jardim": {
    "type": "small_city",
    "names": {
      "pt": "Bom Jardim"
    }
  }
}