{
  "LA::luang-prabang-city": {
    "type": "large_city",
    "names": {
      "fr": "Luang Prabang",
      "en": "Luang Prabang",
      "es": "Luang Prabang",
      "de": "Luang Prabang",
      "zh": "琅勃拉邦",
      "ja": "ルアンパバーン",
      "ko": "루앙프라방",
      "ru": "Луангпхабанг",
      "it": "Luang Prabang",
      "pt": "Luang Prabang",
      "nl": "Luang Prabang",
      "ar": "لوانغ برابانغ",
      "hi": "लुआंग प्राबांग",
      "tr": "Luang Prabang",
      "pl": "Louangphrabang"
    }
  },
  "LA::vientiane-city": {
    "type": "large_city",
    "names": {
      "fr": "Vientiane",
      "en": "Vientiane Capital",
      "es": "Vientián",
      "it": "Vientiane",
      "pt": "Vienciana",
      "de": "Vientiane",
      "nl": "Vientiane",
      "ar": "فيينتيان",
      "zh": "万象;永珍",
      "ja": "ヴィエンチャン",
      "ko": "비엔티안",
      "ru": "Вьентьян",
      "hi": "व्यिंचन",
      "tr": "Vientiane",
      "pl": "Wientian"
    }
  },
  "LA::pakse": {
    "type": "large_city",
    "names": {
      "fr": "Pakse",
      "en": "Pakse",
      "zh": "巴色/百細",
      "ja": "パークセー",
      "ru": "Паксе",
      "es": "Pāksē",
      "it": "Pāksē",
      "pt": "Pakxe",
      "de": "Pakse",
      "nl": "Pakse",
      "ar": "باكسي",
      "ko": "빡세",
      "hi": "पाक्से",
      "tr": "Pakse",
      "pl": "Pakxe"
    }
  },
  "LA::phonsavan": {
    "type": "large_city",
    "names": {
      "en": "Phonsavan",
      "fr": "Phônsavan",
      "es": "Phōnsavan",
      "it": "Phonsavan",
      "pt": "Phonsavan",
      "de": "Phonsavan",
      "nl": "Phonsavan",
      "ar": "فونسافان",
      "zh": "豐沙灣",
      "ja": "ポーンサワン郡",
      "ko": "폰사반",
      "ru": "Пхонсаван",
      "hi": "फोनसावन",
      "tr": "Phonsavan",
      "pl": "Phonsavan"
    }
  },
  "LA::don-det": {
    "type": "large_city",
    "names": {
      "ko": "돈뎃",
      "fr": "Don Det",
      "en": "Don Det",
      "de": "Don Det",
      "nl": "Don Det",
      "zh": "東德島",
      "ja": "デット島"
    }
  },
  "LA::luang-prabang": {
    "type": "small_city",
    "names": {
      "fr": "Luang Prabang",
      "en": "Luang Prabang",
      "es": "Luang Prabang",
      "de": "Luang Prabang",
      "zh": "琅勃拉邦",
      "ja": "ルアンパバーン",
      "ko": "루앙프라방",
      "ru": "Луангпхабанг",
      "it": "Luang Prabang",
      "pt": "Luang Prabang",
      "nl": "Luang Prabang",
      "ar": "لوانغ برابانغ",
      "hi": "लुआंग प्राबांग",
      "tr": "Luang Prabang",
      "pl": "Louangphrabang"
    }
  },
  "LA::vientiane": {
    "type": "medium_city",
    "names": {
      "fr": "Vientiane",
      "en": "Vientiane Capital",
      "es": "Vientián",
      "it": "Vientiane",
      "pt": "Vienciana",
      "de": "Vientiane",
      "nl": "Vientiane",
      "ar": "فيينتيان",
      "zh": "万象;永珍",
      "ja": "ヴィエンチャン",
      "ko": "비엔티안",
      "ru": "Вьентьян",
      "hi": "व्यिंचन",
      "tr": "Vientiane",
      "pl": "Wientian"
    }
  },
  "LA::vang-vieng-city": {
    "type": "large_city",
    "names": {
      "en": "Vang Vieng",
      "zh": "万荣",
      "ko": "방비엥 기차역",
      "fr": "Vang Vieng",
      "it": "stazione ferroviaria di Vangvīang",
      "de": "Vang Vieng railway station",
      "ja": "ヴァンヴィエン駅"
    }
  },
  "LA::nong-khiaw": {
    "type": "large_city",
    "names": {
      "en": "Nongkhiao-Tai",
      "es": "Nong Khiaw",
      "fr": "Nong Khiaw",
      "de": "Nong Khiaw",
      "nl": "Nong Kiau",
      "ja": "ノーンキャウ"
    }
  },
  "LA::champassak-town": {
    "type": "small_city",
    "names": {
      "fr": "Province de Champasak",
      "en": "Champasak Province",
      "es": "Provincia de Champasak",
      "it": "Provincia di Champasak",
      "pt": "Champassak",
      "de": "Provinz Champasak",
      "nl": "Champassak",
      "ar": "محافظة تشامباساك",
      "zh": "占巴塞省",
      "ja": "チャンパーサック",
      "ko": "참파사크주",
      "ru": "Тямпасак",
      "hi": "चम्पासक प्रान्त",
      "tr": "Çampasak Bölgesi",
      "pl": "Prowincja Champasak"
    }
  },
  "LA::don-khong": {
    "type": "small_city",
    "names": {
      "en": "Don Khong",
      "fr": "île de Khong",
      "es": "Isla Khong",
      "pt": "Don Khong",
      "de": "Don Khong",
      "nl": "Khong Island",
      "ar": "دون خونغ(جزيرة)",
      "zh": "东孔岛",
      "ja": "コーン島"
    }
  },
  "LA::long-lao-mai": {
    "type": "small_city",
    "names": {
      "_default": "L M P Fuel Station"
    }
  },
  "LA::vang-vieng": {
    "type": "medium_city",
    "names": {
      "en": "Vang Vieng",
      "zh": "万荣",
      "ko": "방비엥 기차역",
      "fr": "Vang Vieng",
      "it": "stazione ferroviaria di Vangvīang",
      "de": "Vang Vieng railway station",
      "ja": "ヴァンヴィエン駅"
    }
  },
  "LA::thakhek": {
    "type": "small_city",
    "names": {
      "fr": "Thakhek",
      "en": "Thakhek",
      "zh": "他曲",
      "ja": "ターケーク",
      "ru": "Тхакхэк",
      "es": "Thākhǣk",
      "it": "Thākhǣk",
      "pt": "Thakhek",
      "de": "Thakhek",
      "nl": "Thakhek",
      "ar": "ثاكيك",
      "ko": "타켁",
      "hi": "थाखैक",
      "tr": "Thakhek",
      "pl": "Thakhek"
    }
  },
  "LA::muang-ngoi": {
    "type": "small_city",
    "names": {
      "fr": "Tickets pour Muang Ngoi et Nong Khiaw",
      "en": "Muang Ngoi Neua",
      "zh": "孟威"
    }
  },
  "LA::salavan": {
    "type": "small_city",
    "names": {
      "fr": "Province de Salavan",
      "en": "Salavan Province",
      "es": "Provincia de Salavan",
      "it": "Provincia di Salavan",
      "pt": "Saravane",
      "de": "Provinz Salavan",
      "nl": "Salavan",
      "ar": "سالافان",
      "zh": "沙拉湾省",
      "ja": "サーラワン",
      "ko": "살라완 주",
      "ru": "Сараван",
      "hi": "सलावान प्रान्त",
      "pl": "Prowincja Saravane",
      "tr": "Salavan Province"
    }
  },
  "LA::paksong": {
    "type": "small_city",
    "names": {
      "en": "Paksong District",
      "it": "Distretto di Paksong",
      "pt": "Paksong",
      "nl": "Paksong",
      "fr": "Paksong",
      "es": "Paksong",
      "zh": "巴衝區",
      "ja": "パークソーン郡"
    }
  },
  "LA::attapeu": {
    "type": "small_city",
    "names": {
      "fr": "Province d’Attapu",
      "en": "Attapeu",
      "es": "Provincia de Attapeu",
      "it": "Provincia di Attapeu",
      "pt": "Attapeu",
      "de": "Provinz Attapeu",
      "nl": "Attapeu",
      "ar": "محافظة أتابيو",
      "zh": "阿速坡省",
      "ja": "アッタプー",
      "ko": "앗타푸주",
      "ru": "Аттапы",
      "hi": "अत्ताप्यु प्रान्त",
      "tr": "Attapeu",
      "pl": "Prowincja Attapu"
    }
  },
  "LA::pakbeng": {
    "type": "village",
    "names": {
      "en": "Pak Beng District",
      "it": "Distretto di Pak Beng",
      "fr": "Pakbeng",
      "es": "Pakbeng",
      "zh": "巴本县",
      "ja": "パークベン郡"
    }
  },
  "LA::kong-lor": {
    "type": "small_city",
    "names": {
      "_default": "Kong Lor"
    }
  },
  "LA::houayxay": {
    "type": "village",
    "names": {
      "en": "Houaixai District",
      "it": "Distretto di Houay Xay",
      "pl": "Houixai"
    }
  },
  "LA::thalang": {
    "type": "small_city",
    "names": {
      "_default": "Thalang"
    }
  },
  "LA::ban-na-village": {
    "type": "small_city",
    "names": {
      "en": "Ban Na"
    }
  },
  "LA::ta-oy": {
    "type": "village",
    "names": {
      "_default": "Ta Oy"
    }
  },
  "LA::nong-het": {
    "type": "village",
    "names": {
      "en": "Nong Het District",
      "it": "Distretto di Nong Het"
    }
  },
  "LA::vieng-phoukha": {
    "type": "village",
    "names": {
      "en": "Vieng Phouka"
    }
  },
  "LA::hongsa": {
    "type": "village",
    "names": {
      "en": "Hongsa District"
    }
  },
  "LA::sekong": {
    "type": "village",
    "names": {
      "fr": "Province de Xékong",
      "en": "Sekong Province",
      "es": "Provincia de Sekong",
      "it": "Provincia di Xekong",
      "pt": "Sekong",
      "de": "Provinz Sekong",
      "nl": "Sekong",
      "ar": "محافظة سيكونغ",
      "zh": "塞公省",
      "ja": "セーコーン",
      "ko": "세콩 주",
      "ru": "Секонг",
      "hi": "सेकोंग प्रान्त",
      "pl": "Prowincja Xékong"
    }
  },
  "LA::muang-khua": {
    "type": "village",
    "names": {
      "en": "Khoua District",
      "it": "Distretto di Khoua"
    }
  },
  "LA::nam-mat": {
    "type": "village",
    "names": {
      "_default": "Nam Mat"
    }
  },
  "LA::luang-namtha": {
    "type": "small_city",
    "names": {
      "fr": "Province de Louangnamtha",
      "en": "Luang Namtha",
      "es": "Provincia de Luang Namtha",
      "it": "Provincia di Luang Namtha",
      "pt": "Luang Namtha",
      "de": "Provinz Luang Namtha",
      "nl": "Luang Namtha",
      "ar": "محافظة لوانغ نامثا",
      "zh": "琅南塔省",
      "ja": "ルアンナムター",
      "ko": "루앙남타주",
      "ru": "Луангнамтха",
      "hi": "लुअंग नम्था प्रान्त",
      "pl": "Prowincja Louang Namtha"
    }
  },
  "LA::phongsaly": {
    "type": "small_city",
    "names": {
      "fr": "Province de Phôngsali",
      "en": "Phongsaly",
      "es": "Provincia de Phongsali",
      "it": "Provincia di Phongsali",
      "pt": "Phongsali",
      "de": "Provinz Phongsali",
      "nl": "Phongsali",
      "ar": "محافظة فونغ سالي",
      "zh": "丰沙里省",
      "ja": "ポンサーリー",
      "ko": "퐁살리주",
      "ru": "Пхонгсали",
      "hi": "फोंगसाली प्रान्त",
      "pl": "Prowincja Phôngsali"
    }
  },
  "LA::sam-neua": {
    "type": "small_city",
    "names": {
      "fr": "Sam Neua",
      "en": "Xam Neua",
      "ja": "サムヌア",
      "ko": "쌈누아",
      "ru": "Самныа"
    }
  },
  "LA::savannakhet": {
    "type": "small_city",
    "names": {
      "fr": "Province de Savannakhét",
      "en": "Savannakhet Province",
      "es": "Provincia de Savannakhet",
      "it": "Provincia di Savannakhet",
      "pt": "Savannakhet",
      "de": "Provinz Savannakhet",
      "nl": "Savannakhet",
      "ar": "محافظة سافاناكيت",
      "zh": "沙湾拿吉省",
      "ja": "サワンナケート",
      "ko": "사반나케트 주",
      "ru": "Саваннакхет",
      "hi": "सवन्नाखेत प्रान्त",
      "tr": "Savannakhet Bölgesi",
      "pl": "Prowincja Savannakhét"
    }
  }
}