{
  "RW::kigali": {
    "type": "small_city",
    "names": {
      "fr": "Kigali",
      "en": "Kigali City",
      "es": "Kigali",
      "it": "Kigali",
      "pt": "Quigali",
      "de": "Kigali",
      "nl": "Kigali",
      "ar": "كيغالي",
      "zh": "吉佳利",
      "ja": "キガリ",
      "ko": "키갈리",
      "ru": "Кигали",
      "hi": "किगाली",
      "tr": "Kigali",
      "pl": "Kigali"
    }
  },
  "RW::volcanoes-np-kinigi": {
    "type": "small_city",
    "names": {
      "_default": "Volcanoes National Park Headquarters"
    }
  },
  "RW::nyungwe-np": {
    "type": "village",
    "names": {
      "fr": "Parc National de Nyungwe"
    }
  }
}