{
  "NI::granada": {
    "type": "medium_city",
    "names": {
      "es": "Granada",
      "fr": "Granada",
      "en": "Granada",
      "it": "Granada",
      "pt": "Granada",
      "de": "Granada",
      "nl": "Granada",
      "ar": "غراندا",
      "zh": "格拉纳达",
      "ja": "グラナダ",
      "ko": "그라나다",
      "ru": "Гранада",
      "hi": "ग्रेनाडा",
      "tr": "Granada",
      "pl": "Granada"
    }
  },
  "NI::managua": {
    "type": "large_city",
    "names": {
      "fr": "Managua",
      "en": "Managua",
      "es": "Managua",
      "pt": "Manágua",
      "de": "Managua",
      "nl": "Managua",
      "ar": "ماناغوا",
      "zh": "馬那瓜",
      "ja": "マナグア",
      "ko": "마나과",
      "ru": "Манагуа",
      "hi": "मनागुआ",
      "pl": "Managua",
      "it": "Managua",
      "tr": "Managua"
    }
  },
  "NI::leon": {
    "type": "large_city",
    "names": {
      "es": "León",
      "fr": "León",
      "en": "León",
      "it": "León",
      "pt": "León",
      "de": "León",
      "nl": "León",
      "ar": "ليون، نيكاراغوا",
      "zh": "莱昂",
      "ja": "レオン",
      "ko": "레온",
      "ru": "Леон",
      "hi": "लियोन",
      "tr": "Leon",
      "pl": "León"
    }
  },
  "NI::ometepe": {
    "type": "large_city",
    "names": {
      "en": "Ometepe Island",
      "es": "Isla de Ometepe",
      "fr": "Ometepe",
      "it": "Ometepe",
      "pt": "Ometepe",
      "de": "Ometepe",
      "nl": "Ometepe",
      "ar": "أوميتيبي",
      "zh": "奧梅特佩",
      "ja": "オメテペ",
      "ko": "오메테페",
      "ru": "Ометепе",
      "tr": "Ometepe",
      "pl": "Ometepe"
    }
  },
  "NI::jinotega": {
    "type": "large_city",
    "names": {
      "es": "Jinotega",
      "ja": "ヒノテガ県",
      "fr": "département de Estelí",
      "en": "Jinotega Department",
      "it": "dipartimento di Jinotega",
      "pt": "Jinotega",
      "de": "Departamento Jinotega",
      "nl": "Jinotega",
      "ar": "جينوتيغا",
      "zh": "希諾特加省",
      "ko": "히노테가주",
      "ru": "Хинотега",
      "hi": "जिनोटेगा",
      "tr": "Jinotega",
      "pl": "Jinotega"
    }
  },
  "NI::laguna-tiscapa": {
    "type": "medium_city",
    "names": {
      "es": "Sector Laguna de Tiscapa"
    }
  },
  "NI::san-juan-oriente": {
    "type": "medium_city",
    "names": {
      "es": "San Juan de Oriente",
      "fr": "San Juan de Oriente",
      "en": "San Juan de Oriente",
      "it": "San Juan de Oriente",
      "pt": "San Juan de Oriente",
      "de": "San Juan de Oriente",
      "nl": "San Juan de Oriente",
      "zh": "聖胡安德奧連特",
      "ja": "サン・フアン・デ・オリエンテ",
      "ru": "Сан-Хуан-де-Орьенте"
    }
  },
  "NI::masaya": {
    "type": "large_city",
    "names": {
      "en": "Masaya",
      "es": "Masaya",
      "ru": "Масая",
      "fr": "Masaya",
      "it": "Masaya",
      "pt": "Masaya",
      "de": "Masaya",
      "nl": "Masaya",
      "ar": "مسايا، نيكاراغوا",
      "zh": "馬薩亞",
      "ja": "マサヤ",
      "ko": "마사야",
      "hi": "मसाया",
      "tr": "Masaya",
      "pl": "Masaya"
    }
  },
  "NI::laguna-asososca": {
    "type": "medium_city",
    "names": {
      "es": "Laguna Asososca",
      "fr": "lac d'Asososca",
      "en": "Laguna de Asososca",
      "de": "Laguna de Asososca",
      "nl": "Laguna de Asososca"
    }
  },
  "NI::bluefields": {
    "type": "large_city",
    "names": {
      "es": "Bluefields",
      "fr": "Bluefields",
      "en": "Bluefields",
      "it": "Bluefields",
      "pt": "Bluefields",
      "de": "Bluefields",
      "nl": "Bluefields",
      "ar": "بلوفيلدز، نيكاراغوا",
      "zh": "布盧菲爾茲",
      "ja": "ブルーフィールズ",
      "ko": "블루필즈",
      "ru": "Блуфилдс",
      "hi": "ब्लूफ़ील्ड्स",
      "tr": "Bluefields",
      "pl": "Bluefields"
    }
  },
  "NI::matagalpa": {
    "type": "large_city",
    "names": {
      "es": "Matagalpa",
      "ja": "マタガルパ県",
      "fr": "Département de Matagalpa",
      "en": "Matagalpa Department",
      "it": "Dipartimento di Matagalpa",
      "pt": "Departamento de Matagalpa",
      "de": "Departement Matagalpa",
      "nl": "Departement Matagalpa",
      "ar": "إدارة ماتاغالبا",
      "zh": "馬塔加爾帕省",
      "ko": "마타갈파주",
      "ru": "Департамент Матагальпа",
      "hi": "मातागाल्पा विभाग",
      "tr": "Matagalpa Departmanı",
      "pl": "Departament Matagalpa"
    }
  },
  "NI::esteli": {
    "type": "large_city",
    "names": {
      "es": "Estelí",
      "fr": "Estelí",
      "en": "Estelí",
      "it": "Estelí",
      "pt": "Estelí",
      "de": "Estelí",
      "nl": "Estelí",
      "ar": "إستيلي",
      "zh": "埃斯特利",
      "ja": "エステリ",
      "ko": "에스텔리",
      "ru": "Эстели",
      "hi": "एस्टेली",
      "tr": "Estelí",
      "pl": "Estelí"
    }
  },
  "NI::laguna-xiloá": {
    "type": "medium_city",
    "names": {
      "es": "Laguna de Xiloá",
      "fr": "Laguna de Xiloá",
      "en": "Laguna de Xiloá",
      "de": "Laguna de Xiloá",
      "nl": "Laguna de Xiloá"
    }
  },
  "NI::poneloya": {
    "type": "large_city",
    "names": {
      "_default": "Poneloya",
      "en": "Poneloya",
      "es": "Poneloya",
      "de": "Poneloya",
      "nl": "Poneloya, Nicaragua"
    }
  },
  "NI::corn-island": {
    "type": "small_city",
    "names": {
      "es": "Corn Island",
      "fr": "îles du Maïs",
      "en": "Corn Islands",
      "it": "Corn Island",
      "pt": "Ilhas do Milho",
      "de": "Corn Islands",
      "nl": "Corn Islands",
      "zh": "马伊斯群岛",
      "ja": "コーン諸島",
      "ko": "콘 제도",
      "ru": "Маис (острова)",
      "tr": "Mısır Adaları",
      "pl": "Corn Islands"
    }
  },
  "NI::san-juan-sur": {
    "type": "small_city",
    "names": {
      "_default": "San Juan"
    }
  },
  "NI::charco-verde": {
    "type": "small_city",
    "names": {
      "en": "Green Lagoon",
      "es": "Laguna Charco Verde",
      "it": "Charco de los Clicos",
      "de": "Charco Verde"
    }
  },
  "NI::little-corn": {
    "type": "small_city",
    "names": {
      "es": "Little Corn Island",
      "de": "Kleine Maisinsel",
      "fr": "Little Corn Island",
      "en": "Little Corn Island",
      "nl": "Little Corn Island"
    }
  },
  "NI::somoto": {
    "type": "medium_city",
    "names": {
      "es": "Somoto",
      "fr": "Somoto",
      "en": "Somoto",
      "it": "Somoto",
      "pt": "Somoto",
      "de": "Somoto",
      "nl": "Somoto",
      "ar": "سوموتو، نيكاراغوا",
      "zh": "索莫托",
      "ja": "ソモト",
      "ko": "소모토",
      "ru": "Сомото",
      "hi": "सोमोटो",
      "tr": "Somoto",
      "pl": "Somoto"
    }
  },
  "NI::selva-negra": {
    "type": "small_city",
    "names": {
      "_default": "Selva Negra",
      "fr": "Selva Negra",
      "en": "Selva Negra",
      "pt": "Selva Negra",
      "nl": "Selva Negra"
    }
  },
  "NI::quilali": {
    "type": "small_city",
    "names": {
      "es": "Quilalí",
      "fr": "Quilalí",
      "en": "Quilalí",
      "it": "Quilalí",
      "pt": "Quilalí",
      "de": "Quilalí",
      "nl": "Quilalí",
      "zh": "基拉利",
      "ja": "キラリ",
      "ru": "Килали",
      "pl": "Quilalí"
    }
  },
  "NI::rio-san-juan": {
    "type": "small_city",
    "names": {
      "es": "Río San Juan",
      "ja": "リオ・サン・フアン県",
      "fr": "Département du Río San Juan",
      "en": "Río San Juan Department",
      "it": "Dipartimento di Río San Juan",
      "pt": "Departamento de Rio São João",
      "de": "Departamento Río San Juan",
      "nl": "Río San Juan (departement)",
      "ar": "إدارة ريو سان خوان",
      "zh": "聖胡安河省",
      "ko": "리오산후안주",
      "ru": "Рио-Сан-Хуан (департамент)",
      "hi": "रिओ सैन जुआन विभाग",
      "tr": "Rio San Juan Departmanı",
      "pl": "Departament Río San Juan"
    }
  },
  "NI::merida": {
    "type": "small_city",
    "names": {
      "_default": "Mérida",
      "fr": "Mérida",
      "en": "Mérida",
      "es": "Mérida",
      "de": "Mérida"
    }
  },
  "NI::chinandega": {
    "type": "small_city",
    "names": {
      "es": "Chinandega",
      "ja": "チナンデガ県",
      "fr": "département de Chinandega",
      "en": "Chinandega Department",
      "it": "dipartimento di Chinandega",
      "pt": "Departamento de Chinandega",
      "de": "Departamento Chinandega",
      "nl": "departement Chinandega",
      "ar": "إدارة تشينانديغا",
      "zh": "奇南德加省",
      "ko": "치난데가주",
      "ru": "Департамент Чинандега",
      "hi": "चिनानडेगा विभाग",
      "tr": "Chinandega Departmanı",
      "pl": "Departament Chinandega"
    }
  },
  "NI::ocotal": {
    "type": "small_city",
    "names": {
      "es": "Ocotal",
      "fr": "Ocotal",
      "en": "Ocotal",
      "de": "Ocotal",
      "nl": "Ocotal",
      "ru": "Окоталь"
    }
  },
  "NI::san-rafael-norte": {
    "type": "small_city",
    "names": {
      "_default": "San Rafael"
    }
  },
  "NI::rivas": {
    "type": "small_city",
    "names": {
      "es": "Rivas",
      "ja": "リバス県",
      "fr": "département de Rivas",
      "en": "Rivas Department",
      "it": "dipartimento di Rivas",
      "pt": "Departamento de Rivas",
      "de": "Departamento Rivas",
      "nl": "Rivas departement",
      "ar": "إدارة ريفاز",
      "zh": "里瓦斯省",
      "ko": "리바스주",
      "ru": "департамент Ривас",
      "tr": "Rivas (il)",
      "pl": "Rivas departament"
    }
  },
  "NI::san-juan-sur-sur": {
    "type": "small_city",
    "names": {
      "_default": "San Juan"
    }
  },
  "NI::wiwili": {
    "type": "small_city",
    "names": {
      "es": "Wiwilí de Jinotega",
      "fr": "Wiwilí de Jinotega",
      "en": "Wiwilí de Jinotega",
      "it": "Wiwilí de Jinotega",
      "pt": "Wiwilí de Jinotega",
      "de": "Wiwilí de Jinotega",
      "nl": "Wiwilí de Jinotega",
      "ar": "ولولي دي خينوتيغا",
      "zh": "維維利",
      "ja": "ウイウイリ・デ・ヒノテガ",
      "ko": "위윌리 데 히노테가",
      "ru": "Вивили-де-Хинотега",
      "hi": "विविली दे हिनोटेगा",
      "tr": "Wiwilí de Jinotega",
      "pl": "Wiwilí de Jinotega"
    }
  },
  "NI::el-cua": {
    "type": "small_city",
    "names": {
      "es": "El Cuá",
      "fr": "El Cuá",
      "en": "El Cuá",
      "it": "El Cuá",
      "pt": "El Cuá",
      "de": "El Cuá",
      "nl": "El Cuá",
      "ar": "إل كوا",
      "zh": "埃爾庫阿",
      "ja": "エル・クア",
      "ko": "엘 쿠아",
      "ru": "Эль-Куа",
      "hi": "एल कुआ",
      "tr": "El Cuá",
      "pl": "El Cuá"
    }
  },
  "NI::waspam": {
    "type": "village",
    "names": {
      "en": "Waspam",
      "es": "Waspán",
      "fr": "Waspán",
      "it": "Waspán",
      "pt": "Waspán",
      "de": "Waspán",
      "nl": "Waspam",
      "zh": "瓦斯潘",
      "ja": "ワスパン",
      "ru": "Уаспан"
    }
  },
  "NI::bilwi": {
    "type": "small_city",
    "names": {
      "es": "Bilwi"
    }
  },
  "NI::jiquilillo": {
    "type": "small_city",
    "names": {
      "es": "Jiquilillo"
    }
  },
  "NI::ciudad-dario": {
    "type": "small_city",
    "names": {
      "es": "Ciudad Darío"
    }
  },
  "NI::pearl-lagoon": {
    "type": "village",
    "names": {
      "en": "Pearl Lagoon",
      "es": "Laguna de Perlas"
    }
  }
}