{
  "VN::hanoi": {
    "type": "large_city",
    "names": {
      "fr": "Hanoï",
      "en": "Hà Nội",
      "es": "Hanói",
      "it": "Hanoi",
      "pt": "Hanói",
      "de": "Hanoi",
      "nl": "Hanoi",
      "ar": "هانوي",
      "zh": "河内市",
      "ja": "ハノイ",
      "ko": "하노이",
      "ru": "Ханой",
      "hi": "हनोई",
      "pl": "Hanoi",
      "tr": "Hanoi"
    }
  },
  "VN::ho-chi-minh-city": {
    "type": "large_city",
    "names": {
      "fr": "Hô Chi Minh-Ville",
      "en": "Ho Chi Minh City",
      "es": "Ciudad Ho Chi Minh",
      "it": "Città di Ho Chi Minh",
      "pt": "Cidade de Ho Chi Minh",
      "de": "Ho-Chi-Minh-Stadt",
      "nl": "Ho Chi Minhstad",
      "ar": "مدينة هو تشي منه",
      "zh": "胡志明市",
      "ja": "ホーチミン市",
      "ko": "호치민시",
      "ru": "Хошимин",
      "hi": "हो ची मिन्ह शहर",
      "tr": "Ho Chi Minh Kenti",
      "pl": "Ho Chi Minh"
    }
  },
  "VN::hoi-an": {
    "type": "large_city",
    "names": {
      "en": "Hội An Ward",
      "pt": "Hoi An",
      "de": "Hoi An",
      "nl": "Hội An",
      "ar": "هوي أن",
      "zh": "會安市",
      "ja": "ホイアン",
      "ko": "호이안",
      "ru": "Хойан",
      "fr": "Hội An",
      "es": "Hội An",
      "it": "Hoi An",
      "hi": "होई अं",
      "tr": "Hoi An",
      "pl": "Hội An"
    }
  },
  "VN::hue": {
    "type": "large_city",
    "names": {
      "fr": "Hué",
      "en": "Huế",
      "es": "Hué",
      "de": "Hue",
      "zh": "順化",
      "ja": "フエ",
      "ko": "후에",
      "ru": "Хюэ",
      "it": "Huế (città di provincia)",
      "pt": "Huế",
      "nl": "Huế",
      "ar": "هوي",
      "hi": "हुए",
      "tr": "Hué",
      "pl": "Huế"
    }
  },
  "VN::ninh-binh": {
    "type": "medium_city",
    "names": {
      "en": "Ninh Binh",
      "zh": "寧平",
      "ja": "ニンビン",
      "fr": "Ninh Bình",
      "es": "estación Ninh Bình",
      "de": "Bahnhof Ninh Bình",
      "ko": "닌빈역"
    }
  },
  "VN::can-tho": {
    "type": "small_city",
    "names": {
      "en": "Cần Thơ",
      "pt": "Can Tho",
      "de": "Can Tho",
      "nl": "Cần Thơ",
      "ar": "كن تاه",
      "zh": "芹苴市",
      "ja": "カントー",
      "ko": "껀터",
      "ru": "Кантхо",
      "hi": "कान थौ",
      "fr": "Cần Thơ",
      "es": "Cần Thơ",
      "it": "Cần Thơ",
      "tr": "Cần Thơ",
      "pl": "Cần Thơ"
    }
  },
  "VN::halong-bay": {
    "type": "small_city",
    "names": {
      "fr": "Baie de Hạ Long",
      "en": "Hạ Long Bay",
      "es": "Bahía de Ha Long",
      "de": "Halong-Bucht",
      "zh": "下龙湾",
      "ja": "ハロン湾",
      "it": "baia di Ha Long",
      "pt": "Baía de Ha Long",
      "nl": "Hạ Longbaai",
      "ar": "خليج ها لونج",
      "ko": "하롱 만",
      "ru": "Бухта Халонг",
      "hi": "हालोंग की खाड़ी",
      "tr": "Ha Long Koyu",
      "pl": "Hạ Long"
    }
  },
  "VN::ben-tre": {
    "type": "village",
    "names": {
      "fr": "Province de Bến Tre",
      "en": "Bến Tre Province",
      "es": "Bến Tre",
      "it": "Provincia di Ben Tre",
      "pt": "Ben Tre",
      "de": "Provinz Bến Tre",
      "nl": "Bến Tre",
      "ar": "محافظة بن تشي",
      "zh": "檳椥省",
      "ja": "ベンチェ",
      "ko": "벤째성",
      "ru": "Бенче",
      "pl": "Prowincja Bến Tre",
      "hi": "बैन ट्रे",
      "tr": "Ben Tre"
    }
  },
  "VN::pu-luong": {
    "type": "village",
    "names": {
      "en": "Pù Luông Commune"
    }
  },
  "VN::da-nang": {
    "type": "large_city",
    "names": {
      "fr": "Da Nang",
      "en": "Đà Nẵng",
      "pt": "Da Nang",
      "nl": "Đà Nẵng",
      "ar": "دا نانغ",
      "zh": "岘港市",
      "ja": "ダナン",
      "ko": "다낭",
      "ru": "Дананг",
      "hi": "डै नैंग",
      "tr": "Da Nang"
    }
  },
  "VN::hanoi-end": {
    "type": "large_city",
    "names": {
      "en": "End of Back Entrance Path"
    }
  }
}