{
  "IN::delhi": {
    "type": "medium_city",
    "names": {
      "fr": "New Delhi",
      "en": "New Delhi",
      "es": "Nueva Delhi",
      "it": "Nuova Delhi",
      "pt": "Nova Deli",
      "de": "Neu-Delhi",
      "nl": "New Delhi",
      "ar": "دلهي الجديدة",
      "zh": "新德里",
      "ja": "ニューデリー",
      "ko": "뉴델리",
      "ru": "Нью-Дели",
      "hi": "नई दिल्ली",
      "tr": "Yeni Delhi",
      "pl": "Nowe Delhi"
    }
  },
  "IN::kochi": {
    "type": "large_city",
    "names": {
      "en": "Kochi",
      "es": "Cochín",
      "ar": "كوتشي",
      "zh": "科钦",
      "ja": "コーチ",
      "ko": "코치",
      "ru": "Коччи",
      "hi": "कोच्चि",
      "fr": "Cochin",
      "it": "Kochi",
      "pt": "Cochim",
      "de": "Kochi",
      "nl": "Kochi",
      "tr": "Koçin",
      "pl": "Koczin"
    }
  },
  "IN::fort-kochi": {
    "type": "large_city",
    "names": {
      "en": "Fort Kochi",
      "ar": "حصن كوتشي",
      "ru": "Форт Кочи",
      "hi": "फोर्ट कोच्चि",
      "es": "Fort Kochi",
      "de": "Fort Kochi",
      "nl": "Fort Kochi",
      "zh": "柯枝堡"
    }
  },
  "IN::munnar": {
    "type": "medium_city",
    "names": {
      "en": "Munnar",
      "ar": "مونار",
      "ru": "Муннар",
      "hi": "मुन्नार",
      "fr": "Munnar",
      "es": "Munnar",
      "it": "Munnar",
      "pt": "Munnar",
      "de": "Munnar",
      "nl": "Munnar",
      "zh": "慕那尔",
      "ja": "ムンナール"
    }
  },
  "IN::chennai": {
    "type": "small_city",
    "names": {
      "fr": "Chennai",
      "en": "Chennai",
      "de": "Chennai",
      "ar": "تشيناي",
      "zh": "金奈",
      "ja": "チェンナイ",
      "ko": "첸나이",
      "ru": "Ченнаи",
      "hi": "चेन्नई",
      "tr": "Madras",
      "pl": "Ćennaj",
      "es": "Chennai",
      "it": "Chennai",
      "pt": "Chennai",
      "nl": "Chennai"
    }
  },
  "IN::jaipur": {
    "type": "medium_city",
    "names": {
      "fr": "Jaipur",
      "en": "Jaipur",
      "de": "Jaipur",
      "ar": "جايبور",
      "zh": "斋浦尔",
      "ja": "ジャイプル",
      "ko": "자이푸르",
      "ru": "Джайпур",
      "hi": "जयपुर",
      "es": "Jaipur",
      "it": "Jaipur",
      "pt": "Jaipur",
      "nl": "Jaipur",
      "tr": "Jaipur",
      "pl": "Jaipur"
    }
  },
  "IN::cochin": {
    "type": "small_city",
    "names": {
      "en": "Kochi",
      "es": "Cochín",
      "ar": "كوتشي",
      "zh": "科钦",
      "ja": "コーチ",
      "ko": "코치",
      "ru": "Коччи",
      "hi": "कोच्चि",
      "fr": "Cochin",
      "it": "Kochi",
      "pt": "Cochim",
      "de": "Kochi",
      "nl": "Kochi",
      "tr": "Koçin",
      "pl": "Koczin"
    }
  },
  "IN::munroe-island": {
    "type": "small_city",
    "names": {
      "en": "Munroe Island",
      "es": "Isla Munroe",
      "nl": "Munroe Island",
      "hi": "मन्रो द्वीप"
    }
  },
  "IN::varkala": {
    "type": "medium_city",
    "names": {
      "ar": "وركلا",
      "ru": "Варкала",
      "hi": "वर्कला",
      "fr": "Varkala",
      "en": "Varkala",
      "es": "Varkala",
      "it": "Varkala",
      "de": "Varkala",
      "nl": "Varkala",
      "zh": "瓦尔卡拉"
    }
  },
  "IN::trivandrum": {
    "type": "small_city",
    "names": {
      "en": "Thiruvananthapuram",
      "pt": "Tiruvanantapura",
      "ar": "ثيروفانانثابورام",
      "zh": "特里凡得琅",
      "ja": "ティルヴァナンタプラム",
      "ko": "티루바난타푸람",
      "ru": "Тируванантапурам",
      "hi": "तिरुवनन्तपुरम",
      "tr": "Thiruvananthapuram",
      "fr": "Trivandrum",
      "es": "Thiruvananthapuram",
      "it": "Thiruvananthapuram",
      "de": "Thiruvananthapuram",
      "nl": "Trivandrum",
      "pl": "Thiruvananthapuram"
    }
  },
  "IN::anegundi": {
    "type": "large_city",
    "names": {
      "fr": "Anegundi",
      "en": "Anegundi",
      "nl": "Anegundi",
      "hi": "ऐनेगुंडी"
    }
  },
  "IN::alleppey": {
    "type": "medium_city",
    "names": {
      "fr": "district d'Alappuzha",
      "en": "Alappuzha district",
      "es": "Alappuzha",
      "it": "distretto di Alappuzha",
      "pt": "Distrito Alappuzha",
      "de": "Alappuzha",
      "nl": "Alappuzha",
      "ar": "منطقة الابوزها",
      "zh": "阿勒布热县",
      "ja": "アーラップーザ県",
      "ru": "Аллеппи",
      "hi": "आलप्पुषा जिला"
    }
  },
  "IN::agra": {
    "type": "medium_city",
    "names": {
      "en": "Agra",
      "pt": "Agra",
      "de": "Agra",
      "ar": "أغرة",
      "zh": "阿格拉",
      "ja": "アーグラ",
      "ko": "아그라",
      "ru": "Агра",
      "hi": "आगरा",
      "tr": "Agra"
    }
  },
  "IN::alappuzha": {
    "type": "medium_city",
    "names": {
      "ko": "알라푸자구",
      "fr": "district d'Alappuzha",
      "en": "Alappuzha district",
      "es": "Alappuzha",
      "it": "distretto di Alappuzha",
      "pt": "Distrito Alappuzha",
      "de": "Alappuzha",
      "nl": "Alappuzha",
      "ar": "منطقة الابوزها",
      "zh": "阿勒布热县",
      "ja": "アーラップーザ県",
      "ru": "Аллеппи",
      "hi": "आलप्पुषा जिला"
    }
  },
  "IN::udaipur": {
    "type": "medium_city",
    "names": {
      "ar": "اودايبور",
      "ja": "ウダイプル",
      "ru": "Удайпур",
      "hi": "उदयपुर",
      "fr": "Udaipur",
      "en": "Udaipur",
      "es": "Udaipur",
      "it": "Udaipur",
      "pt": "Udaipur",
      "de": "Udaipur",
      "nl": "Udaipur",
      "zh": "乌代布尔",
      "ko": "우다이푸르",
      "tr": "Udaipur",
      "pl": "Udajpur"
    }
  },
  "IN::puducherry": {
    "type": "medium_city",
    "names": {
      "fr": "Poudouchéry",
      "en": "Puducherry",
      "ar": "بودوتشيري",
      "zh": "本地治里中央直辖区",
      "ja": "ポンディシェリ",
      "ko": "푸두체리",
      "ru": "Пудуччери",
      "hi": "पुदुच्चेरी",
      "es": "Puducherry",
      "it": "Pondicherry",
      "pt": "Puducherry",
      "de": "Puducherry",
      "nl": "Puducherry",
      "tr": "Puduçeri",
      "pl": "Puducherry"
    }
  },
  "IN::coimbatore": {
    "type": "small_city",
    "names": {
      "en": "Coimbatore",
      "pt": "Coimbatore",
      "ar": "كويمباتور",
      "zh": "哥印拜陀",
      "ja": "コーヤンブットゥール",
      "ko": "코임바토르",
      "ru": "Коимбатур",
      "hi": "कोयंबतूर",
      "fr": "Coimbatore",
      "es": "Coimbatore",
      "it": "Coimbatore",
      "de": "Coimbatore",
      "nl": "Coimbatore",
      "tr": "Coimbatore",
      "pl": "Coimbatore"
    }
  },
  "IN::patnem-beach": {
    "type": "medium_city",
    "names": {
      "hi": "पत्नेम",
      "en": "Patnem Beach",
      "it": "Spiaggia di Patnem"
    }
  },
  "IN::jodhpur": {
    "type": "small_city",
    "names": {
      "en": "Jodhpur",
      "es": "Jodhpur",
      "pt": "Jodhpur",
      "de": "Jodhpur",
      "ar": "جودبور",
      "zh": "焦特布尔",
      "ja": "ジョードプル",
      "ko": "조드푸르",
      "ru": "Джодхпур",
      "hi": "जोधपुर",
      "fr": "Jodhpur",
      "it": "Jodhpur",
      "nl": "Jodhpur",
      "tr": "Jodhpur",
      "pl": "Dźodhpur"
    }
  },
  "IN::pondicherry": {
    "type": "small_city",
    "names": {
      "fr": "Poudouchéry",
      "en": "Puducherry",
      "ar": "بودوتشيري",
      "zh": "本地治里中央直辖区",
      "ja": "ポンディシェリ",
      "ko": "푸두체리",
      "ru": "Пудуччери",
      "hi": "पुदुच्चेरी",
      "es": "Puducherry",
      "it": "Pondicherry",
      "pt": "Puducherry",
      "de": "Puducherry",
      "nl": "Puducherry",
      "tr": "Puduçeri",
      "pl": "Puducherry"
    }
  },
  "IN::pushkar": {
    "type": "small_city",
    "names": {
      "en": "Pushkar",
      "ja": "プシュカル",
      "ru": "Пушкар",
      "hi": "पुष्कर",
      "fr": "Pushkar",
      "es": "Púshkar",
      "it": "Pushkar",
      "de": "Pushkar",
      "nl": "Pushkar",
      "ar": "بوشكار",
      "zh": "普斯赫卡尔",
      "pl": "Puszkar"
    }
  },
  "IN::kumily-thekkady": {
    "type": "medium_city",
    "names": {
      "en": "Thekkady"
    }
  },
  "IN::hampi": {
    "type": "small_city",
    "names": {
      "fr": "Hampi",
      "en": "Hampi",
      "ar": "هامبي",
      "zh": "亨比",
      "ru": "Хампи",
      "es": "Hampi",
      "it": "Hampi",
      "pt": "Conjunto Monumental de Hampi",
      "de": "Hampi",
      "nl": "Hampi",
      "ja": "ハンピ",
      "ko": "함피",
      "hi": "हम्पी",
      "tr": "Hampi",
      "pl": "Hampi"
    }
  },
  "IN::mahabalipuram": {
    "type": "small_city",
    "names": {
      "zh": "马马拉普拉姆",
      "ru": "Махабалипурам",
      "hi": "महाबलीपुरम",
      "fr": "Mahabalipuram",
      "en": "Mahabalipuram",
      "es": "Mahabalipuram",
      "it": "Mamallapuram",
      "de": "Mamallapuram",
      "nl": "Mahabalipuram",
      "ja": "マハーバリプラム",
      "ko": "마하발리푸람",
      "tr": "Mamallapuram",
      "pl": "Mahabalipuram"
    }
  },
  "IN::madurai": {
    "type": "medium_city",
    "names": {
      "en": "Madurai",
      "ar": "مدورئي",
      "zh": "马杜赖",
      "ja": "マドゥライ",
      "ko": "마두라이",
      "ru": "Мадурай",
      "hi": "मदुरई",
      "fr": "Madurai",
      "es": "Madurai",
      "it": "Madurai",
      "pt": "Madurai",
      "de": "Madurai",
      "nl": "Madurai",
      "tr": "Madurai",
      "pl": "Maduraj"
    }
  },
  "IN::mysore": {
    "type": "small_city",
    "names": {
      "fr": "Mysore",
      "en": "Mysuru",
      "ar": "ميسور",
      "zh": "迈索尔",
      "ja": "マイソール",
      "ko": "마이소르",
      "ru": "Майсур",
      "hi": "मैसुरु",
      "es": "Mysore",
      "it": "Mysore",
      "pt": "Mysore",
      "de": "Mysuru",
      "nl": "Mysore",
      "tr": "Maisur",
      "pl": "Mysore"
    }
  },
  "IN::kanyakumari": {
    "type": "small_city",
    "names": {
      "en": "Kanyakumari",
      "ar": "كنياكماري",
      "ru": "Каньякумари",
      "hi": "कन्याकुमारी",
      "fr": "Kânyâkumârî",
      "es": "Kanyakumari",
      "it": "Kanyakumari",
      "pt": "Kanyakumari",
      "de": "Kanyakumari",
      "nl": "Kanyakumari",
      "zh": "科摩林角",
      "ja": "カンニヤークマリ",
      "ko": "카니아쿠마리",
      "tr": "Kanyakumari",
      "pl": "Komoryn"
    }
  },
  "IN::thanjavur": {
    "type": "small_city",
    "names": {
      "fr": "district de Thanjavur",
      "en": "Thanjavur district",
      "es": "Thanjavur",
      "it": "distretto di Thanjavur",
      "de": "Thanjavur",
      "nl": "Thanjavur",
      "ar": "ضاحية ثانجافور",
      "zh": "坦贾武尔县",
      "ja": "タンジャーヴール県",
      "ru": "Танджавур",
      "hi": "तंजावुर जिला",
      "pl": "Thanjavur"
    }
  },
  "IN::chittorgarh": {
    "type": "small_city",
    "names": {
      "fr": "district de Chittorgarh",
      "en": "Chittorgarh district",
      "es": "Distrito de Chittorgarh",
      "it": "distretto di Chittorgarh",
      "de": "Chittorgarh",
      "nl": "Chittorgarh",
      "ar": "منطقة شيتورغاره",
      "zh": "吉多尔格尔县",
      "ja": "チッタウルガル県",
      "ru": "Читторгарх",
      "hi": "चित्तौड़गढ़ ज़िला"
    }
  },
  "IN::srirangam-trichy": {
    "type": "small_city",
    "names": {
      "fr": "Srirangam",
      "en": "Srirangam",
      "it": "Srirangam",
      "de": "Srirangam",
      "nl": "Srirangam",
      "zh": "斯里蘭格姆",
      "ja": "シュリーランガム",
      "ru": "Шрирангам",
      "hi": "श्रीरंगम"
    }
  },
  "IN::rameswaram": {
    "type": "small_city",
    "names": {
      "ar": "راميشورم",
      "ja": "ラーメーシュワラム",
      "ru": "Рамешварам",
      "hi": "रामेश्वरम",
      "fr": "Rameswaram",
      "en": "Rameswaram",
      "es": "Ramanatha Swami",
      "it": "Rameswaram",
      "pt": "Rameswaram",
      "de": "Rameswaram",
      "nl": "Rameswaram",
      "zh": "拉梅斯瓦拉姆",
      "ko": "라메스와람",
      "pl": "Rameswaram"
    }
  },
  "IN::bijapur": {
    "type": "village",
    "names": {
      "es": "Distrito de Bijapur",
      "ar": "بيجابور",
      "hi": "बीजापुर",
      "fr": "district de Bijapur",
      "en": "Bijapur District",
      "it": "distretto di Bijapur",
      "de": "Bijapur",
      "nl": "Bijapur district, Chhattisgarh",
      "zh": "比賈布爾縣",
      "ja": "ビジャープル県",
      "ru": "Биджапур"
    }
  },
  "IN::bundi": {
    "type": "village",
    "names": {
      "fr": "district de Bundi",
      "en": "Bundi district",
      "es": "Distrito de Bundi",
      "it": "distretto di Bundi",
      "de": "Bundi",
      "nl": "Bundi",
      "ar": "منطقة بوندي",
      "zh": "本迪縣",
      "ja": "ブーンディー県",
      "ru": "Бунди",
      "hi": "बूँदी ज़िला"
    }
  },
  "IN::badami": {
    "type": "village",
    "names": {
      "en": "Badami",
      "ar": "بادامي",
      "zh": "巴达米",
      "ru": "Бадами",
      "fr": "Badami",
      "es": "Badami",
      "it": "Badami",
      "pt": "Badami",
      "de": "Badami",
      "nl": "Badami",
      "ja": "バーダーミ",
      "ko": "바다미",
      "hi": "बादामी",
      "tr": "Badami",
      "pl": "Badami"
    }
  },
  "IN::athoor": {
    "type": "small_city",
    "names": {
      "en": "Athoor taluk"
    }
  }
}