{
  "CO::carthagene": {
    "type": "medium_city",
    "names": {
      "fr": "Carthagène",
      "en": "Cartagena",
      "es": "Cartagena de Indias",
      "ru": "Картахена",
      "it": "Cartagena de Indias",
      "pt": "Cartagena das Índias",
      "de": "Cartagena",
      "nl": "Cartagena",
      "ar": "كارتاهينا",
      "zh": "卡塔赫纳",
      "ja": "カルタヘナ",
      "ko": "카르타헤나",
      "hi": "कार्टाजेना",
      "tr": "Cartagena de Indias",
      "pl": "Cartagena de Indias"
    }
  },
  "CO::salento": {
    "type": "medium_city",
    "names": {
      "fr": "Salento",
      "en": "Salento",
      "es": "Salento",
      "it": "Salento",
      "de": "Salento",
      "nl": "Salento",
      "zh": "薩倫托",
      "ja": "サレント (コロンビア)",
      "ru": "Саленто (Колумбия)",
      "tr": "Salento",
      "pl": "Salento (Kolumbia)"
    }
  },
  "CO::minca": {
    "type": "small_city",
    "names": {
      "fr": "Munich",
      "en": "Munich",
      "es": "Múnich",
      "it": "Monaco di Baviera",
      "pt": "Munique",
      "de": "München",
      "nl": "München",
      "ar": "ميونخ",
      "zh": "慕尼黑",
      "ja": "ミュンヘン",
      "ko": "뮌헨",
      "ru": "Мюнхен",
      "hi": "म्यूनिख",
      "tr": "Münih",
      "pl": "Monachium"
    }
  },
  "CO::san-agustin": {
    "type": "small_city",
    "names": {
      "fr": "San Agustín",
      "en": "San Agustín",
      "es": "San Agustín",
      "it": "San Agustín",
      "pt": "San Agustín",
      "de": "San Agustín",
      "nl": "San Agustín",
      "zh": "聖奧古斯丁",
      "ru": "Сан-Агустин",
      "tr": "San Agustín",
      "pl": "San Agustín"
    }
  },
  "CO::guatape": {
    "type": "small_city",
    "names": {
      "fr": "Guatapé",
      "en": "Guatapé",
      "es": "Guatapé",
      "it": "Guatapé",
      "pt": "Guatapé",
      "de": "Guatapé",
      "nl": "Guatapé",
      "ar": "جواتابي",
      "zh": "瓜塔佩",
      "ru": "Гуатапе",
      "tr": "Guatapé",
      "pl": "Guatapé"
    }
  },
  "CO::las-lajas": {
    "type": "small_city",
    "names": {
      "fr": "Las Lajas (Panama, Chiriquí)",
      "en": "Las Lajas",
      "es": "Las Lajas",
      "it": "Las Lajas",
      "zh": "拉斯拉哈斯"
    }
  },
  "CO::palomino": {
    "type": "village",
    "names": {
      "en": "Palomino",
      "es": "Palomino",
      "de": "Palomino",
      "nl": "Palomino",
      "ja": "パロミーノ"
    }
  },
  "CO::rincon-del-mar": {
    "type": "small_city",
    "names": {
      "en": "Rincón del Mar",
      "es": "Rincón del Mar"
    }
  },
  "CO::tatacoa-desert": {
    "type": "village",
    "names": {
      "en": "Desert Tatacoa",
      "es": "Desierto de la Tatacoa",
      "fr": "désert de la Tatacoa",
      "it": "deserto del Tatacoa",
      "pt": "Deserto de Tatacoa",
      "de": "Tatacoa-Wüste",
      "nl": "Tatacoa-woestijn",
      "ar": "صحراء تتاكوا"
    }
  }
}