{
  "NA::swakopmund": {
    "type": "large_city",
    "names": {
      "de": "Swakopmund",
      "ar": "سواكوبموند",
      "zh": "斯瓦科普蒙德",
      "ja": "スワコプムント",
      "ko": "스바코프문트",
      "ru": "Свакопмунд",
      "fr": "Swakopmund",
      "en": "Swakopmund",
      "es": "Swakopmund",
      "it": "Swakopmund",
      "pt": "Swakopmund",
      "nl": "Swakopmund",
      "hi": "स्वाकोपमुंड",
      "tr": "Swakopmund",
      "pl": "Swakopmund"
    }
  },
  "NA::sesriem": {
    "type": "large_city",
    "names": {
      "fr": "Sesriem",
      "en": "Sesriem",
      "es": "Sesriem",
      "it": "Sesriem",
      "de": "Sesriem-Canyon",
      "nl": "Sesriem",
      "ja": "セスリエム"
    }
  },
  "NA::luderitz": {
    "type": "large_city",
    "names": {
      "en": "Lüderitz",
      "ru": "Людериц",
      "fr": "Lüderitz",
      "es": "Lüderitz",
      "it": "Lüderitz",
      "pt": "Lüderitz",
      "de": "Lüderitz",
      "nl": "Lüderitz",
      "ar": "لودريتز",
      "zh": "吕德里茨",
      "ja": "リューデリッツ",
      "ko": "뤼데리츠",
      "tr": "Lüderitz",
      "pl": "Lüderitz"
    }
  },
  "NA::okaukuejo": {
    "type": "small_city",
    "names": {
      "fr": "Okaukuejo",
      "en": "Okaukuejo",
      "es": "Okaukuejo",
      "de": "Okaukuejo",
      "nl": "Okaukuejo",
      "ja": "オカウクエジョ"
    }
  },
  "NA::namutoni": {
    "type": "small_city",
    "names": {
      "fr": "Namutoni",
      "en": "Namutoni",
      "es": "Namutoni",
      "de": "Fort Namutoni",
      "ja": "ナムトニ"
    }
  },
  "NA::rundu": {
    "type": "small_city",
    "names": {
      "ar": "روندو",
      "ko": "룬두",
      "ru": "Рунду",
      "fr": "Rundu",
      "en": "Rundu",
      "es": "Rundu",
      "it": "Rundu",
      "pt": "Rundu",
      "de": "Rundu",
      "nl": "Rundu",
      "zh": "龍杜",
      "ja": "ルンドゥ",
      "hi": "रुंदु",
      "tr": "Rundu",
      "pl": "Rundu"
    }
  },
  "NA::halali": {
    "type": "small_city",
    "names": {
      "fr": "Rosa ‘Halali’",
      "en": "Rosa 'Halali'",
      "es": "Rosa 'Halali'",
      "it": "Rosa ‘Halali’",
      "pt": "Rosa ‘Halali’",
      "de": "Rosa ‘Halali’",
      "nl": "Rosa 'Halali'",
      "ru": "Rosa ‘Halali’",
      "pl": "Rosa ‘Halali’"
    }
  },
  "NA::epupa-falls": {
    "type": "small_city",
    "names": {
      "fr": "chutes Epupa",
      "en": "Epupa Falls",
      "es": "Cataratas Epupa",
      "it": "Cascate di Epupa",
      "pt": "Quedas do Monte Negro",
      "de": "Epupafälle",
      "nl": "Epupa-watervallen",
      "zh": "埃普帕瀑布",
      "ja": "エプパ滝",
      "ru": "Эпупа",
      "pl": "Wodospady Epupa"
    }
  },
  "NA::palmwag": {
    "type": "small_city",
    "names": {
      "fr": "Palmwag",
      "en": "Palmwag",
      "es": "Palmwag",
      "it": "Palmwag",
      "de": "Palmwag",
      "nl": "Palmwag"
    }
  },
  "NA::keetmanshoop": {
    "type": "small_city",
    "names": {
      "ar": "كيتمانشوب",
      "zh": "基特曼斯胡普",
      "ja": "ケートマンスフープ",
      "ko": "케이트만스호프",
      "ru": "Китмансхуп",
      "fr": "Keetmanshoop",
      "en": "Keetmanshoop",
      "es": "Keetmanshoop",
      "it": "Keetmanshoop",
      "pt": "Keetmanshoop",
      "de": "Keetmanshoop",
      "nl": "Keetmanshoop",
      "tr": "Keetmanshoop",
      "pl": "Keetmanshoop"
    }
  },
  "NA::walvis-bay": {
    "type": "small_city",
    "names": {
      "es": "Walvis Bay",
      "de": "Walfischbucht",
      "nl": "Walvisbaai",
      "ar": "ولفس بي",
      "zh": "鲸湾港",
      "ja": "ウォルビスベイ",
      "ko": "월비스베이",
      "ru": "Уолфиш-Бей",
      "hi": "वालविस बे",
      "fr": "Walvis Bay",
      "en": "Walvis Bay",
      "it": "Walvis Bay",
      "pt": "Walvis Bay",
      "tr": "Walvis Bay",
      "pl": "Walvis Bay"
    }
  },
  "NA::nkasa-lupala": {
    "type": "small_city",
    "names": {
      "de": "Nkasa-Rupara-Nationalpark",
      "fr": "parc national de Nkasa Rupara",
      "en": "Nkasa Rupara National Park",
      "es": "Parque nacional de Mamili",
      "it": "Parco nazionale di Nkasa Rupara",
      "nl": "Nationaal park Nkasa Rupara",
      "zh": "馬米利國家公園",
      "ja": "ンカサ・ルパラ国立公園",
      "ru": "Мамили",
      "pl": "Park Narodowy Mamili"
    }
  },
  "NA::kongola": {
    "type": "small_city",
    "names": {
      "fr": "Kongola",
      "en": "Kongola",
      "it": "Kongola",
      "de": "Kongola",
      "nl": "Kongola"
    }
  },
  "NA::twyfelfontein": {
    "type": "small_city",
    "names": {
      "fr": "Twyfelfontein",
      "en": "Twyfelfontein",
      "es": "Twyfelfontein",
      "it": "Twyfelfontein",
      "pt": "Twyfelfontein",
      "de": "Twyfelfontein",
      "nl": "Twyfelfontein",
      "ar": "تويفلفونتين",
      "zh": "推菲尔泉",
      "ja": "トゥウェイフルフォンテーン",
      "ru": "Твифелфонтейн",
      "hi": "त्वय्फेल्फोंतैन",
      "tr": "Twyfelfontein",
      "pl": "Twyfelfontein"
    }
  },
  "NA::ai-ais": {
    "type": "small_city",
    "names": {
      "en": "Ai-Ais",
      "nl": "Ai-Ais",
      "ja": "アイアイ"
    }
  },
  "NA::grootfontein": {
    "type": "small_city",
    "names": {
      "en": "Grootfontein",
      "ja": "グルートフォンテイン",
      "ru": "Хрутфонтейн",
      "fr": "Grootfontein",
      "es": "Grootfontein",
      "it": "Grootfontein",
      "pt": "Grootfontein",
      "de": "Grootfontein",
      "nl": "Grootfontein",
      "ar": "غرووتفونتين",
      "zh": "赫魯特方丹",
      "ko": "그루트폰테인",
      "tr": "Grootfontein",
      "pl": "Grootfontein"
    }
  },
  "NA::opuwo": {
    "type": "small_city",
    "names": {
      "ru": "Опуво",
      "fr": "Opuwo",
      "en": "Opuwo",
      "es": "Opuwo",
      "it": "Opuwo",
      "pt": "Opuwo",
      "de": "Opuwo",
      "nl": "Opuwo",
      "ar": "أوبوو",
      "zh": "奥普沃",
      "ja": "オプウォ",
      "ko": "오푸오",
      "hi": "ओपुवो",
      "tr": "Opuwo",
      "pl": "Opuwo"
    }
  },
  "NA::maltahohe": {
    "type": "small_city",
    "names": {
      "ru": "Мальтахёэ",
      "fr": "Maltahöhe",
      "en": "Maltahöhe",
      "es": "Maltahöhe",
      "de": "Maltahöhe",
      "nl": "Maltahöhe",
      "pl": "Maltahöhe"
    }
  },
  "NA::tsumeb": {
    "type": "village",
    "names": {
      "fr": "Tsumeb",
      "en": "Tsumeb",
      "es": "Tsumeb",
      "it": "Tsumeb",
      "pt": "Tsumeb",
      "de": "Tsumeb",
      "nl": "Tsumeb",
      "ar": "تسوميب",
      "zh": "楚梅布",
      "ja": "ツメブ",
      "ko": "추메브",
      "ru": "Цумеб",
      "tr": "Tsumeb",
      "pl": "Tsumeb"
    }
  },
  "NA::katima-mulilo": {
    "type": "village",
    "names": {
      "ar": "كاتيما موليلو",
      "ko": "카티마물릴로",
      "ru": "Катима-Мулило",
      "fr": "Katima Mulilo",
      "en": "Katima Mulilo",
      "es": "Katima Mulilo",
      "it": "Katima Mulilo",
      "pt": "Katima Mulilo",
      "de": "Katima Mulilo",
      "nl": "Katima Mulilo",
      "zh": "卡蒂马穆利洛",
      "ja": "カティマ・ムリロ",
      "hi": "काटिमा मुलिलो",
      "tr": "Katima Mulilo",
      "pl": "Katima Mulilo"
    }
  },
  "NA::cape-cross": {
    "type": "village",
    "names": {
      "en": "Cape Cross",
      "pt": "Cabo Cruz",
      "de": "Kreuzkap",
      "fr": "Cape Cross",
      "es": "Cabo Cross",
      "it": "Cape Cross",
      "nl": "Kaap Kruis",
      "ar": "كيب كروس",
      "zh": "克羅斯角",
      "ja": "ケープクロス",
      "ru": "Кейп-Кросс"
    }
  },
  "NA::divundu": {
    "type": "village",
    "names": {
      "fr": "Divundu",
      "en": "Divundu",
      "de": "Divundu",
      "nl": "Divundu"
    }
  },
  "NA::spitzkoppe": {
    "type": "small_city",
    "names": {
      "fr": "Spitzkoppe",
      "en": "Spitzkoppe",
      "es": "Spitzkoppe",
      "it": "Spitzkoppe",
      "pt": "Spitzkoppe",
      "de": "Spitzkoppe",
      "nl": "Spitzkoppe",
      "zh": "史匹兹柯普",
      "ru": "Спицкопп"
    }
  },
  "NA::otjiwarongo": {
    "type": "small_city",
    "names": {
      "ja": "オティワロンゴ",
      "ru": "Очиваронго",
      "fr": "Otjiwarongo",
      "en": "Otjiwarongo",
      "es": "Otjiwarongo",
      "it": "Otjiwarongo",
      "pt": "Otjiwarongo",
      "de": "Otjiwarongo",
      "nl": "Otjiwarongo",
      "ar": "أوتجيوارونغو",
      "zh": "奧奇瓦龍戈",
      "ko": "오티와롱고",
      "hi": "ओटजीवार्न्गो",
      "tr": "Otjiwarongo",
      "pl": "Otjiwarongo"
    }
  },
  "NA::omaruru": {
    "type": "village",
    "names": {
      "ru": "Омаруру",
      "fr": "Omaruru",
      "en": "Omaruru",
      "es": "Omaruru",
      "it": "Omaruru",
      "pt": "Omaruru",
      "de": "Omaruru",
      "nl": "Omaruru",
      "ar": "أومارورو",
      "zh": "奧馬魯魯",
      "ja": "オマルル",
      "pl": "Omaruru"
    }
  },
  "NA::sesfontein": {
    "type": "village",
    "names": {
      "fr": "Sesfontein",
      "en": "Sesfontein",
      "es": "Sesfontein",
      "it": "Sesfontein",
      "de": "Sesfontein",
      "nl": "Sesfontein"
    }
  },
  "NA::brandberg": {
    "type": "village",
    "names": {
      "fr": "Brandberg",
      "en": "Brandberg",
      "de": "Brandberg",
      "nl": "Brandberg",
      "pl": "Brandberg"
    }
  },
  "NA::mudumu": {
    "type": "small_city",
    "names": {
      "de": "Mudumu-Nationalpark",
      "fr": "parc national de Mudumu",
      "en": "Mudumu National Park",
      "es": "Parque nacional de Mudumu",
      "it": "Parco nazionale di Mudumu",
      "zh": "穆杜穆國家公園",
      "ru": "Мудуму",
      "pl": "Park Narodowy Mudumu"
    }
  },
  "NA::okonjima": {
    "type": "small_city",
    "names": {
      "en": "Okonjima Nature Reserve",
      "de": "Okonjima Nature Reserve",
      "nl": "Okonjima",
      "zh": "奥孔吉玛"
    }
  },
  "NA::henties-bay": {
    "type": "village",
    "names": {
      "en": "Henties Bay",
      "de": "Hentiesbucht",
      "fr": "Henties Bay",
      "es": "Henties Bay",
      "it": "Hentie's Bay",
      "nl": "Henties Bay",
      "zh": "亨蒂斯灣",
      "ru": "Хентис-Бей",
      "tr": "Henties Bay",
      "pl": "Henties Bay"
    }
  },
  "NA::outjo": {
    "type": "village",
    "names": {
      "ru": "Оучо",
      "fr": "Outjo",
      "en": "Outjo",
      "es": "Outjo",
      "it": "Outjo",
      "pt": "Outjo",
      "de": "Outjo",
      "nl": "Outjo",
      "ar": "أوتجو",
      "zh": "奧喬",
      "ja": "オウチョ",
      "pl": "Outjo"
    }
  },
  "NA::uis": {
    "type": "village",
    "names": {
      "fr": "Uis",
      "en": "Uis",
      "es": "Uis",
      "it": "Uis",
      "de": "Uis",
      "nl": "Uis",
      "zh": "乌伊斯",
      "ja": "ウイス"
    }
  },
  "NA::terrace-bay": {
    "type": "village",
    "names": {
      "fr": "Terrace Bay",
      "en": "Terrace Bay",
      "es": "Terrace Bay",
      "de": "Terrace Bay",
      "nl": "Terrace Bay",
      "tr": "Terrace Bay",
      "pl": "Terrace Bay"
    }
  },
  "NA::kamanjab": {
    "type": "village",
    "names": {
      "fr": "Kamanjab",
      "en": "Kamanjab",
      "es": "Kamanjab",
      "it": "Kamanjab",
      "de": "Kamanjab",
      "nl": "Kamanjab",
      "ja": "カマンジャブ",
      "ru": "Каманьяб",
      "pl": "Kamanjab"
    }
  },
  "NA::mowe-bay": {
    "type": "village",
    "names": {
      "en": "Möwe Bay"
    }
  },
  "NA::khorixas": {
    "type": "village",
    "names": {
      "fr": "Khorixas",
      "en": "Khorixas",
      "es": "Khorixas",
      "it": "Khorixas",
      "pt": "Khorixas",
      "de": "Khorixas",
      "nl": "Khorixas",
      "zh": "霍里克薩斯",
      "ru": "Кхорихас",
      "pl": "Khorixas"
    }
  },
  "NA::torra-bay": {
    "type": "village",
    "names": {
      "de": "Torra Bay"
    }
  },
  "NA::helmeringhausen": {
    "type": "village",
    "names": {
      "fr": "Helmeringhausen",
      "en": "Helmeringhausen",
      "es": "Helmeringhausen",
      "it": "Helmeringhausen",
      "pt": "Helmeringhausen",
      "de": "Helmeringhausen",
      "nl": "Helmeringhausen",
      "pl": "Helmeringhausen"
    }
  }
}