{
  "NZ::auckland": {
    "type": "small_city",
    "names": {
      "fr": "Auckland",
      "en": "Auckland",
      "es": "Auckland",
      "it": "Auckland",
      "pt": "Auckland",
      "de": "Auckland",
      "nl": "Auckland",
      "ar": "أوكلاند",
      "zh": "奥克兰",
      "ja": "オークランド",
      "ko": "오클랜드",
      "ru": "Окленд",
      "hi": "ऑक्लैण्ड",
      "tr": "Auckland",
      "pl": "Auckland"
    }
  },
  "NZ::wellington": {
    "type": "medium_city",
    "names": {
      "fr": "Wellington",
      "en": "Wellington",
      "es": "Wellington",
      "it": "Wellington",
      "pt": "Wellington",
      "de": "Wellington",
      "nl": "Wellington",
      "ar": "ويلينغتون",
      "zh": "惠灵顿 / 惠靈頓 / 威靈頓",
      "ja": "ウェリントン",
      "ko": "웰링턴",
      "ru": "Веллингтон",
      "hi": "वेलिंग्टन",
      "tr": "Wellington",
      "pl": "Wellington"
    }
  },
  "NZ::christchurch": {
    "type": "small_city",
    "names": {
      "en": "Christchurch",
      "ar": "كرايستشرش",
      "zh": "基督城",
      "ja": "クライストチャーチ",
      "ko": "크라이스트처치",
      "ru": "Крайстчерч",
      "hi": "क्राइस्टचर्च",
      "fr": "Christchurch",
      "es": "Christchurch",
      "it": "Christchurch",
      "pt": "Christchurch",
      "de": "Christchurch",
      "nl": "Christchurch",
      "tr": "Christchurch",
      "pl": "Christchurch"
    }
  },
  "NZ::rotorua": {
    "type": "medium_city",
    "names": {
      "en": "Rotorua",
      "zh": "罗托路亚",
      "ja": "ロトルア",
      "ru": "Роторуа",
      "fr": "Rotorua",
      "es": "Rotorua",
      "it": "Rotorua",
      "pt": "Rotorua",
      "de": "Rotorua",
      "nl": "Rotorua",
      "ar": "روتوروا",
      "ko": "로토루아",
      "hi": "रोटोरुआ",
      "tr": "Rotorua",
      "pl": "Rotorua"
    }
  },
  "NZ::queenstown": {
    "type": "medium_city",
    "names": {
      "zh": "皇后镇",
      "ja": "クイーンズタウン",
      "ru": "Куинстаун",
      "fr": "Queenstown",
      "en": "Queenstown",
      "es": "Queenstown",
      "it": "Queenstown",
      "pt": "Queenstown",
      "de": "Queenstown",
      "nl": "Queenstown",
      "ar": "كوينزتاون",
      "ko": "퀸스타운",
      "hi": "क्वीन्सटाउन",
      "tr": "Queenstown",
      "pl": "Queenstown"
    }
  },
  "NZ::te-anau": {
    "type": "medium_city",
    "names": {
      "fr": "Te Anau",
      "en": "Te Anau",
      "es": "Te Anau",
      "it": "Te Anau",
      "de": "Te Anau",
      "nl": "Te Anau",
      "zh": "蒂阿瑙",
      "ja": "テ・アナウ",
      "ko": "테아나우",
      "ru": "Те-Анау",
      "tr": "Te Anau",
      "pl": "Te Anau"
    }
  },
  "NZ::wanaka": {
    "type": "small_city",
    "names": {
      "en": "Wānaka",
      "ja": "ワナカ",
      "ru": "Ванака",
      "fr": "Wanaka",
      "es": "Wanaka",
      "pt": "Wanaka",
      "de": "Wanaka",
      "nl": "Wanaka",
      "ar": "وانكا",
      "zh": "瓦納卡",
      "ko": "와나카",
      "tr": "Wānaka",
      "pl": "Wanaka"
    }
  },
  "NZ::mount-cook": {
    "type": "small_city",
    "names": {
      "fr": "Aoraki/Mont Cook",
      "en": "Mount Cook",
      "es": "Monte Cook",
      "it": "Aoraki/Monte Cook",
      "pt": "Monte Cook/Aoraki",
      "de": "Aoraki/Mount Cook",
      "nl": "Mount Cook",
      "ar": "اوراكي/جبل كوك",
      "zh": "庫克山",
      "ja": "クック山",
      "ko": "쿡산",
      "ru": "Гора Кука",
      "hi": "आओराकी / कुक पर्वत",
      "tr": "Cook Dağı",
      "pl": "Góra Cooka"
    }
  },
  "NZ::taupo": {
    "type": "medium_city",
    "names": {
      "en": "Taupō",
      "ru": "Таупо",
      "fr": "Taupo",
      "es": "Taupo",
      "it": "Taupo",
      "pt": "Taupo",
      "de": "Taupo",
      "nl": "Taupo",
      "ar": "تاوبو",
      "zh": "陶波",
      "ja": "タウポ",
      "ko": "타우포",
      "tr": "Taupō",
      "pl": "Taupo"
    }
  },
  "NZ::mount-cook-village": {
    "type": "small_city",
    "names": {
      "fr": "Mount Cook Village",
      "en": "Aoraki / Mount Cook",
      "it": "Mount Cook Village",
      "de": "Aoraki/Mount Cook",
      "nl": "Mount Cook Village",
      "ja": "マウント・クック・ヴィレッジ",
      "ko": "아오라키/마운트쿡 빌리지",
      "tr": "Aoraki / Mount Cook"
    }
  },
  "NZ::nelson": {
    "type": "small_city",
    "names": {
      "en": "Nelson",
      "zh": "尼尔逊",
      "ja": "ネルソン",
      "ru": "Нельсон",
      "fr": "Nelson",
      "es": "Nelson",
      "it": "Nelson",
      "pt": "Nelson",
      "de": "Nelson",
      "nl": "Nelson",
      "ar": "نيلسون",
      "ko": "넬슨",
      "hi": "नेल्सन",
      "tr": "Nelson",
      "pl": "Nelson"
    }
  },
  "NZ::hahei": {
    "type": "small_city",
    "names": {
      "ja": "ハーヘイ",
      "fr": "Hahei",
      "en": "Hahei",
      "tr": "Hahei"
    }
  },
  "NZ::lake-tekapo": {
    "type": "small_city",
    "names": {
      "en": "Lake Tekapo",
      "es": "Lake Tekapo",
      "de": "Lake Tekapo",
      "nl": "Lake Tekapo",
      "zh": "特卡波鎮",
      "ja": "レイク・テカポ",
      "tr": "Lake Tekapo"
    }
  },
  "NZ::akaroa": {
    "type": "village",
    "names": {
      "ja": "アカロア",
      "fr": "Akaroa",
      "en": "Akaroa",
      "it": "Akaroa",
      "de": "Akaroa",
      "nl": "Akaroa",
      "zh": "阿卡罗阿",
      "ko": "아카로아",
      "ru": "Акароа",
      "tr": "Akaroa",
      "pl": "Akaroa"
    }
  },
  "NZ::picton": {
    "type": "village",
    "names": {
      "ja": "ピクトン",
      "ru": "Пиктон",
      "fr": "Picton",
      "en": "Picton",
      "es": "Picton",
      "it": "Picton",
      "de": "Picton",
      "nl": "Picton",
      "zh": "皮克頓",
      "ko": "픽턴",
      "tr": "Picton",
      "pl": "Picton"
    }
  },
  "NZ::punakaiki": {
    "type": "village",
    "names": {
      "fr": "Punakaiki",
      "en": "Punakaiki",
      "es": "Punakaiki",
      "de": "Punakaiki",
      "nl": "Punakaiki",
      "zh": "普纳凯基",
      "ko": "푸나카이키",
      "ru": "Пунакаики",
      "tr": "Punakaiki",
      "pl": "Punakaiki"
    }
  },
  "NZ::franz-josef": {
    "type": "small_city",
    "names": {
      "en": "Franz Josef",
      "fr": "Franz Josef",
      "de": "Franz Josef/Waiau",
      "nl": "Franz Josef",
      "tr": "Franz Josef/Waiau"
    }
  },
  "NZ::milford-sound": {
    "type": "village",
    "names": {
      "en": "Milford Sound",
      "fr": "Milford Sound",
      "es": "Milford Sound",
      "it": "Milford Sound",
      "pt": "Milford Sound",
      "de": "Milford Sound",
      "nl": "Milford Sound",
      "ar": "ميلفورد",
      "zh": "米爾福德峽灣",
      "ja": "ミルフォード・サウンド",
      "ko": "밀퍼드 사운드",
      "ru": "Милфорд-Саунд",
      "tr": "Milford Sound",
      "pl": "Zatoka Milforda"
    }
  },
  "NZ::tolaga-bay": {
    "type": "village",
    "names": {
      "fr": "Tolaga Bay",
      "en": "Tolaga Bay",
      "it": "Tolaga Bay",
      "de": "Tolaga Bay",
      "nl": "Tolaga Bay",
      "tr": "Tolaga Bay",
      "pl": "Tolaga Bay"
    }
  },
  "NZ::raukokore": {
    "type": "village",
    "names": {
      "fr": "Raukokore",
      "en": "Raukokore",
      "de": "Raukokore",
      "nl": "Raukokore",
      "ja": "ロウココア",
      "ru": "Раукокор",
      "tr": "Raukokore"
    }
  },
  "NZ::golden-bay": {
    "type": "village",
    "names": {
      "en": "Golden Bay",
      "pl": "Złota Zatoka",
      "fr": "Golden Bay",
      "de": "Golden Bay",
      "nl": "Golden Bay",
      "zh": "金灣",
      "ja": "ゴールデン湾",
      "ru": "Голден-Бей"
    }
  }
}