{
  "version": "1.0",
  "generated_at": "2025-12-22T17:38:41.200Z",
  "countries": [
    {
      "cc": "AE",
      "names": {
        "fr": "Émirats arabes unis",
        "en": "United Arab Emirates",
        "it": "Emirati Arabi Uniti",
        "es": "Emiratos Árabes Unidos",
        "pt": "Emirados Árabes Unidos",
        "ar": "الإمارات العربية المتحدة"
      }
    },
    {
      "cc": "AL",
      "names": {
        "fr": "Albanie",
        "en": "Albania",
        "it": "Albania",
        "es": "Albania",
        "pt": "Albânia",
        "ar": "ألبانيا"
      }
    },
    {
      "cc": "AM",
      "names": {
        "fr": "Arménie",
        "en": "Armenia",
        "it": "Armenia",
        "es": "Armenia",
        "pt": "Armênia",
        "ar": "أرمينيا"
      }
    },
    {
      "cc": "AR",
      "names": {
        "fr": "Argentine",
        "en": "Argentina",
        "it": "Argentina",
        "es": "Argentina",
        "pt": "Argentina",
        "ar": "الأرجنتين"
      }
    },
    {
      "cc": "AT",
      "names": {
        "fr": "Autriche",
        "en": "Austria",
        "it": "Austria",
        "es": "Austria",
        "pt": "Áustria",
        "ar": "النمسا"
      }
    },
    {
      "cc": "AU",
      "names": {
        "fr": "Australie",
        "en": "Australia",
        "it": "Australia",
        "es": "Australia",
        "pt": "Austrália",
        "ar": "أستراليا"
      }
    },
    {
      "cc": "BB",
      "names": {
        "fr": "Barbade",
        "en": "Barbados",
        "it": "Barbados",
        "es": "Barbados",
        "pt": "Barbados",
        "ar": "بربادوس"
      }
    },
    {
      "cc": "BD",
      "names": {
        "fr": "Bangladesh",
        "en": "Bangladesh",
        "it": "Bangladesh",
        "es": "Bangladés",
        "pt": "Bangladesh",
        "ar": "بنغلاديش"
      }
    },
    {
      "cc": "BE",
      "names": {
        "fr": "Belgique",
        "en": "Belgium",
        "it": "Belgio",
        "es": "Bélgica",
        "pt": "Bélgica",
        "ar": "بلجيكا"
      }
    },
    {
      "cc": "BG",
      "names": {
        "fr": "Bulgarie",
        "en": "Bulgaria",
        "it": "Bulgaria",
        "es": "Bulgaria",
        "pt": "Bulgária",
        "ar": "بلغاريا"
      }
    },
    {
      "cc": "BO",
      "names": {
        "fr": "Bolivie",
        "en": "Bolivia",
        "it": "Bolivia",
        "es": "Bolivia",
        "pt": "Bolívia",
        "ar": "بوليفيا"
      }
    },
    {
      "cc": "BR",
      "names": {
        "fr": "Brésil",
        "en": "Brazil",
        "it": "Brasile",
        "es": "Brasil",
        "pt": "Brasil",
        "ar": "البرازيل"
      }
    },
    {
      "cc": "BS",
      "names": {
        "fr": "Bahamas",
        "en": "Bahamas",
        "it": "Bahamas",
        "es": "Bahamas",
        "pt": "Bahamas",
        "ar": "جزر البهاما"
      }
    },
    {
      "cc": "BW",
      "names": {
        "fr": "Botswana",
        "en": "Botswana",
        "it": "Botswana",
        "es": "Botsuana",
        "pt": "Botsuana",
        "ar": "بوتسوانا"
      }
    },
    {
      "cc": "BZ",
      "names": {
        "fr": "Belize",
        "en": "Belize",
        "it": "Belize",
        "es": "Belice",
        "pt": "Belize",
        "ar": "بليز"
      }
    },
    {
      "cc": "CA",
      "names": {
        "fr": "Canada",
        "en": "Canada",
        "it": "Canada",
        "es": "Canadá",
        "pt": "Canadá",
        "ar": "كندا"
      }
    },
    {
      "cc": "CH",
      "names": {
        "fr": "Suisse",
        "en": "Switzerland",
        "it": "Svizzera",
        "es": "Suiza",
        "pt": "Suíça",
        "ar": "سويسرا"
      }
    },
    {
      "cc": "CL",
      "names": {
        "fr": "Chili",
        "en": "Chile",
        "it": "Cile",
        "es": "Chile",
        "pt": "Chile",
        "ar": "تشيلي"
      }
    },
    {
      "cc": "CN",
      "names": {
        "fr": "Chine",
        "en": "China",
        "it": "Cina",
        "es": "China",
        "pt": "China",
        "ar": "الصين"
      }
    },
    {
      "cc": "CO",
      "names": {
        "fr": "Colombie",
        "en": "Colombia",
        "it": "Colombia",
        "es": "Colombia",
        "pt": "Colômbia",
        "ar": "كولومبيا"
      }
    },
    {
      "cc": "CR",
      "names": {
        "fr": "Costa Rica",
        "en": "Costa Rica",
        "it": "Costa Rica",
        "es": "Costa Rica",
        "pt": "Costa Rica",
        "ar": "كوستاريكا"
      }
    },
    {
      "cc": "CU",
      "names": {
        "fr": "Cuba",
        "en": "Cuba",
        "it": "Cuba",
        "es": "Cuba",
        "pt": "Cuba",
        "ar": "كوبا"
      }
    },
    {
      "cc": "CZ",
      "names": {
        "fr": "Tchéquie",
        "en": "Czechia",
        "it": "Cechia",
        "es": "Chequia",
        "pt": "Tchéquia",
        "ar": "التشيك"
      }
    },
    {
      "cc": "DE",
      "names": {
        "fr": "Allemagne",
        "en": "Germany",
        "it": "Germania",
        "es": "Alemania",
        "pt": "Alemanha",
        "ar": "ألمانيا"
      }
    },
    {
      "cc": "DK",
      "names": {
        "fr": "Danemark",
        "en": "Denmark",
        "it": "Danimarca",
        "es": "Dinamarca",
        "pt": "Dinamarca",
        "ar": "الدانمرك"
      }
    },
    {
      "cc": "DO",
      "names": {
        "fr": "République dominicaine",
        "en": "Dominican Republic",
        "it": "Repubblica Dominicana",
        "es": "República Dominicana",
        "pt": "República Dominicana",
        "ar": "جمهورية الدومينيكان"
      }
    },
    {
      "cc": "EA",
      "names": {
        "fr": "Ceuta et Melilla",
        "en": "Ceuta & Melilla",
        "it": "Ceuta e Melilla",
        "es": "Ceuta y Melilla",
        "pt": "Ceuta e Melilla",
        "ar": "سيوتا وميليلا"
      }
    },
    {
      "cc": "EC",
      "names": {
        "fr": "Équateur",
        "en": "Ecuador",
        "it": "Ecuador",
        "es": "Ecuador",
        "pt": "Equador",
        "ar": "الإكوادور"
      }
    },
    {
      "cc": "EG",
      "names": {
        "fr": "Égypte",
        "en": "Egypt",
        "it": "Egitto",
        "es": "Egipto",
        "pt": "Egito",
        "ar": "مصر"
      }
    },
    {
      "cc": "ES",
      "names": {
        "fr": "Espagne",
        "en": "Spain",
        "it": "Spagna",
        "es": "España",
        "pt": "Espanha",
        "ar": "إسبانيا"
      }
    },
    {
      "cc": "FI",
      "names": {
        "fr": "Finlande",
        "en": "Finland",
        "it": "Finlandia",
        "es": "Finlandia",
        "pt": "Finlândia",
        "ar": "فنلندا"
      }
    },
    {
      "cc": "FR",
      "names": {
        "fr": "France",
        "en": "France",
        "it": "Francia",
        "es": "Francia",
        "pt": "França",
        "ar": "فرنسا"
      }
    },
    {
      "cc": "GB",
      "names": {
        "fr": "Royaume-Uni",
        "en": "United Kingdom",
        "it": "Regno Unito",
        "es": "Reino Unido",
        "pt": "Reino Unido",
        "ar": "المملكة المتحدة"
      }
    },
    {
      "cc": "GR",
      "names": {
        "fr": "Grèce",
        "en": "Greece",
        "it": "Grecia",
        "es": "Grecia",
        "pt": "Grécia",
        "ar": "اليونان"
      }
    },
    {
      "cc": "GT",
      "names": {
        "fr": "Guatemala",
        "en": "Guatemala",
        "it": "Guatemala",
        "es": "Guatemala",
        "pt": "Guatemala",
        "ar": "غواتيمالا"
      }
    },
    {
      "cc": "HR",
      "names": {
        "fr": "Croatie",
        "en": "Croatia",
        "it": "Croazia",
        "es": "Croacia",
        "pt": "Croácia",
        "ar": "كرواتيا"
      }
    },
    {
      "cc": "HU",
      "names": {
        "fr": "Hongrie",
        "en": "Hungary",
        "it": "Ungheria",
        "es": "Hungría",
        "pt": "Hungria",
        "ar": "هنغاريا"
      }
    },
    {
      "cc": "ID",
      "names": {
        "fr": "Indonésie",
        "en": "Indonesia",
        "it": "Indonesia",
        "es": "Indonesia",
        "pt": "Indonésia",
        "ar": "إندونيسيا"
      }
    },
    {
      "cc": "IE",
      "names": {
        "fr": "Irlande",
        "en": "Ireland",
        "it": "Irlanda",
        "es": "Irlanda",
        "pt": "Irlanda",
        "ar": "أيرلندا"
      }
    },
    {
      "cc": "IL",
      "names": {
        "fr": "Israël",
        "en": "Israel",
        "it": "Israele",
        "es": "Israel",
        "pt": "Israel",
        "ar": "إسرائيل"
      }
    },
    {
      "cc": "IN",
      "names": {
        "fr": "Inde",
        "en": "India",
        "it": "India",
        "es": "India",
        "pt": "Índia",
        "ar": "الهند"
      }
    },
    {
      "cc": "IS",
      "names": {
        "fr": "Islande",
        "en": "Iceland",
        "it": "Islanda",
        "es": "Islandia",
        "pt": "Islândia",
        "ar": "آيسلندا"
      }
    },
    {
      "cc": "IT",
      "names": {
        "fr": "Italie",
        "en": "Italy",
        "it": "Italia",
        "es": "Italia",
        "pt": "Itália",
        "ar": "إيطاليا"
      }
    },
    {
      "cc": "JO",
      "names": {
        "fr": "Jordanie",
        "en": "Jordan",
        "it": "Giordania",
        "es": "Jordania",
        "pt": "Jordânia",
        "ar": "الأردن"
      }
    },
    {
      "cc": "JP",
      "names": {
        "fr": "Japon",
        "en": "Japan",
        "it": "Giappone",
        "es": "Japón",
        "pt": "Japão",
        "ar": "اليابان"
      }
    },
    {
      "cc": "KH",
      "names": {
        "fr": "Cambodge",
        "en": "Cambodia",
        "it": "Cambogia",
        "es": "Camboya",
        "pt": "Camboja",
        "ar": "كمبوديا"
      }
    },
    {
      "cc": "KR",
      "names": {
        "fr": "Corée du Sud",
        "en": "South Korea",
        "it": "Corea del Sud",
        "es": "Corea del Sur",
        "pt": "Coreia do Sul",
        "ar": "كوريا الجنوبية"
      }
    },
    {
      "cc": "KZ",
      "names": {
        "fr": "Kazakhstan",
        "en": "Kazakhstan",
        "it": "Kazakistan",
        "es": "Kazajistán",
        "pt": "Cazaquistão",
        "ar": "كازاخستان"
      }
    },
    {
      "cc": "LA",
      "names": {
        "fr": "Laos",
        "en": "Laos",
        "it": "Laos",
        "es": "Laos",
        "pt": "Laos",
        "ar": "لاوس"
      }
    },
    {
      "cc": "LK",
      "names": {
        "fr": "Sri Lanka",
        "en": "Sri Lanka",
        "it": "Sri Lanka",
        "es": "Sri Lanka",
        "pt": "Sri Lanka",
        "ar": "سريلانكا"
      }
    },
    {
      "cc": "LT",
      "names": {
        "fr": "Lituanie",
        "en": "Lithuania",
        "it": "Lituania",
        "es": "Lituania",
        "pt": "Lituânia",
        "ar": "ليتوانيا"
      }
    },
    {
      "cc": "LV",
      "names": {
        "fr": "Lettonie",
        "en": "Latvia",
        "it": "Lettonia",
        "es": "Letonia",
        "pt": "Letônia",
        "ar": "لاتفيا"
      }
    },
    {
      "cc": "MA",
      "names": {
        "fr": "Maroc",
        "en": "Morocco",
        "it": "Marocco",
        "es": "Marruecos",
        "pt": "Marrocos",
        "ar": "المغرب"
      }
    },
    {
      "cc": "MG",
      "names": {
        "fr": "Madagascar",
        "en": "Madagascar",
        "it": "Madagascar",
        "es": "Madagascar",
        "pt": "Madagascar",
        "ar": "مدغشقر"
      }
    },
    {
      "cc": "MN",
      "names": {
        "fr": "Mongolie",
        "en": "Mongolia",
        "it": "Mongolia",
        "es": "Mongolia",
        "pt": "Mongólia",
        "ar": "منغوليا"
      }
    },
    {
      "cc": "MU",
      "names": {
        "fr": "Maurice",
        "en": "Mauritius",
        "it": "Mauritius",
        "es": "Mauricio",
        "pt": "Maurício",
        "ar": "موريشيوس"
      }
    },
    {
      "cc": "MX",
      "names": {
        "fr": "Mexique",
        "en": "Mexico",
        "it": "Messico",
        "es": "México",
        "pt": "México",
        "ar": "المكسيك"
      }
    },
    {
      "cc": "MY",
      "names": {
        "fr": "Malaisie",
        "en": "Malaysia",
        "it": "Malaysia",
        "es": "Malasia",
        "pt": "Malásia",
        "ar": "ماليزيا"
      }
    },
    {
      "cc": "NA",
      "names": {
        "fr": "Namibie",
        "en": "Namibia",
        "it": "Namibia",
        "es": "Namibia",
        "pt": "Namíbia",
        "ar": "ناميبيا"
      }
    },
    {
      "cc": "NI",
      "names": {
        "fr": "Nicaragua",
        "en": "Nicaragua",
        "it": "Nicaragua",
        "es": "Nicaragua",
        "pt": "Nicarágua",
        "ar": "نيكاراغوا"
      }
    },
    {
      "cc": "NL",
      "names": {
        "fr": "Pays-Bas",
        "en": "Netherlands",
        "it": "Paesi Bassi",
        "es": "Países Bajos",
        "pt": "Países Baixos",
        "ar": "هولندا"
      }
    },
    {
      "cc": "NO",
      "names": {
        "fr": "Norvège",
        "en": "Norway",
        "it": "Norvegia",
        "es": "Noruega",
        "pt": "Noruega",
        "ar": "النرويج"
      }
    },
    {
      "cc": "NZ",
      "names": {
        "fr": "Nouvelle-Zélande",
        "en": "New Zealand",
        "it": "Nuova Zelanda",
        "es": "Nueva Zelanda",
        "pt": "Nova Zelândia",
        "ar": "نيوزيلندا"
      }
    },
    {
      "cc": "OM",
      "names": {
        "fr": "Oman",
        "en": "Oman",
        "it": "Oman",
        "es": "Omán",
        "pt": "Omã",
        "ar": "عُمان"
      }
    },
    {
      "cc": "PA",
      "names": {
        "fr": "Panama",
        "en": "Panama",
        "it": "Panama",
        "es": "Panamá",
        "pt": "Panamá",
        "ar": "بنما"
      }
    },
    {
      "cc": "PE",
      "names": {
        "fr": "Pérou",
        "en": "Peru",
        "it": "Perù",
        "es": "Perú",
        "pt": "Peru",
        "ar": "بيرو"
      }
    },
    {
      "cc": "PF",
      "names": {
        "fr": "Polynésie française",
        "en": "French Polynesia",
        "it": "Polinesia Francese",
        "es": "Polinesia Francesa",
        "pt": "Polinésia Francesa",
        "ar": "بولينيزيا الفرنسية"
      }
    },
    {
      "cc": "PH",
      "names": {
        "fr": "Philippines",
        "en": "Philippines",
        "it": "Filippine",
        "es": "Filipinas",
        "pt": "Filipinas",
        "ar": "الفلبين"
      }
    },
    {
      "cc": "PL",
      "names": {
        "fr": "Pologne",
        "en": "Poland",
        "it": "Polonia",
        "es": "Polonia",
        "pt": "Polônia",
        "ar": "بولندا"
      }
    },
    {
      "cc": "PT",
      "names": {
        "fr": "Portugal",
        "en": "Portugal",
        "it": "Portogallo",
        "es": "Portugal",
        "pt": "Portugal",
        "ar": "البرتغال"
      }
    },
    {
      "cc": "PY",
      "names": {
        "fr": "Paraguay",
        "en": "Paraguay",
        "it": "Paraguay",
        "es": "Paraguay",
        "pt": "Paraguai",
        "ar": "باراغواي"
      }
    },
    {
      "cc": "RO",
      "names": {
        "fr": "Roumanie",
        "en": "Romania",
        "it": "Romania",
        "es": "Rumanía",
        "pt": "Romênia",
        "ar": "رومانيا"
      }
    },
    {
      "cc": "RS",
      "names": {
        "fr": "Serbie",
        "en": "Serbia",
        "it": "Serbia",
        "es": "Serbia",
        "pt": "Sérvia",
        "ar": "صربيا"
      }
    },
    {
      "cc": "SE",
      "names": {
        "fr": "Suède",
        "en": "Sweden",
        "it": "Svezia",
        "es": "Suecia",
        "pt": "Suécia",
        "ar": "السويد"
      }
    },
    {
      "cc": "SI",
      "names": {
        "fr": "Slovénie",
        "en": "Slovenia",
        "it": "Slovenia",
        "es": "Eslovenia",
        "pt": "Eslovênia",
        "ar": "سلوفينيا"
      }
    },
    {
      "cc": "SK",
      "names": {
        "fr": "Slovaquie",
        "en": "Slovakia",
        "it": "Slovacchia",
        "es": "Eslovaquia",
        "pt": "Eslováquia",
        "ar": "سلوفاكيا"
      }
    },
    {
      "cc": "SV",
      "names": {
        "fr": "Salvador",
        "en": "El Salvador",
        "it": "El Salvador",
        "es": "El Salvador",
        "pt": "El Salvador",
        "ar": "السلفادور"
      }
    },
    {
      "cc": "TH",
      "names": {
        "fr": "Thaïlande",
        "en": "Thailand",
        "it": "Thailandia",
        "es": "Tailandia",
        "pt": "Tailândia",
        "ar": "تايلاند"
      }
    },
    {
      "cc": "TM",
      "names": {
        "fr": "Turkménistan",
        "en": "Turkmenistan",
        "it": "Turkmenistan",
        "es": "Turkmenistán",
        "pt": "Turcomenistão",
        "ar": "تركمانستان"
      }
    },
    {
      "cc": "TR",
      "names": {
        "fr": "Turquie",
        "en": "Türkiye",
        "it": "Turchia",
        "es": "Turquía",
        "pt": "Turquia",
        "ar": "تركيا"
      }
    },
    {
      "cc": "TZ",
      "names": {
        "fr": "Tanzanie",
        "en": "Tanzania",
        "it": "Tanzania",
        "es": "Tanzania",
        "pt": "Tanzânia",
        "ar": "تنزانيا"
      }
    },
    {
      "cc": "US",
      "names": {
        "fr": "États-Unis",
        "en": "United States",
        "it": "Stati Uniti",
        "es": "Estados Unidos",
        "pt": "Estados Unidos",
        "ar": "الولايات المتحدة"
      }
    },
    {
      "cc": "UZ",
      "names": {
        "fr": "Ouzbékistan",
        "en": "Uzbekistan",
        "it": "Uzbekistan",
        "es": "Uzbekistán",
        "pt": "Uzbequistão",
        "ar": "أوزبكستان"
      }
    },
    {
      "cc": "VN",
      "names": {
        "fr": "Viêt Nam",
        "en": "Vietnam",
        "it": "Vietnam",
        "es": "Vietnam",
        "pt": "Vietnã",
        "ar": "فيتنام"
      }
    },
    {
      "cc": "ZA",
      "names": {
        "fr": "Afrique du Sud",
        "en": "South Africa",
        "it": "Sudafrica",
        "es": "Sudáfrica",
        "pt": "África do Sul",
        "ar": "جنوب أفريقيا"
      }
    }
  ]
}