{
  "ES::zaragoza": {
    "type": "large_city",
    "names": {
      "fr": "Saragosse",
      "es": "Zaragoza",
      "it": "Saragozza",
      "pt": "Saragoça",
      "de": "Saragossa",
      "nl": "Zaragoza",
      "ar": "سرقسطة",
      "zh": "萨拉戈萨",
      "ja": "サラゴサ",
      "ko": "사라고사",
      "ru": "Сарагоса",
      "tr": "Sarakusta",
      "pl": "Saragossa",
      "en": "Zaragoza",
      "hi": "ज़रागोज़ा"
    }
  },
  "ES::granada": {
    "type": "medium_city",
    "names": {
      "fr": "Grenade",
      "en": "Granada",
      "es": "Granada",
      "ar": "غرناطة",
      "zh": "格拉纳达",
      "ja": "グラナダ",
      "ko": "그라나다",
      "ru": "Гранада",
      "hi": "ग्रनाड",
      "tr": "Gırnata",
      "pl": "Grenada",
      "it": "Granada",
      "pt": "Granada",
      "de": "Granada",
      "nl": "Granada"
    }
  },
  "ES::sevilla": {
    "type": "large_city",
    "names": {
      "fr": "Séville",
      "en": "Seville",
      "es": "Sevilla",
      "it": "Siviglia",
      "pt": "Sevilha",
      "de": "Sevilla",
      "nl": "Sevilla",
      "ar": "إشبيلية",
      "zh": "塞維亞",
      "ja": "セビリア",
      "ko": "세비야",
      "ru": "Севилья",
      "hi": "सॆविल्ल",
      "tr": "İşbîliye",
      "pl": "Sewilla"
    }
  },
  "ES::cordoba": {
    "type": "large_city",
    "names": {
      "fr": "Cordoue",
      "en": "Córdoba",
      "es": "Córdoba",
      "it": "Cordova",
      "pt": "Córdova",
      "ar": "قرطبة",
      "zh": "科尔多瓦",
      "ja": "コルドバ",
      "ko": "코르도바",
      "ru": "Кордова",
      "pl": "Kordoba",
      "de": "Córdoba",
      "nl": "Córdoba",
      "hi": "कोर्दोबा",
      "tr": "Córdoba"
    }
  },
  "ES::burgos": {
    "type": "large_city",
    "names": {
      "es": "Burgos",
      "ar": "برغش",
      "zh": "布尔戈斯",
      "ja": "ブルゴス",
      "ko": "부르고스",
      "ru": "Бургос",
      "fr": "Burgos",
      "en": "Burgos",
      "it": "Burgos",
      "pt": "Burgos",
      "de": "Burgos",
      "nl": "Burgos",
      "hi": "बुर्गोस",
      "tr": "Burgos",
      "pl": "Burgos"
    }
  },
  "ES::caldera-de-taburiente": {
    "type": "large_city",
    "names": {
      "fr": "Caldeira de Taburiente",
      "en": "Caldera de Taburiente",
      "es": "Caldera de Taburiente",
      "it": "Caldera de Taburiente",
      "de": "Caldera de Taburiente",
      "nl": "Caldera de Taburiente",
      "zh": "塔武连特山国家公园",
      "ru": "Табуриенте",
      "pl": "Caldera de Taburiente"
    }
  },
  "ES::santiago-de-compostela": {
    "type": "large_city",
    "names": {
      "fr": "Saint-Jacques-de-Compostelle",
      "es": "Santiago de Compostela",
      "it": "Santiago di Compostela",
      "nl": "Santiago de Compostella",
      "ar": "شنت ياقب",
      "zh": "圣地亚哥－德孔波斯特拉",
      "ja": "サンティアゴ・デ・コンポステーラ",
      "ko": "산티아고데콤포스텔라",
      "ru": "Сантьяго-де-Компостела",
      "en": "Santiago de Compostela",
      "pt": "Santiago de Compostela",
      "de": "Santiago de Compostela",
      "hi": "सांतिआगो दे कोम्पोस्तेला",
      "tr": "Santiago de Compostela",
      "pl": "Santiago de Compostela"
    }
  },
  "ES::teide": {
    "type": "large_city",
    "names": {
      "fr": "Teide",
      "en": "Teide",
      "es": "Teide",
      "it": "Teide",
      "pt": "Teide",
      "de": "Teide",
      "nl": "El Teide",
      "ar": "تيد",
      "zh": "泰德峰",
      "ja": "テイデ山",
      "ko": "테이데봉",
      "ru": "Тейде",
      "hi": "पिको देल तेइदे",
      "tr": "Teide Yanardağı",
      "pl": "Teide"
    }
  },
  "ES::vigo": {
    "type": "medium_city",
    "names": {
      "ar": "فيغو",
      "ko": "비고",
      "ru": "Виго",
      "fr": "Vigo",
      "en": "Vigo",
      "es": "Vigo",
      "it": "Vigo",
      "pt": "Vigo",
      "de": "Vigo",
      "nl": "Vigo",
      "zh": "維戈",
      "ja": "ビーゴ",
      "hi": "वीगो",
      "tr": "Vigo",
      "pl": "Vigo"
    }
  },
  "ES::tarragona": {
    "type": "medium_city",
    "names": {
      "fr": "Tarragone",
      "en": "Tarragona",
      "es": "Tarragona",
      "ar": "طراغونة",
      "zh": "塔拉戈纳",
      "ja": "タラゴナ",
      "ko": "타라고나",
      "ru": "Таррагона",
      "pl": "Tarragona",
      "it": "Tarragona",
      "pt": "Tarragona",
      "de": "Tarragona",
      "nl": "Tarragona",
      "hi": "तारागोना",
      "tr": "Tarragona"
    }
  },
  "ES::segovia": {
    "type": "medium_city",
    "names": {
      "fr": "Ségovie",
      "en": "Segovia",
      "es": "Segovia",
      "ar": "شقوبية",
      "zh": "塞哥維亞",
      "ja": "セゴビア",
      "ko": "세고비아",
      "ru": "Сеговия",
      "pl": "Segowia",
      "it": "Segovia",
      "pt": "Segóvia",
      "de": "Segovia",
      "nl": "Segovia",
      "hi": "सेगोविआ",
      "tr": "Segovia"
    }
  },
  "ES::a-coruna": {
    "type": "medium_city",
    "names": {
      "fr": "La Corogne",
      "en": "A Coruña",
      "es": "La Coruña",
      "pt": "A Corunha",
      "de": "A Coruña",
      "ar": "لا كورونيا",
      "zh": "拉科魯尼亞",
      "ja": "ア・コルーニャ",
      "ko": "라코루냐",
      "ru": "A-Корунья",
      "hi": "अ कॊरुञ",
      "pl": "A Coruña",
      "it": "La Coruña",
      "nl": "A Coruña",
      "tr": "A Coruña"
    }
  },
  "ES::puerto-de-la-cruz": {
    "type": "medium_city",
    "names": {
      "fr": "Puerto de la Cruz",
      "en": "Puerto de la Cruz",
      "es": "Puerto de la Cruz",
      "it": "Puerto de la Cruz",
      "pt": "Puerto de la Cruz",
      "de": "Puerto de la Cruz",
      "nl": "Puerto de la Cruz",
      "ar": "بويرتو دي لا كروث",
      "zh": "克鲁斯港",
      "ja": "プエルト・デ・ラ・クルス",
      "ru": "Пуэрто-де-ла-Крус",
      "tr": "Puerto la Cruz",
      "pl": "Puerto de la Cruz"
    }
  },
  "ES::santa-cruz-de-tenerife": {
    "type": "medium_city",
    "names": {
      "fr": "Santa Cruz de Ténérife",
      "es": "Santa Cruz de Tenerife",
      "nl": "Santa Cruz de Tenerife",
      "ar": "سانتا كروث دي تينيريفه",
      "zh": "圣克鲁斯-德特内里费",
      "ja": "サンタ・クルス・デ・テネリフェ",
      "ko": "산타크루스데테네리페",
      "ru": "Санта-Крус-де-Тенерифе",
      "hi": "सान्ता क्रूस दे तेनरीफ़",
      "pl": "Santa Cruz na Teneryfie",
      "en": "Santa Cruz de Tenerife",
      "it": "Santa Cruz de Tenerife",
      "pt": "Santa Cruz de Tenerife",
      "de": "Santa Cruz de Tenerife",
      "tr": "Santa Cruz de Tenerife"
    }
  },
  "ES::las-palmas": {
    "type": "medium_city",
    "names": {
      "fr": "Las Palmas de Grande Canarie",
      "en": "Las Palmas",
      "ar": "لاس بالماس دي غران كناريا",
      "zh": "大加那利岛拉斯帕尔马斯 / 拉斯帕爾馬斯",
      "ja": "ラス・パルマス・デ・グラン・カナリア",
      "ko": "라스팔마스",
      "ru": "Лас-Пальмас-де-Гран-Канария",
      "hi": "लास पाल्मास दे ग्रैन कैनेरिया",
      "pl": "Las Palmas na wyspie Gran Canaria",
      "es": "Las Palmas de Gran Canaria",
      "it": "Las Palmas de Gran Canaria",
      "pt": "Las Palmas de Gran Canaria",
      "de": "Las Palmas de Gran Canaria",
      "nl": "Las Palmas de Gran Canaria",
      "tr": "Las Palmas de Gran Canaria"
    }
  },
  "ES::navacerrada": {
    "type": "medium_city",
    "names": {
      "fr": "Navacerrada",
      "en": "Navacerrada",
      "es": "Navacerrada",
      "it": "Navacerrada",
      "pt": "Navacerrada",
      "de": "Navacerrada",
      "nl": "Navacerrada",
      "ar": "نافاسيرادا",
      "zh": "纳瓦塞拉达",
      "ja": "ナバセラダ",
      "ru": "Навасеррада",
      "tr": "Navacerrada",
      "pl": "Navacerrada"
    }
  },
  "ES::cercedilla": {
    "type": "medium_city",
    "names": {
      "fr": "Cercedilla",
      "en": "Cercedilla",
      "es": "Cercedilla",
      "it": "Cercedilla",
      "pt": "Cercedilla",
      "de": "Cercedilla",
      "nl": "Cercedilla",
      "ar": "سيرسيديلا",
      "zh": "塞尔塞迪利亚",
      "ja": "セルセディリャ",
      "ru": "Серседилья",
      "tr": "Cercedilla",
      "pl": "Cercedilla"
    }
  },
  "ES::ibiza": {
    "type": "medium_city",
    "names": {
      "fr": "Ibiza",
      "en": "Ibiza",
      "es": "Ibiza",
      "pt": "Ibiza",
      "de": "Ibiza",
      "nl": "Ibiza",
      "zh": "伊维萨岛",
      "ja": "イビサ島",
      "pl": "Ibiza",
      "it": "Ibiza",
      "ar": "إيبيزا",
      "ko": "이비사섬",
      "ru": "Ивиса",
      "hi": "इबिसा",
      "tr": "İbiza"
    }
  },
  "ES::oviedo": {
    "type": "medium_city",
    "names": {
      "fr": "Oviède",
      "en": "Oviedo",
      "es": "Oviedo",
      "pt": "Oviedo",
      "de": "Oviedo",
      "ar": "أوفييدو",
      "ru": "Овьедо",
      "it": "Oviedo",
      "nl": "Oviedo",
      "zh": "奥维耶多",
      "ja": "オビエド",
      "ko": "오비에도",
      "hi": "ओविएदो",
      "tr": "Oviedo",
      "pl": "Oviedo"
    }
  },
  "ES::santillana-del-mar": {
    "type": "medium_city",
    "names": {
      "fr": "Santillana del Mar",
      "en": "Santillana del Mar",
      "es": "Santillana del Mar",
      "it": "Santillana del Mar",
      "pt": "Santillana del Mar",
      "de": "Santillana del Mar",
      "nl": "Santillana del Mar",
      "ar": "شنت جليانة",
      "zh": "滨海桑蒂利亚纳",
      "ja": "サンティリャーナ・デル・マル",
      "ru": "Сантильяна-дель-Мар",
      "tr": "Santillana del Mar",
      "pl": "Santillana del Mar"
    }
  },
  "ES::san-sebastian": {
    "type": "medium_city",
    "names": {
      "fr": "Saint-Sébastien",
      "en": "San Sebastián",
      "es": "San Sebastián",
      "pt": "San Sebastián",
      "ar": "سان سيباستيان",
      "ru": "Доностия-Сан-Себастьян",
      "it": "San Sebastián",
      "de": "Donostia-San Sebastián",
      "nl": "San Sebastián",
      "zh": "圣塞瓦斯蒂安",
      "ja": "サン・セバスティアン",
      "ko": "산세바스티안",
      "hi": "दोनोसटिया सैन सेबास्टियान",
      "tr": "San Sebastián",
      "pl": "San Sebastián"
    }
  },
  "ES::bilbao": {
    "type": "medium_city",
    "names": {
      "fr": "Bilbao",
      "es": "Bilbao",
      "pt": "Bilbau",
      "ar": "بلباو",
      "zh": "毕尔巴鄂",
      "ja": "ビルバオ",
      "ko": "빌바오",
      "ru": "Бильбао",
      "hi": "बिल्पाऒ",
      "en": "Bilbao",
      "it": "Bilbao",
      "de": "Bilbao",
      "nl": "Bilbao",
      "tr": "Bilbao",
      "pl": "Bilbao"
    }
  },
  "ES::combarro": {
    "type": "medium_city",
    "names": {
      "fr": "Combarro, Poio",
      "en": "Combarro",
      "es": "Combarro",
      "it": "Combarro",
      "nl": "Combarro"
    }
  },
  "ES::o-grove": {
    "type": "medium_city",
    "names": {
      "en": "O Grove",
      "fr": "O Grove",
      "es": "El Grove",
      "it": "O Grove",
      "pt": "O Grove",
      "de": "O Grove",
      "nl": "O Grove",
      "ar": "إل غروفي، بونتيفيدرا",
      "zh": "埃尔格罗韦",
      "ja": "オ・グローベ",
      "ru": "Эль-Грове",
      "tr": "O Grove",
      "pl": "O Grove"
    }
  },
  "ES::valldemossa": {
    "type": "medium_city",
    "names": {
      "fr": "Valldemossa",
      "en": "Valldemossa",
      "es": "Valldemosa",
      "it": "Valldemossa",
      "pt": "Valldemossa",
      "de": "Valldemossa",
      "nl": "Valldemossa",
      "ar": "فايديموسا",
      "zh": "法德摩薩",
      "ja": "バルデモーサ",
      "ru": "Вальдемоса",
      "tr": "Valldemossa",
      "pl": "Valldemossa"
    }
  },
  "ES::salamanca": {
    "type": "small_city",
    "names": {
      "fr": "Salamanque",
      "es": "Salamanca",
      "ar": "شلمنقة",
      "zh": "薩拉曼卡/萨拉曼卡",
      "ja": "サラマンカ",
      "ko": "살라망카",
      "ru": "Саламанка",
      "hi": "सलमंक",
      "pl": "Salamanka",
      "en": "Salamanca",
      "it": "Salamanca",
      "pt": "Salamanca",
      "de": "Salamanca",
      "nl": "Salamanca",
      "tr": "Salamanca"
    }
  },
  "ES::lagos-de-covadonga": {
    "type": "medium_city",
    "names": {
      "fr": "Lacs de Covadonga",
      "en": "Lagos de Covadonga",
      "es": "Lagos de Covadonga",
      "it": "Laghi di Enol",
      "nl": "Meren van Covadonga",
      "ja": "コバドンガ湖沼群",
      "ru": "Лагос де Ковадонга"
    }
  },
  "ES::hondarribia": {
    "type": "medium_city",
    "names": {
      "fr": "Fontarrabie",
      "es": "Fuenterrabía",
      "en": "Hondarribia",
      "it": "Hondarribia",
      "pt": "Hondarribia",
      "de": "Hondarribia",
      "nl": "Hondarribia",
      "ar": "فوينتيرابيا",
      "zh": "丰特拉维亚",
      "ja": "オンダリビア",
      "ko": "온다리비아",
      "ru": "Фуэнтеррабиа",
      "tr": "Hondarribia",
      "pl": "Fuenterrabía"
    }
  },
  "ES::fuente-de": {
    "type": "medium_city",
    "names": {
      "fr": "Fuente Dé",
      "en": "Fuente Dé",
      "es": "Fuente Dé",
      "it": "Fuente Dé",
      "pt": "Fuente Dé",
      "de": "Fuente Dé",
      "nl": "Fuente Dé",
      "zh": "德山",
      "ja": "フエンテ・デー"
    }
  },
  "ES::manzanares-el-real": {
    "type": "medium_city",
    "names": {
      "fr": "Manzanares el Real",
      "en": "Manzanares el Real",
      "es": "Manzanares el Real",
      "it": "Manzanares el Real",
      "pt": "Manzanares el Real",
      "de": "Manzanares el Real",
      "nl": "Manzanares el Real",
      "ar": "مانزاناريس إل ريال",
      "zh": "曼萨纳雷塞尔雷亚尔",
      "ja": "マンサナーレス・エル・レアル",
      "ru": "Мансанарес-эль-Реаль",
      "tr": "Manzanares el Real",
      "pl": "Manzanares el Real"
    }
  },
  "ES::elche": {
    "type": "medium_city",
    "names": {
      "es": "Elche",
      "ar": "ألش",
      "ja": "エルチェ",
      "ru": "Эльче",
      "fr": "Elche",
      "en": "Elche",
      "it": "Elche",
      "pt": "Elche",
      "de": "Elche",
      "nl": "Elx",
      "zh": "埃爾切",
      "ko": "엘체",
      "hi": "एल्चे",
      "tr": "Elche",
      "pl": "Elche"
    }
  },
  "ES::caceres": {
    "type": "medium_city",
    "names": {
      "es": "Cáceres",
      "ar": "قصرش",
      "zh": "卡塞雷斯",
      "ja": "カセレス",
      "ru": "Касерес",
      "fr": "Cáceres",
      "en": "Cáceres",
      "it": "Cáceres",
      "pt": "Cáceres (Espanha)",
      "de": "Cáceres",
      "nl": "Cáceres",
      "ko": "카세레스",
      "hi": "काकेरेस",
      "tr": "Cáceres",
      "pl": "Cáceres"
    }
  },
  "ES::soller": {
    "type": "medium_city",
    "names": {
      "fr": "Sóller",
      "en": "Sóller",
      "es": "Sóller",
      "it": "Sóller",
      "pt": "Sóller",
      "de": "Sóller",
      "nl": "Sóller",
      "ar": "سويير، جزر البليار",
      "zh": "索列尔",
      "ja": "ソーリェル",
      "ru": "Сольер",
      "tr": "Sóller",
      "pl": "Sóller"
    }
  },
  "ES::timanfaya": {
    "type": "medium_city",
    "names": {
      "fr": "parc national de Timanfaya",
      "en": "Timanfaya National Park",
      "es": "Parque Nacional de Timanfaya",
      "it": "parco nazionale Timanfaya",
      "pt": "Parque Nacional de Timanfaya",
      "de": "Nationalpark Timanfaya",
      "nl": "Nationaal park Timanfaya",
      "ar": "تيمانفايا الحديقة الوطنية",
      "zh": "蒂曼法亚国家公园",
      "ja": "ティマンファヤ国立公園",
      "pl": "Park Narodowy Timanfaya"
    }
  },
  "ES::frigiliana": {
    "type": "medium_city",
    "names": {
      "es": "Frigiliana",
      "ko": "프리힐리아나",
      "fr": "Frigiliana",
      "en": "Frigiliana",
      "it": "Frigiliana",
      "pt": "Frigiliana",
      "de": "Frigiliana",
      "nl": "Frigiliana",
      "ar": "فرجالة",
      "zh": "夫里希利亚纳",
      "ja": "フリヒリアーナ",
      "ru": "Фрихилиана",
      "tr": "Frigiliana",
      "pl": "Frigiliana"
    }
  },
  "ES::maspalomas": {
    "type": "medium_city",
    "names": {
      "ru": "Маспаломас",
      "fr": "Maspalomas",
      "en": "Maspalomas",
      "es": "Maspalomas",
      "it": "Maspalomas",
      "de": "Maspalomas",
      "nl": "Maspalomas",
      "zh": "馬斯帕洛馬斯",
      "ja": "マスパロマス",
      "pl": "Maspalomas"
    }
  },
  "ES::cala-salada": {
    "type": "small_city",
    "names": {
      "en": "Cala Salada",
      "es": "Cala Salada",
      "it": "Cala Salada",
      "nl": "Cala Salada"
    }
  },
  "ES::cadiz": {
    "type": "medium_city",
    "names": {
      "fr": "Cadix",
      "pt": "Cádis",
      "ar": "قادس",
      "ja": "カディス",
      "ko": "카디스",
      "ru": "Кадис",
      "pl": "Kadyks",
      "en": "Cádiz",
      "es": "Cádiz",
      "it": "Cadice",
      "de": "Cádiz",
      "nl": "Cádiz",
      "zh": "加的斯",
      "hi": "कैडीज",
      "tr": "Cádiz"
    }
  },
  "ES::santander": {
    "type": "medium_city",
    "names": {
      "fr": "Santander",
      "en": "Santander",
      "es": "Santander",
      "ar": "سانتاندير",
      "zh": "桑坦德",
      "ja": "サンタンデール",
      "ru": "Сантандер",
      "it": "Santander",
      "pt": "Santander",
      "de": "Santander",
      "nl": "Santander",
      "ko": "산탄데르",
      "hi": "सैंतांदर",
      "tr": "Santander",
      "pl": "Santander"
    }
  },
  "ES::avila": {
    "type": "medium_city",
    "names": {
      "es": "Ávila",
      "ar": "آبلة",
      "zh": "阿维拉",
      "ja": "アビラ",
      "ko": "아빌라",
      "ru": "Авила",
      "hi": "आवीला",
      "fr": "Ávila",
      "en": "Ávila",
      "it": "Avila",
      "pt": "Ávila",
      "de": "Ávila",
      "nl": "Ávila",
      "tr": "Ávila",
      "pl": "Ávila"
    }
  },
  "ES::rascafria": {
    "type": "medium_city",
    "names": {
      "fr": "Rascafría",
      "en": "Rascafría",
      "es": "Rascafría",
      "it": "Rascafría",
      "pt": "Rascafría",
      "de": "Rascafría",
      "nl": "Rascafría",
      "ar": "راسكافرا",
      "zh": "拉斯卡夫里亚",
      "ja": "ラスカフリア",
      "ru": "Раскафриа",
      "tr": "Rascafría",
      "pl": "Rascafría"
    }
  },
  "ES::alicante": {
    "type": "medium_city",
    "names": {
      "fr": "Alicante",
      "en": "Alicante",
      "es": "Alicante",
      "it": "Alicante",
      "de": "Alicante",
      "nl": "Alicante",
      "ar": "أليكانتي",
      "ru": "Аликанте",
      "hi": "अलिकंटे",
      "pt": "Alicante",
      "zh": "阿利坎特",
      "ja": "アリカンテ",
      "ko": "알리칸테",
      "tr": "Alicante",
      "pl": "Alicante"
    }
  },
  "ES::getaria": {
    "type": "medium_city",
    "names": {
      "es": "Guetaria",
      "fr": "Saint amant tallende",
      "en": "Getaria",
      "it": "Getaria",
      "pt": "Getaria",
      "de": "Getaria",
      "nl": "Getaria",
      "ar": "غيتاريا",
      "zh": "赫塔里亚",
      "ja": "ゲタリア",
      "ko": "게타리아",
      "ru": "Гетариа",
      "tr": "Getaria",
      "pl": "Getaria"
    }
  },
  "ES::ronda": {
    "type": "medium_city",
    "names": {
      "en": "Ronda",
      "es": "Ronda",
      "ar": "رندة",
      "ru": "Ронда",
      "fr": "Ronda",
      "it": "Ronda",
      "pt": "Ronda",
      "de": "Ronda",
      "nl": "Ronda",
      "zh": "龙达",
      "ja": "ロンダ",
      "ko": "론다",
      "tr": "Ronda",
      "pl": "Ronda"
    }
  },
  "ES::teruel": {
    "type": "medium_city",
    "names": {
      "fr": "Teruel",
      "en": "Teruel",
      "es": "Teruel",
      "pt": "Teruel",
      "ar": "طرويل",
      "zh": "特魯埃爾",
      "ja": "テルエル",
      "ko": "테루엘",
      "ru": "Теруэль",
      "it": "provincia di Teruel",
      "de": "Provinz Teruel",
      "nl": "Teruel",
      "tr": "Teruel İli",
      "pl": "Teruel"
    }
  },
  "ES::toledo": {
    "type": "medium_city",
    "names": {
      "fr": "Tolède",
      "en": "Toledo",
      "es": "Toledo",
      "pt": "Toledo",
      "de": "Toledo",
      "ar": "طليطلة",
      "ko": "톨레도",
      "ru": "Толедо",
      "tr": "Tuleytula",
      "it": "Toledo",
      "nl": "Toledo",
      "zh": "托萊多",
      "ja": "トレド",
      "hi": "टोलेडो, स्पेन"
    }
  },
  "ES::cartagena": {
    "type": "medium_city",
    "names": {
      "fr": "Carthagène",
      "es": "Cartagena",
      "ar": "قرطاجنة",
      "zh": "卡塔赫纳",
      "ja": "カルタヘナ",
      "ru": "Картахена",
      "pl": "Kartagena",
      "en": "Cartagena",
      "it": "Cartagena",
      "pt": "Cartagena",
      "de": "Cartagena",
      "nl": "Cartagena",
      "ko": "카르타헤나",
      "hi": "कार्टाजेना",
      "tr": "Cartagena"
    }
  },
  "ES::pamplona": {
    "type": "medium_city",
    "names": {
      "fr": "Pampelune",
      "en": "Pamplona",
      "es": "Pamplona",
      "it": "Pamplona",
      "ar": "بنبلونة",
      "zh": "潘普洛納",
      "ja": "パンプローナ",
      "ko": "팜플로냐",
      "ru": "Памплона",
      "pl": "Pampeluna",
      "pt": "Pamplona",
      "de": "Pamplona",
      "nl": "Pamplona",
      "hi": "पैम्प्लोना",
      "tr": "Pamplona"
    }
  },
  "ES::pontevedra": {
    "type": "medium_city",
    "names": {
      "es": "Pontevedra",
      "pt": "Ponte Vedra",
      "ar": "بونتيفيدرا",
      "zh": "蓬特韋德拉",
      "ja": "ポンテベドラ",
      "ru": "Понтеведра",
      "fr": "Pontevedra",
      "en": "Pontevedra",
      "it": "Pontevedra",
      "de": "Pontevedra",
      "nl": "Pontevedra",
      "ko": "폰테베드라",
      "hi": "पोन्टेवेड्रा",
      "tr": "Pontevedra",
      "pl": "Pontevedra"
    }
  },
  "ES::girona": {
    "type": "medium_city",
    "names": {
      "fr": "Gérone",
      "es": "Gerona",
      "pt": "Gerunda",
      "nl": "Gerona",
      "ar": "جرندة",
      "zh": "赫罗纳",
      "ja": "ジローナ",
      "ko": "지로나",
      "ru": "Жирона",
      "en": "Girona",
      "it": "Gerona",
      "de": "Girona",
      "hi": "गिरोना",
      "tr": "Girona",
      "pl": "Girona"
    }
  },
  "ES::potes": {
    "type": "medium_city",
    "names": {
      "fr": "Potes",
      "en": "Potes",
      "es": "Potes",
      "it": "Potes",
      "pt": "Potes",
      "de": "Potes",
      "nl": "Potes",
      "ar": "بوتيس",
      "zh": "波特斯",
      "ru": "Потес",
      "tr": "Potes",
      "pl": "Potes"
    }
  },
  "ES::alcudia": {
    "type": "medium_city",
    "names": {
      "es": "Alcúdia",
      "ru": "Алькудия",
      "fr": "Alcúdia",
      "en": "l'Alcúdia",
      "it": "Alcúdia",
      "pt": "Alcúdia",
      "de": "Alcúdia",
      "nl": "Alcúdia",
      "ar": "الكدية",
      "zh": "阿尔库迪亚",
      "ja": "アルクーディア",
      "tr": "Alcúdia",
      "pl": "Alcúdia"
    }
  },
  "ES::cala-bassa": {
    "type": "small_city",
    "names": {
      "en": "Cala Bassa",
      "nl": "Platja de Bassa"
    }
  },
  "ES::benicassim": {
    "type": "medium_city",
    "names": {
      "en": "Benicàssim",
      "es": "Benicasim",
      "fr": "Benicàssim",
      "it": "Benicasim",
      "pt": "Benicasim",
      "de": "Benicàssim",
      "nl": "Benicasim",
      "ar": "بنو قاسم",
      "zh": "贝尼卡西姆",
      "ja": "ベニカシム",
      "ko": "베니카심",
      "ru": "Беникасим",
      "tr": "Benicàssim",
      "pl": "Benicàssim"
    }
  },
  "ES::comillas": {
    "type": "small_city",
    "names": {
      "fr": "Comillas",
      "en": "Comillas",
      "es": "Comillas",
      "it": "Comillas",
      "pt": "Comillas",
      "de": "Comillas",
      "nl": "Comillas",
      "ar": "كومايلاس",
      "zh": "科米利亚斯",
      "ja": "コミージャス",
      "ru": "Комильяс",
      "tr": "Comillas",
      "pl": "Comillas"
    }
  },
  "ES::huesca": {
    "type": "medium_city",
    "names": {
      "fr": "Huesca",
      "en": "Huesca",
      "es": "Huesca",
      "ar": "وشقة",
      "ja": "ウエスカ",
      "ru": "Уэска",
      "it": "provincia di Huesca",
      "pt": "Huesca",
      "de": "Provinz Huesca",
      "nl": "Huesca",
      "zh": "韋斯卡省",
      "ko": "우에스카주",
      "hi": "ह्यूसका प्रांत",
      "tr": "Huesca ili",
      "pl": "Huesca"
    }
  },
  "ES::tossa-de-mar": {
    "type": "medium_city",
    "names": {
      "fr": "Tossa de Mar",
      "en": "Tossa de Mar",
      "es": "Tosa de Mar",
      "it": "Tossa de Mar",
      "pt": "Tossa de Mar",
      "de": "Tossa de Mar",
      "nl": "Tossa de Mar",
      "ar": "توسا دي مار",
      "zh": "托萨德马尔",
      "ja": "トッサ・ダ・マール",
      "ru": "Тоса-де-Мар",
      "tr": "Tossa de Mar",
      "pl": "Tossa de Mar"
    }
  },
  "ES::muxia": {
    "type": "medium_city",
    "names": {
      "en": "Muxía",
      "es": "Muxía",
      "fr": "Muxía",
      "it": "Muxía",
      "pt": "Muxía",
      "de": "Muxía",
      "nl": "Muxía",
      "ar": "موتشيا",
      "zh": "穆希亚",
      "ja": "ムシーア",
      "ru": "Мухиа",
      "tr": "Muxía",
      "pl": "Muxía"
    }
  },
  "ES::cala-comte": {
    "type": "small_city",
    "names": {
      "en": "Cala Comte",
      "es": "Cala Comte"
    }
  },
  "ES::setenil-de-las-bodegas": {
    "type": "medium_city",
    "names": {
      "fr": "Setenil de las Bodegas",
      "en": "Setenil de las Bodegas",
      "es": "Setenil de las Bodegas",
      "it": "Setenil de las Bodegas",
      "pt": "Setenil de las Bodegas",
      "de": "Setenil de las Bodegas",
      "nl": "Setenil de las Bodegas",
      "ar": "سيتينيل دي لاس بودوغاس",
      "zh": "塞特尼尔德拉斯沃德加斯",
      "ru": "Сетениль-де-лас-Бодегас",
      "tr": "Setenil de las Bodegas",
      "pl": "Setenil de las Bodegas"
    }
  },
  "ES::merida": {
    "type": "small_city",
    "names": {
      "fr": "Mérida",
      "en": "Merida",
      "es": "Mérida",
      "ar": "ماردة",
      "ru": "Мерида",
      "it": "Mérida",
      "pt": "Mérida",
      "de": "Mérida",
      "nl": "Mérida",
      "zh": "梅里達",
      "ja": "メリダ",
      "ko": "메리다",
      "hi": "मेरिदा",
      "tr": "Mérida",
      "pl": "Mérida"
    }
  },
  "ES::arrecife": {
    "type": "medium_city",
    "names": {
      "es": "Arrecife",
      "ar": "أريثيفي",
      "ru": "Арресифе",
      "fr": "Arrecife",
      "en": "Arrecife",
      "it": "Arrecife",
      "pt": "Arrecife",
      "de": "Arrecife",
      "nl": "Arrecife",
      "zh": "阿雷西费",
      "ja": "アレシフェ",
      "ko": "어레시페",
      "hi": "अररेसिफे",
      "tr": "Lanzarote Arrecife",
      "pl": "Arrecife"
    }
  },
  "ES::cuenca": {
    "type": "medium_city",
    "names": {
      "es": "Cuenca",
      "ar": "قونكة",
      "ru": "Куэнка",
      "fr": "Cuenca",
      "en": "Cuenca",
      "it": "Cuenca",
      "pt": "Cuenca",
      "de": "Cuenca",
      "nl": "Cuenca",
      "zh": "昆卡",
      "ja": "クエンカ",
      "ko": "쿠엥카",
      "hi": "कुऐनका",
      "tr": "Cuenca",
      "pl": "Cuenca"
    }
  },
  "ES::nijar": {
    "type": "medium_city",
    "names": {
      "ar": "نايجار",
      "fr": "Níjar",
      "en": "Níjar",
      "es": "Níjar",
      "it": "Níjar",
      "pt": "Níjar",
      "de": "Níjar",
      "nl": "Níjar",
      "zh": "尼哈尔",
      "ja": "ニハル (スペイン)",
      "ru": "Нихар",
      "tr": "Níjar",
      "pl": "Níjar"
    }
  },
  "ES::vitoria-gasteiz": {
    "type": "medium_city",
    "names": {
      "fr": "Vitoria-Gasteiz",
      "en": "Vitoria-Gasteiz",
      "es": "Vitoria",
      "de": "Vitoria-Gasteiz",
      "ar": "فيتوريا-غاستيز",
      "zh": "維多利亞",
      "ja": "ビトリア",
      "ko": "비토리아",
      "ru": "Витория",
      "it": "Vitoria",
      "pt": "Vitoria-Gasteiz",
      "nl": "Vitoria-Gasteiz",
      "hi": "विटोरिया-गास्टिज",
      "tr": "Vitoria-Gasteiz",
      "pl": "Vitoria-Gasteiz"
    }
  },
  "ES::roncesvalles": {
    "type": "small_city",
    "names": {
      "fr": "Roncevaux",
      "es": "Roncesvalles",
      "it": "Roncisvalle",
      "pt": "Roncesvales",
      "en": "Orreaga-Roncesvalles",
      "de": "Orreaga-Roncesvalles",
      "nl": "Orreaga-Roncesvalles",
      "ar": "رنشفالة",
      "zh": "龙塞斯瓦列斯",
      "ja": "ロンセスバーリェス",
      "ru": "Ронсесвальес",
      "tr": "Orreaga-Roncesvalles",
      "pl": "Orreaga-Roncesvalles"
    }
  },
  "ES::vilafames": {
    "type": "medium_city",
    "names": {
      "fr": "Vilafamés",
      "en": "Vilafamés",
      "es": "Villafamés",
      "it": "Vilafamés",
      "pt": "Vilafamés",
      "de": "Vilafamés",
      "nl": "Vilafamés",
      "ar": "فيلافاميس",
      "zh": "比拉法梅斯",
      "ru": "Вилафамес",
      "tr": "Vilafamés",
      "pl": "Vilafamés"
    }
  },
  "ES::cala-benirras": {
    "type": "small_city",
    "names": {
      "fr": "Port de Benirrás",
      "en": "Cala Benirràs",
      "es": "Cala Benirràs",
      "nl": "Cala Biniaraix"
    }
  },
  "ES::almeria": {
    "type": "medium_city",
    "names": {
      "fr": "Alméria",
      "en": "Almeria",
      "pt": "Almeria",
      "ar": "المرية",
      "ja": "アルメリア",
      "ko": "알메리아",
      "ru": "Альмерия",
      "tr": "Meriye",
      "pl": "Almeria",
      "es": "Almería",
      "it": "Almería",
      "de": "Almería",
      "nl": "Almería",
      "zh": "阿尔梅里亚",
      "hi": "अल्मेरिया"
    }
  },
  "ES::espalmador": {
    "type": "small_city",
    "names": {
      "en": "Espalmador Island",
      "es": "Isla de Espalmador",
      "de": "Espalmador",
      "ja": "エスパルマドール島",
      "fr": "Espalmador",
      "it": "Espalmador",
      "pt": "S'Espalmador",
      "nl": "Espalmador",
      "pl": "S'Espalmador"
    }
  },
  "ES::cabo-de-gata": {
    "type": "medium_city",
    "names": {
      "de": "Kap des Achats",
      "fr": "Cabo de Gata",
      "en": "Cape Gata",
      "es": "Cabo de Gata",
      "it": "Cabo de Gata",
      "pt": "Cabo de Gata",
      "nl": "Cabo de Gata",
      "ar": "رأس غاتا",
      "zh": "加塔角",
      "ru": "Гата",
      "pl": "Przylądek Gata"
    }
  },
  "ES::cala-galdana": {
    "type": "medium_city",
    "names": {
      "en": "Cala Galdana",
      "es": "Cala Galdana",
      "it": "Cala Galdana",
      "de": "Cala Galdana",
      "pl": "Cala Galdana"
    }
  },
  "ES::las-negras": {
    "type": "medium_city",
    "names": {
      "en": "Las Negras",
      "es": "Las Negras",
      "it": "Las Negras",
      "nl": "Las Negras"
    }
  },
  "ES::guernica": {
    "type": "medium_city",
    "names": {
      "fr": "Guernica",
      "en": "Guernica",
      "es": "Guernica y Luno",
      "it": "Guernica",
      "pt": "Guernica e Luno",
      "de": "Gernika",
      "nl": "Guernica",
      "ar": "غيرنايكا-لومو",
      "zh": "格爾尼卡",
      "ja": "ゲルニカ",
      "ko": "게르니카-루모",
      "ru": "Герника",
      "pl": "Guernica",
      "tr": "Guernica"
    }
  },
  "ES::haro": {
    "type": "medium_city",
    "names": {
      "fr": "Haro",
      "en": "Haro",
      "es": "Haro",
      "it": "Haro",
      "pt": "Haro",
      "de": "Haro",
      "nl": "Haro",
      "ar": "أرو",
      "zh": "阿罗",
      "ja": "アーロ",
      "ko": "아로",
      "ru": "Аро",
      "tr": "Haro",
      "pl": "Haro"
    }
  },
  "ES::gijon": {
    "type": "medium_city",
    "names": {
      "fr": "Gijon",
      "en": "Gijón",
      "es": "Gijón",
      "ar": "خيخون",
      "ko": "히혼",
      "ru": "Хихон",
      "it": "Gijón",
      "pt": "Gijón",
      "de": "Gijón",
      "nl": "Gijón",
      "zh": "希洪",
      "ja": "ヒホン",
      "tr": "Gijón",
      "pl": "Gijón"
    }
  },
  "ES::grazalema": {
    "type": "small_city",
    "names": {
      "fr": "Grazalema",
      "en": "Grazalema",
      "es": "Grazalema",
      "it": "Grazalema",
      "pt": "Grazalema",
      "de": "Grazalema",
      "nl": "Grazalema",
      "ar": "جرازاليما",
      "zh": "格拉萨莱马",
      "ru": "Грасалема",
      "tr": "Grazalema",
      "pl": "Grazalema"
    }
  },
  "ES::murcia": {
    "type": "medium_city",
    "names": {
      "fr": "Murcie",
      "es": "Murcia",
      "it": "Murcia",
      "pt": "Múrcia",
      "de": "Murcia",
      "nl": "Murcia",
      "ar": "مرسية",
      "zh": "穆尔西亚",
      "ja": "ムルシア",
      "ko": "무르시아",
      "ru": "Мурсия",
      "tr": "Mürsiye",
      "pl": "Murcja",
      "en": "Murcia",
      "hi": "मर्सिया"
    }
  },
  "ES::alcala-de-xivert": {
    "type": "medium_city",
    "names": {
      "es": "Alcalá de Chivert",
      "fr": "Alcalà de Xivert",
      "en": "Alcalà de Xivert",
      "it": "Alcalà de Xivert",
      "pt": "Alcalà de Xivert",
      "de": "Alcalà de Xivert",
      "nl": "Alcalà de Xivert",
      "ar": "الكالا دي تشيفيرت",
      "zh": "阿尔卡拉德克西韦尔特",
      "ja": "アルカラ・デ・シヴェルト",
      "ru": "Алькала-де-Чиверт",
      "tr": "Alcalà de Xivert",
      "pl": "Alcalà de Xivert"
    }
  },
  "ES::cangas-de-onis": {
    "type": "medium_city",
    "names": {
      "fr": "Cangas de Onís",
      "en": "Cangues d'Onís",
      "es": "Cangas de Onís",
      "it": "Cangas de Onís",
      "pt": "Cangas de Onís",
      "de": "Cangas de Onís",
      "nl": "Cangas de Onís",
      "ar": "كانغاس دي أونيس",
      "zh": "坎加斯德奥尼斯",
      "ja": "カンガス・デ・オニス",
      "ru": "Кангас-де-Онис",
      "tr": "Cangues d'Onís",
      "pl": "Cangas de Onís"
    }
  },
  "ES::mahon": {
    "type": "small_city",
    "names": {
      "fr": "Port-Mahon",
      "es": "Mahón",
      "en": "Maó",
      "it": "Mahón",
      "pt": "Maó",
      "de": "Mahon",
      "nl": "Maó",
      "ar": "ماون، جزر البليار",
      "zh": "马翁",
      "ja": "マオー",
      "ko": "마온",
      "ru": "Маон",
      "tr": "Maó",
      "pl": "Maó"
    }
  },
  "ES::ciutadella": {
    "type": "small_city",
    "names": {
      "fr": "Citadelle",
      "es": "Ciudadela",
      "en": "Ciutadella de Menorca",
      "it": "Ciutadella de Menorca",
      "pt": "Ciutadella de Menorca",
      "de": "Ciutadella",
      "nl": "Ciutadella de Menorca",
      "ar": "مدينة منورقة",
      "zh": "休达德拉",
      "ja": "シウタデリャ・デ・メノルカ",
      "ko": "시우타데야데메노르카",
      "ru": "Сиудадела",
      "tr": "Ciutadella de Menorca",
      "pl": "Ciutadella de Menorca"
    }
  },
  "ES::guadalupe": {
    "type": "small_city",
    "names": {
      "es": "Guadalupe",
      "zh": "瓜达卢佩",
      "ja": "グアダルーペ",
      "ru": "Гуадалупе",
      "fr": "Guadalupe",
      "en": "Guadalupe",
      "it": "Guadalupe",
      "pt": "Guadalupe",
      "de": "Guadalupe",
      "nl": "Guadalupe",
      "ar": "غوادالوبي",
      "hi": "ग्वाडालूप",
      "tr": "Guadalupe",
      "pl": "Guadalupe"
    }
  },
  "ES::logrono": {
    "type": "medium_city",
    "names": {
      "fr": "Logrogne",
      "es": "Logroño",
      "ar": "الكروني",
      "ja": "ログローニョ",
      "ru": "Логроньо",
      "en": "Logroño",
      "it": "Logroño",
      "pt": "Logroño",
      "de": "Logroño",
      "nl": "Logroño",
      "zh": "洛格罗尼奥",
      "ko": "로그로뇨",
      "hi": "लोगरोनयो",
      "tr": "Logroño",
      "pl": "Logroño"
    }
  },
  "ES::binibeca": {
    "type": "medium_city",
    "names": {
      "es": "Binibeca Vell",
      "fr": "Binibeca Vell",
      "en": "Binibeca Vell"
    }
  },
  "ES::cazorla": {
    "type": "medium_city",
    "names": {
      "ar": "كاثورلا",
      "fr": "Cazorla",
      "en": "Cazorla",
      "es": "Cazorla",
      "it": "Cazorla",
      "pt": "Cazorla",
      "de": "Cazorla",
      "nl": "Cazorla",
      "zh": "卡索尔拉",
      "ru": "Касорла",
      "tr": "Cazorla",
      "pl": "Cazorla"
    }
  },
  "ES::san-millan": {
    "type": "small_city",
    "names": {
      "es": "San Millán",
      "fr": "San Millán-Donemiliaga",
      "en": "San Millán-Donemiliaga",
      "it": "San Millán",
      "pt": "San Millán-Donemiliaga",
      "de": "San Millán",
      "nl": "San Millán-Donemiliaga",
      "ar": "سان ميان، ألافا",
      "zh": "圣米良",
      "ja": "サン・ミリャン/ドネミリアガ",
      "ru": "Сан-Мильян",
      "tr": "San Millán-Donemiliaga",
      "pl": "San Millán-Donemiliaga"
    }
  },
  "ES::mojacar": {
    "type": "medium_city",
    "names": {
      "es": "Mojácar",
      "zh": "莫哈卡尔",
      "ru": "Мохакар",
      "fr": "Mojácar",
      "en": "Mojácar",
      "it": "Mojácar",
      "pt": "Mojácar",
      "de": "Mojácar",
      "nl": "Mojácar",
      "ar": "موجاكار",
      "tr": "Mojácar",
      "pl": "Mojácar"
    }
  },
  "ES::donana": {
    "type": "medium_city",
    "names": {
      "fr": "parc national de Doñana",
      "en": "Doñana National and Natural Park",
      "es": "Doñana",
      "it": "Parco nazionale di Doñana",
      "pt": "Parque Nacional de Doñana",
      "de": "Nationalpark Coto de Doñana",
      "nl": "Nationaal park Doñana",
      "ar": "منتزه دنيانا الوطني",
      "zh": "多尼亞納國家公園",
      "ja": "ドニャーナ国立公園",
      "ko": "도냐나 국립공원",
      "ru": "Доньяна",
      "hi": "दोनाना राष्ट्रीय उद्यान",
      "tr": "Doñana Ulusal Parkı",
      "pl": "Park Narodowy Doñana"
    }
  },
  "ES::vejer-de-la-frontera": {
    "type": "medium_city",
    "names": {
      "ar": "بكة الفرنتيرة",
      "fr": "Vejer de la Frontera",
      "en": "Vejer de la Frontera",
      "es": "Vejer de la Frontera",
      "it": "Vejer de la Frontera",
      "pt": "Vejer de la Frontera",
      "de": "Vejer de la Frontera",
      "nl": "Vejer de la Frontera",
      "zh": "贝赫尔-德拉弗龙特拉",
      "ja": "ベヘール・デ・ラ・フロンテーラ",
      "ko": "베헤르데라프론테라",
      "ru": "Вехер-де-ла-Фронтера",
      "tr": "Vejer de la Frontera",
      "pl": "Vejer de la Frontera"
    }
  },
  "ES::penalba-de-santiago": {
    "type": "small_city",
    "names": {
      "fr": "Peñalba de Santiago",
      "en": "Peñalba de Santiago",
      "es": "Peñalba de Santiago",
      "pt": "Peñalba de Santiago",
      "de": "Peñalba de Santiago",
      "nl": "Peñalba de Santiago"
    }
  },
  "ES::jerez-de-la-frontera": {
    "type": "medium_city",
    "names": {
      "fr": "Xérès",
      "en": "Jerez",
      "de": "Jerez de la Frontera",
      "ar": "شريش",
      "ru": "Херес-де-ла-Фронтера",
      "es": "Jerez de la Frontera",
      "it": "Jerez de la Frontera",
      "pt": "Jerez de la Frontera",
      "nl": "Jerez de la Frontera",
      "zh": "赫雷斯-德拉弗龙特拉",
      "ja": "ヘレス・デ・ラ・フロンテーラ",
      "ko": "헤레스데라프론테라",
      "hi": "हेरेज़ दे ला फ्रॉन्टेरा",
      "tr": "Jerez de la Frontera",
      "pl": "Jerez de la Frontera"
    }
  },
  "ES::buitrago": {
    "type": "medium_city",
    "names": {
      "fr": "Buitrago",
      "en": "Buitrago",
      "es": "Buitrago",
      "it": "Buitrago",
      "pt": "Buitrago",
      "de": "Buitrago",
      "nl": "Buitrago",
      "ar": "بويتراجو",
      "zh": "布伊特拉戈",
      "ru": "Буйтраго",
      "tr": "Buitrago",
      "pl": "Buitrago"
    }
  },
  "ES::huelva": {
    "type": "medium_city",
    "names": {
      "es": "Huelva",
      "ar": "ولبة",
      "ja": "ウエルバ",
      "ru": "Уэльва",
      "fr": "Huelva",
      "en": "Huelva",
      "it": "Huelva",
      "pt": "Huelva",
      "de": "Huelva",
      "nl": "Huelva",
      "zh": "韦尔瓦",
      "ko": "우엘바",
      "hi": "ह्यूएलवा",
      "tr": "Huelva",
      "pl": "Huelva"
    }
  },
  "ES::ayamonte": {
    "type": "medium_city",
    "names": {
      "es": "Ayamonte",
      "fr": "Ayamonte",
      "en": "Ayamonte",
      "it": "Ayamonte",
      "pt": "Aiamonte",
      "de": "Ayamonte",
      "nl": "Ayamonte",
      "ar": "أيامونتي",
      "zh": "阿亚蒙特",
      "ja": "アジャモンテ",
      "ru": "Айямонте",
      "tr": "Ayamonte",
      "pl": "Ayamonte"
    }
  },
  "ES::jaen": {
    "type": "medium_city",
    "names": {
      "fr": "Jaén",
      "es": "Jaén",
      "ar": "خاين",
      "ko": "하엔",
      "ru": "Хаэн",
      "en": "Jaén Province",
      "it": "provincia di Jaén",
      "pt": "Jaén",
      "de": "Jaén",
      "nl": "Jaén",
      "zh": "哈恩省",
      "ja": "ハエン県",
      "hi": "जैएन प्रांत",
      "tr": "Jaén ili",
      "pl": "Jaén"
    }
  },
  "ES::leon": {
    "type": "small_city",
    "names": {
      "es": "León",
      "ar": "ليون",
      "ja": "レオン",
      "ko": "레온",
      "ru": "Леон",
      "hi": "लॆऒन्",
      "fr": "León",
      "en": "León",
      "it": "León",
      "pt": "Leão",
      "de": "León",
      "nl": "León",
      "zh": "莱昂",
      "tr": "León",
      "pl": "León"
    }
  },
  "ES::cadaques": {
    "type": "small_city",
    "names": {
      "fr": "Cadaqués",
      "en": "Cadaqués",
      "es": "Cadaqués",
      "it": "Cadaqués",
      "pt": "Cadaqués",
      "de": "Cadaqués",
      "nl": "Cadaqués",
      "ar": "كاداكيس",
      "zh": "卡达克斯",
      "ja": "カダケス",
      "ru": "Кадакес",
      "tr": "Cadaqués",
      "pl": "Cadaqués"
    }
  },
  "ES::sajazarra": {
    "type": "medium_city",
    "names": {
      "fr": "Sajazarra",
      "en": "Sajazarra",
      "es": "Sajazarra",
      "it": "Sajazarra",
      "pt": "Sajazarra",
      "de": "Sajazarra",
      "nl": "Sajazarra",
      "zh": "萨哈萨拉",
      "ru": "Сахасарра",
      "tr": "Sajazarra",
      "pl": "Sajazarra"
    }
  },
  "ES::corralejo": {
    "type": "medium_city",
    "names": {
      "es": "Corralejo",
      "ru": "Коральехо",
      "fr": "Corralejo",
      "en": "Corralejo",
      "it": "Corralejo",
      "de": "Corralejo",
      "nl": "Corralejo",
      "zh": "科拉莱霍",
      "ja": "コラレッホ",
      "pl": "Corralejo"
    }
  },
  "ES::el-rocio": {
    "type": "small_city",
    "names": {
      "fr": "Santuario de Nuestra Señora del Rocío",
      "en": "National Shrine of Our Lady of the Dew",
      "es": "Santuario Nacional de Nuestra Señora del Rocío",
      "it": "Santuario del Rocío",
      "de": "Santuario de Nuestra Señora del Rocío",
      "nl": "Hermitage of El Rocío",
      "ja": "エル・ロシーオの礼拝堂"
    }
  },
  "ES::figueres": {
    "type": "small_city",
    "names": {
      "fr": "Figuières",
      "es": "Figueres",
      "ru": "Фигерас",
      "en": "Figueres",
      "it": "Figueres",
      "pt": "Figueres",
      "de": "Figueres",
      "nl": "Figueres",
      "ar": "فيغيراس",
      "zh": "菲格拉斯",
      "ja": "フィゲラス",
      "ko": "피게레스",
      "tr": "Figueres",
      "pl": "Figueres"
    }
  },
  "ES::xativa": {
    "type": "medium_city",
    "names": {
      "es": "Játiva",
      "ru": "Хатива",
      "tr": "Şâtıbe",
      "fr": "Xàtiva",
      "en": "Xàtiva",
      "it": "Xàtiva",
      "pt": "Xàtiva",
      "de": "Xàtiva",
      "nl": "Xàtiva",
      "ar": "شاطبة",
      "zh": "哈蒂瓦",
      "ja": "シャティヴァ",
      "pl": "Xàtiva"
    }
  },
  "ES::castro-urdiales": {
    "type": "small_city",
    "names": {
      "fr": "Castro-Urdiales",
      "en": "Castro Urdiales",
      "es": "Castro-Urdiales",
      "it": "Castro-Urdiales",
      "pt": "Castro-Urdiales",
      "de": "Castro Urdiales",
      "nl": "Castro Urdiales",
      "ar": "كاسترو أورديالس",
      "zh": "卡斯特罗-乌尔迪亚莱斯",
      "ja": "カストロ・ウルディアレス",
      "ru": "Кастро-Урдьялес",
      "tr": "Castro Urdiales",
      "pl": "Castro-Urdiales"
    }
  },
  "ES::las-medulas": {
    "type": "small_city",
    "names": {
      "fr": "Las Médulas",
      "en": "Las Médulas",
      "es": "Las Médulas",
      "it": "Las Médulas",
      "pt": "Las Médulas",
      "de": "Las Médulas",
      "nl": "Las Médulas",
      "ar": "لاس مدولاس",
      "zh": "拉斯梅杜拉斯",
      "ja": "ラス・メドゥラス",
      "ru": "Лас-Медулас",
      "hi": "लास मेदुलास",
      "tr": "Las Médulas",
      "pl": "Las Médulas"
    }
  },
  "ES::peniscola": {
    "type": "small_city",
    "names": {
      "en": "Peníscola",
      "es": "Peñíscola",
      "fr": "Peníscola",
      "it": "Peñíscola",
      "pt": "Peníscola",
      "de": "Peñíscola",
      "nl": "Peníscola",
      "ar": "بنشكلة",
      "zh": "佩尼伊斯科拉",
      "ja": "ペニスコラ",
      "ru": "Пеньискола",
      "tr": "Peniscola",
      "pl": "Peníscola"
    }
  },
  "ES::monfrague": {
    "type": "medium_city",
    "names": {
      "fr": "Monfragüe",
      "en": "Monfragüe train station",
      "es": "estación de Monfragüe",
      "de": "Bahnhof Monfragüe",
      "nl": "station Monfragüe",
      "pl": "Monfragüe"
    }
  },
  "ES::aranjuez": {
    "type": "small_city",
    "names": {
      "en": "Aranjuez",
      "es": "Aranjuez",
      "ru": "Аранхуэс",
      "fr": "Aranjuez",
      "it": "Aranjuez",
      "pt": "Aranjuez",
      "de": "Aranjuez",
      "nl": "Aranjuez",
      "ar": "آرنخويث",
      "zh": "阿兰胡埃斯",
      "ja": "アランフエス",
      "ko": "아랑후에스",
      "tr": "Aranjuez",
      "pl": "Aranjuez"
    }
  },
  "ES::selva-de-irati": {
    "type": "medium_city",
    "names": {
      "es": "Selva de Irati",
      "en": "Selva de Irati"
    }
  },
  "ES::albufera": {
    "type": "small_city",
    "names": {
      "fr": "lagune",
      "en": "lagoon",
      "es": "laguna costera",
      "it": "laguna",
      "pt": "laguna",
      "de": "Lagune",
      "nl": "lagune",
      "ar": "بحيرة شاطئة",
      "zh": "潟湖",
      "ja": "ラグーン",
      "ko": "석호",
      "ru": "лагуна",
      "hi": "अनूप झील",
      "tr": "deniz kulağı",
      "pl": "Laguna"
    }
  },
  "ES::llanes": {
    "type": "small_city",
    "names": {
      "fr": "Llanes",
      "en": "Llanes",
      "es": "Llanes",
      "it": "Llanes",
      "pt": "Llanes",
      "de": "Llanes",
      "nl": "Llanes",
      "ar": "يانيس",
      "zh": "利亚内斯",
      "ja": "リャネス",
      "ru": "Льянес",
      "tr": "Llanes",
      "pl": "Llanes"
    }
  },
  "ES::albarracin": {
    "type": "small_city",
    "names": {
      "es": "Albarracín",
      "ar": "بني رزين",
      "fr": "Albarracín",
      "en": "Albarracín",
      "it": "Albarracín",
      "pt": "Albarracín",
      "de": "Albarracín",
      "nl": "Albarracín",
      "zh": "阿尔瓦拉辛",
      "ja": "アルバラシン",
      "ru": "Альбаррасин",
      "tr": "Albarracín",
      "pl": "Albarracín"
    }
  },
  "ES::lorca": {
    "type": "medium_city",
    "names": {
      "es": "Lorca",
      "ar": "لرقة",
      "ru": "Лорка",
      "fr": "Lorca",
      "en": "Lorca",
      "it": "Lorca",
      "pt": "Lorca",
      "de": "Lorca",
      "nl": "Lorca",
      "zh": "洛爾卡",
      "ja": "ロルカ",
      "ko": "스페인 로르카",
      "tr": "Lorca",
      "pl": "Lorca"
    }
  },
  "ES::morella": {
    "type": "small_city",
    "names": {
      "fr": "Morella",
      "en": "Morella",
      "es": "Morella",
      "it": "Morella",
      "pt": "Morella",
      "de": "Morella",
      "nl": "Morella",
      "ar": "مرلة",
      "zh": "莫雷利亚",
      "ja": "モレーリャ",
      "ru": "Морелья",
      "tr": "Morella",
      "pl": "Morella"
    }
  },
  "ES::castillo-de-loarre": {
    "type": "small_city",
    "names": {
      "fr": "château de Loarre",
      "en": "Loarre Castle",
      "es": "Castillo de Loarre",
      "it": "Castello di Loarre",
      "pt": "Castelo de Loarre",
      "de": "Castillo de Loarre",
      "nl": "Loarre Castle",
      "zh": "Loarre城堡",
      "ja": "ロアーレ城",
      "ko": "로아레성",
      "ru": "Замок Лоарре",
      "hi": "लोआरे किला",
      "tr": "Loarre Kalesi"
    }
  },
  "ES::betancuria": {
    "type": "medium_city",
    "names": {
      "fr": "Betancuria",
      "en": "Betancuria",
      "es": "Betancuria",
      "it": "Betancuria",
      "pt": "Betancuria",
      "de": "Betancuria",
      "nl": "Betancuria",
      "ar": "بيتانكوريا",
      "zh": "贝坦库里亚",
      "ja": "ベタンクリア",
      "ru": "Бетанкуриа",
      "tr": "Betancuria",
      "pl": "Betancuria"
    }
  },
  "ES::jandia": {
    "type": "medium_city",
    "names": {
      "fr": "péninsule de Jandía",
      "en": "Jandía",
      "es": "Península de Jandía",
      "de": "Jandía",
      "nl": "Jandía",
      "zh": "汉迪亚半岛",
      "ja": "ハンディア峰"
    }
  },
  "ES::aguilas": {
    "type": "medium_city",
    "names": {
      "es": "Águilas",
      "ar": "أغيلاس",
      "ru": "Агилас",
      "fr": "Águilas",
      "en": "Águilas",
      "it": "Águilas",
      "pt": "Águilas",
      "de": "Águilas",
      "nl": "Águilas",
      "zh": "阿吉拉斯",
      "ja": "アギラス",
      "ko": "아길라스",
      "tr": "Águilas",
      "pl": "Águilas"
    }
  },
  "ES::alquezar": {
    "type": "small_city",
    "names": {
      "fr": "Alquézar",
      "en": "Alquézar",
      "es": "Alquézar",
      "it": "Alquézar",
      "pt": "Alquézar",
      "de": "Alquézar",
      "nl": "Alquézar",
      "ar": "القصر",
      "zh": "阿尔克萨尔",
      "ru": "Алькесар",
      "tr": "Alquézar",
      "pl": "Alquézar"
    }
  },
  "ES::sanlucar-de-barrameda": {
    "type": "medium_city",
    "names": {
      "es": "Sanlúcar de Barrameda",
      "ar": "شلوقة",
      "ru": "Санлукар-де-Баррамеда",
      "fr": "Sanlúcar de Barrameda",
      "en": "Sanlúcar de Barrameda",
      "it": "Sanlúcar de Barrameda",
      "pt": "Sanlúcar de Barrameda",
      "de": "Sanlúcar de Barrameda",
      "nl": "Sanlúcar de Barrameda",
      "zh": "桑卢卡尔-德巴拉梅达",
      "ja": "サンルーカル・デ・バラメーダ",
      "ko": "산루카르데바라메다",
      "tr": "Sanlúcar de Barrameda",
      "pl": "Sanlúcar de Barrameda"
    }
  },
  "ES::ses-illetes-formentera": {
    "type": "small_city",
    "names": {
      "pl": "Plaża Ses Illetes na Balearach",
      "en": "Ses Illetes",
      "es": "Ses Illetes",
      "de": "Ses Illetes"
    }
  },
  "ES::punta-umbria": {
    "type": "small_city",
    "names": {
      "ar": "بونتا أومبريا",
      "fr": "Punta Umbría",
      "en": "Punta Umbría",
      "es": "Punta Umbría",
      "it": "Punta Umbría",
      "pt": "Punta Umbría",
      "de": "Punta Umbría",
      "nl": "Punta Umbría",
      "zh": "蓬陶恩夫里亚",
      "ja": "プンタ・ウンブリア",
      "ru": "Пунта-Умбриа",
      "tr": "Punta Umbría",
      "pl": "Punta Umbría"
    }
  },
  "ES::covarrubias": {
    "type": "small_city",
    "names": {
      "fr": "Covarrubias",
      "en": "Covarrubias",
      "es": "Covarrubias",
      "it": "Covarrubias",
      "pt": "Covarrubias",
      "de": "Covarrubias",
      "nl": "Covarrubias",
      "ar": "كوفاروباياس",
      "zh": "科瓦鲁维亚斯",
      "ru": "Коваррубиас",
      "tr": "Covarrubias",
      "pl": "Covarrubias"
    }
  },
  "ES::palos-de-la-frontera": {
    "type": "small_city",
    "names": {
      "es": "Palos de la Frontera",
      "ar": "بالوس دي لا فرونتيرا",
      "ru": "Палос-де-ла-Фронтера",
      "fr": "Palos de la Frontera",
      "en": "Palos de la Frontera",
      "it": "Palos de la Frontera",
      "pt": "Palos de la Frontera",
      "de": "Palos de la Frontera",
      "nl": "Palos de la Frontera",
      "zh": "帕洛斯-德拉弗龙特拉",
      "ja": "パロス・デ・ラ・フロンテーラ",
      "ko": "팔로스데라프론테라",
      "tr": "Palos de la Frontera",
      "pl": "Palos de la Frontera"
    }
  },
  "ES::laguardia": {
    "type": "small_city",
    "names": {
      "es": "Laguardia",
      "fr": "Laguardia - Guardia",
      "en": "Laguardia - Guardia",
      "it": "Laguardia",
      "pt": "Laguardia",
      "de": "Laguardia",
      "nl": "Laguardia",
      "ar": "لاغوارديا",
      "zh": "拉瓜尔迪亚",
      "ja": "ラグアルディア",
      "ru": "Ла Гардиа",
      "tr": "Laguardia - Guardia",
      "pl": "Laguardia"
    }
  },
  "ES::puerto-del-rosario": {
    "type": "small_city",
    "names": {
      "es": "Puerto del Rosario",
      "nl": "Puerto del Rosario",
      "ar": "بويرتو ديل روساريو",
      "ru": "Пуэрто-дель-Росарио",
      "fr": "Puerto del Rosario",
      "en": "Puerto del Rosario",
      "it": "Puerto del Rosario",
      "pt": "Puerto del Rosario",
      "de": "Puerto del Rosario",
      "zh": "罗萨里奥港",
      "ja": "プエルト・デル・ロサリオ",
      "ko": "푸에르토델로사리오",
      "tr": "Puerto del Rosario",
      "pl": "Puerto del Rosario"
    }
  },
  "ES::olite": {
    "type": "small_city",
    "names": {
      "es": "Olite",
      "fr": "Olite-Erriberri",
      "en": "Olite/Erriberri",
      "it": "Olite",
      "pt": "Olite-Erriberri",
      "de": "Olite-Erriberri",
      "nl": "Olite",
      "zh": "奥利特",
      "ja": "オリテ",
      "ru": "Олите",
      "tr": "Olite/Erriberri",
      "pl": "Olite"
    }
  },
  "ES::cudillero": {
    "type": "small_city",
    "names": {
      "es": "Cudillero",
      "fr": "Cudillero",
      "en": "Cudillero",
      "it": "Cudillero",
      "pt": "Cudillero",
      "de": "Cudillero",
      "nl": "Cudillero",
      "ar": "كودييرو",
      "zh": "库迪列罗",
      "ja": "クディリェーロ",
      "ru": "Кудильеро",
      "tr": "Cudillero",
      "pl": "Cudillero"
    }
  },
  "ES::jameos-del-agua": {
    "type": "small_city",
    "names": {
      "fr": "Jameos del Agua",
      "en": "Jameos del Agua",
      "es": "Jameos del Agua",
      "de": "Jameos del Agua",
      "nl": "Jameos del Agua"
    }
  },
  "ES::matalascanas": {
    "type": "small_city",
    "names": {
      "fr": "Matalascañas",
      "en": "Matalascañas",
      "es": "Matalascañas",
      "pt": "Matalascañas",
      "de": "Matalascañas",
      "nl": "Matalascañas",
      "ja": "マタラスカニャス",
      "ko": "마탈라스카냐스",
      "ru": "Маталасканьяс"
    }
  },
  "ES::zuheros": {
    "type": "small_city",
    "names": {
      "fr": "Zuheros",
      "en": "Zuheros",
      "es": "Zuheros",
      "it": "Zuheros",
      "pt": "Zuheros",
      "de": "Zuheros",
      "nl": "Zuheros",
      "ar": "زوهيروس، قرطبة",
      "zh": "苏埃罗斯",
      "ja": "スエロス",
      "ru": "Суерос",
      "tr": "Zuheros",
      "pl": "Zuheros"
    }
  },
  "ES::cabo-de-palos": {
    "type": "medium_city",
    "names": {
      "ar": "رأس بالوس",
      "fr": "Cabo de Palos",
      "en": "Cape Palos",
      "es": "Cabo de Palos",
      "it": "Capo Palos",
      "de": "Cabo de Palos",
      "nl": "Cabo de Palos",
      "zh": "帕洛斯角",
      "ja": "パロス岬",
      "ru": "Палос",
      "pl": "Przylądek Palos"
    }
  },
  "ES::aguas-blancas": {
    "type": "small_city",
    "names": {
      "fr": "Aguas Blancas",
      "en": "Aguas Blancas",
      "es": "Aguas Blancas",
      "it": "Aguas Blancas",
      "pt": "Aguas Blancas",
      "de": "Aguas Blancas"
    }
  },
  "ES::aranda-de-duero": {
    "type": "small_city",
    "names": {
      "en": "Aranda de Duero",
      "es": "Aranda de Duero",
      "ar": "أراندا دي دويرو",
      "zh": "杜罗河畔阿兰达",
      "ja": "アランダ・デ・ドゥエロ",
      "ko": "아란다데두에로",
      "ru": "Аранда-де-Дуэро",
      "fr": "Aranda de Duero",
      "it": "Aranda de Duero",
      "pt": "Aranda do Douro",
      "de": "Aranda de Duero",
      "nl": "Aranda de Duero",
      "tr": "Aranda de Duero",
      "pl": "Aranda de Duero"
    }
  },
  "ES::el-cotillo": {
    "type": "small_city",
    "names": {
      "fr": "El Cotillo",
      "en": "El Cotillo",
      "es": "El Cotillo",
      "de": "El Cotillo",
      "nl": "El Cotillo"
    }
  },
  "ES::trujillo": {
    "type": "medium_city",
    "names": {
      "fr": "Trujillo",
      "en": "Trujillo",
      "es": "Trujillo",
      "it": "Trujillo",
      "pt": "Trujillo",
      "de": "Trujillo",
      "nl": "Trujillo",
      "ar": "ترجالة",
      "zh": "特鲁希略",
      "ja": "トルヒーリョ",
      "ko": "트루히요",
      "ru": "Трухильо",
      "tr": "Trujillo",
      "pl": "Trujillo"
    }
  },
  "ES::zamora": {
    "type": "small_city",
    "names": {
      "ru": "Самора",
      "fr": "province de Zamora",
      "en": "Zamora Province",
      "es": "provincia de Zamora",
      "it": "provincia di Zamora",
      "pt": "província de Samora",
      "de": "Provinz Zamora",
      "nl": "Zamora",
      "ar": "سمورة",
      "zh": "萨莫拉省",
      "ja": "サモラ県",
      "ko": "사모라주",
      "hi": "ज़मोरा प्रांत",
      "tr": "Zamora ili",
      "pl": "Zamora"
    }
  },
  "ES::orbaneja-del-castillo": {
    "type": "small_city",
    "names": {
      "en": "Orbaneja del Castillo",
      "es": "Orbaneja del Castillo",
      "de": "Orbaneja del Castillo"
    }
  },
  "ES::tabernas": {
    "type": "medium_city",
    "names": {
      "fr": "Tabernas",
      "en": "Tabernas",
      "es": "Tabernas",
      "it": "Tabernas",
      "pt": "Tabernas",
      "de": "Tabernas",
      "nl": "Tabernas",
      "ar": "طبرنة",
      "zh": "塔韦尔纳斯",
      "ru": "Табернас",
      "tr": "Tabernas",
      "pl": "Tabernas"
    }
  },
  "ES::fromista": {
    "type": "small_city",
    "names": {
      "fr": "Frómista",
      "en": "Frómista",
      "es": "Frómista",
      "it": "Frómista",
      "pt": "Frómista",
      "de": "Frómista",
      "nl": "Frómista",
      "ar": "فورميستا",
      "zh": "弗罗米斯塔",
      "ja": "フロミスタ",
      "ru": "Фромиста",
      "tr": "Frómista",
      "pl": "Frómista"
    }
  },
  "ES::ujué": {
    "type": "small_city",
    "names": {
      "es": "Ujué",
      "fr": "Ujué-Uxue",
      "en": "Ujué/Uxue",
      "it": "Ujué-Uxue",
      "pt": "Ujué-Uxue",
      "de": "Ujué-Uxue",
      "nl": "Ujué-Uxue",
      "zh": "乌胡埃",
      "ja": "ウフエ",
      "ru": "Ухуэ",
      "tr": "Ujué/Uxue",
      "pl": "Ujué-Uxue"
    }
  },
  "ES::astorga": {
    "type": "medium_city",
    "names": {
      "es": "Astorga",
      "ar": "أستورجا",
      "zh": "阿斯托加",
      "ru": "Асторга",
      "fr": "Astorga",
      "en": "Astorga",
      "it": "Astorga",
      "pt": "Astorga",
      "de": "Astorga",
      "nl": "Astorga",
      "ja": "アストルガ",
      "ko": "아스토르가",
      "tr": "Astorga",
      "pl": "Astorga"
    }
  },
  "ES::penafiel": {
    "type": "medium_city",
    "names": {
      "ru": "Пеньяфьель",
      "fr": "Peñafiel",
      "en": "Peñafiel",
      "es": "Peñafiel",
      "it": "Peñafiel",
      "pt": "Peñafiel",
      "de": "Peñafiel",
      "nl": "Peñafiel",
      "ar": "بينيافييل",
      "zh": "佩尼亚菲耶尔",
      "ja": "ペニャフィエル",
      "tr": "Peñafiel",
      "pl": "Peñafiel"
    }
  },
  "ES::el-rompido": {
    "type": "small_city",
    "names": {
      "fr": "El Rompido",
      "en": "El Rompido",
      "es": "El Rompido",
      "de": "El Rompido",
      "nl": "El Rompido"
    }
  },
  "ES::frias": {
    "type": "small_city",
    "names": {
      "fr": "Frías",
      "en": "Frías",
      "es": "Frías",
      "it": "Frías",
      "pt": "Frías",
      "de": "Frías",
      "nl": "Frías",
      "ar": "فراياس",
      "zh": "夫里亚斯",
      "ja": "フリアス",
      "ru": "Фриас",
      "tr": "Frías",
      "pl": "Frías"
    }
  },
  "ES::arribes-del-duero": {
    "type": "small_city",
    "names": {
      "fr": "Parc naturel d'Arribes du Duero",
      "en": "Arribes del Duero Natural Park",
      "es": "Parque natural de Arribes del Duero",
      "it": "Parco naturale di Arribes del Duero",
      "pt": "Parque natural das Arribas do Douro",
      "de": "Naturpark Arribes del Duero",
      "nl": "Natuurpark Arribes del Duero"
    }
  },
  "ES::fornells": {
    "type": "small_city",
    "names": {
      "fr": "Fornells de la Selva",
      "en": "Fornells de la Selva",
      "es": "Fornells de la Selva",
      "it": "Fornells de la Selva",
      "pt": "Fornells de la Selva",
      "de": "Fornells de la Selva",
      "nl": "Fornells de la Selva",
      "ar": "فورنيس دي لا سيلفا",
      "zh": "福尔内利斯德拉塞尔瓦",
      "ru": "Форнельс-де-ла-Сельва",
      "tr": "Fornells de la Selva",
      "pl": "La Barceloneta"
    }
  },
  "ES::las-tuerces": {
    "type": "small_city",
    "names": {
      "fr": "Las Tuerces",
      "en": "Las Tuerces",
      "es": "Las Tuerces",
      "it": "Las Tuerces",
      "pt": "Las Tuerces",
      "de": "Las Tuerces",
      "nl": "Las Tuerces",
      "pl": "Las Tuerces"
    }
  },
  "ES::aracena": {
    "type": "small_city",
    "names": {
      "ar": "أراثينا",
      "fr": "Aracena",
      "en": "Aracena",
      "es": "Aracena",
      "it": "Aracena",
      "pt": "Aracena",
      "de": "Aracena",
      "nl": "Aracena",
      "zh": "阿拉塞纳",
      "ja": "アラセーナ",
      "ru": "Арасена",
      "tr": "Aracena",
      "pl": "Aracena"
    }
  },
  "ES::sanlucar-de-guadiana": {
    "type": "small_city",
    "names": {
      "es": "Sanlúcar de Guadiana",
      "ru": "Санлукар-де-Гвадиана",
      "fr": "Sanlúcar de Guadiana",
      "en": "Sanlúcar de Guadiana",
      "it": "Sanlúcar de Guadiana",
      "pt": "Sanlúcar de Guadiana",
      "de": "Sanlúcar de Guadiana",
      "nl": "Sanlúcar de Guadiana",
      "ar": "شلوقة في وادي يانة",
      "zh": "桑卢卡尔德瓜迪亚纳",
      "tr": "Sanlúcar de Guadiana",
      "pl": "Sanlúcar de Guadiana"
    }
  },
  "ES::molina-de-aragon": {
    "type": "medium_city",
    "names": {
      "es": "Molina de Aragón",
      "de": "Molina de Aragón",
      "ru": "Молина-де-Арагон",
      "fr": "Molina d'Aragon",
      "en": "Molina de Aragón",
      "it": "Molina de Aragón",
      "pt": "Molina de Aragão",
      "nl": "Molina de Aragón",
      "zh": "莫利纳德亚拉贡",
      "ja": "モリーナ・デ・アラゴン",
      "tr": "Molina de Aragón",
      "pl": "Molina de Aragón"
    }
  },
  "ES::jabugo": {
    "type": "village",
    "names": {
      "fr": "Jabugo",
      "en": "Jabugo",
      "es": "Jabugo",
      "it": "Jabugo",
      "pt": "Jabugo",
      "de": "Jabugo",
      "nl": "Jabugo",
      "ar": "خابوغو",
      "zh": "哈武戈",
      "ja": "ハブーゴ",
      "ru": "Хабуго",
      "tr": "Jabugo",
      "pl": "Jabugo"
    }
  },
  "ES::pedraza": {
    "type": "small_city",
    "names": {
      "fr": "Pedraza",
      "en": "Pedraza",
      "es": "Pedraza",
      "it": "Pedraza",
      "pt": "Pedraza",
      "de": "Pedraza",
      "nl": "Pedraza",
      "zh": "佩德拉萨",
      "ja": "ペドラサ",
      "ru": "Педраса",
      "tr": "Pedraza",
      "pl": "Pedraza"
    }
  },
  "ES::requena": {
    "type": "small_city",
    "names": {
      "es": "Requena",
      "fr": "Requena",
      "en": "Requena",
      "it": "Requena",
      "pt": "Requena",
      "de": "Requena",
      "nl": "Requena",
      "ar": "ركانة (بلنسية)",
      "zh": "雷克纳",
      "ja": "レケナ",
      "ru": "Рекена",
      "tr": "Requena",
      "pl": "Requena"
    }
  },
  "ES::campo-de-criptana": {
    "type": "small_city",
    "names": {
      "es": "Campo de Criptana",
      "ar": "كامبو دي كرايبتانا",
      "ru": "Кампо-де-Криптана",
      "fr": "Campo de Criptana",
      "en": "Campo de Criptana",
      "it": "Campo de Criptana",
      "pt": "Campo de Criptana",
      "de": "Campo de Criptana",
      "nl": "Campo de Criptana",
      "zh": "坎波德克里普塔纳",
      "ja": "カンポ・デ・クリプターナ",
      "tr": "Campo de Criptana",
      "pl": "Campo de Criptana"
    }
  },
  "ES::minas-de-riotinto": {
    "type": "village",
    "names": {
      "fr": "Minas de Riotinto",
      "en": "Minas de Riotinto",
      "es": "Minas de Riotinto",
      "it": "Minas de Riotinto",
      "pt": "Minas de Riotinto",
      "de": "Minas de Riotinto",
      "nl": "Minas de Riotinto",
      "ar": "ميناس ديل ريو تينتو",
      "zh": "米纳斯德里奥廷托",
      "ja": "ミナス・デ・リオティント",
      "ru": "Минас-де-Риотинто",
      "tr": "Minas de Riotinto",
      "pl": "Minas de Riotinto"
    }
  },
  "ES::almagro": {
    "type": "small_city",
    "names": {
      "es": "Almagro",
      "ru": "Альмагро",
      "fr": "Almagro",
      "en": "Almagro",
      "it": "Almagro",
      "pt": "Almagro",
      "de": "Almagro",
      "nl": "Almagro",
      "ar": "المَغْرَة",
      "zh": "阿尔马格罗",
      "ja": "アルマグロ (スペイン)",
      "tr": "Almagro",
      "pl": "Almagro"
    }
  },
  "ES::cortegana": {
    "type": "village",
    "names": {
      "fr": "Cortegana",
      "en": "Cortegana",
      "es": "Cortegana",
      "it": "Cortegana",
      "pt": "Cortegana",
      "de": "Cortegana",
      "nl": "Cortegana",
      "ar": "كورتيغانا",
      "zh": "科尔特加纳",
      "ja": "コルテガーナ",
      "ru": "Кортегана",
      "tr": "Cortegana",
      "pl": "Cortegana"
    }
  },
  "ES::lagunas-de-ruidera": {
    "type": "small_city",
    "names": {
      "fr": "parc naturel des lacs de Ruidera",
      "en": "Lagunas de Ruidera Natural Park",
      "es": "Parque natural de las Lagunas de Ruidera",
      "it": "Lagune di Ruidera",
      "nl": "Natuurpark Lagunas de Ruidera",
      "zh": "鲁伊德拉自然公园",
      "ja": "ラグーナス・デ・ルイデーラ自然公園"
    }
  },
  "ES::niebla": {
    "type": "village",
    "names": {
      "fr": "Niebla",
      "en": "Niebla",
      "es": "Niebla",
      "it": "Niebla",
      "pt": "Niebla",
      "de": "Niebla",
      "nl": "Niebla",
      "ar": "لبلة",
      "zh": "涅夫拉",
      "ja": "ニエブラ",
      "ru": "Ньебла",
      "tr": "Niebla",
      "pl": "Niebla"
    }
  },
  "ES::alarcon": {
    "type": "small_city",
    "names": {
      "fr": "Alarcón",
      "en": "Alarcón",
      "es": "Alarcón",
      "it": "Alarcón",
      "pt": "Alarcón",
      "de": "Alarcón",
      "nl": "Alarcón",
      "ar": "الاركون",
      "zh": "阿拉尔孔",
      "ja": "アラルコン (スペイン)",
      "ru": "Аларкон",
      "tr": "Alarcón",
      "pl": "Alarcón"
    }
  },
  "ES::belmonte": {
    "type": "small_city",
    "names": {
      "fr": "Belmonte",
      "en": "Belmonte",
      "es": "Belmonte",
      "it": "Belmonte",
      "pt": "Belmonte",
      "de": "Belmonte",
      "nl": "Belmonte",
      "ar": "بيلمونتي",
      "zh": "贝尔蒙特",
      "ja": "ベルモンテ",
      "ru": "Бельмонте",
      "tr": "Belmonte",
      "pl": "Belmonte"
    }
  },
  "ES::calatanazor": {
    "type": "village",
    "names": {
      "fr": "Calatañazor",
      "en": "Calatañazor",
      "es": "Calatañazor",
      "it": "Calatañazor",
      "pt": "Calatañazor",
      "de": "Calatañazor",
      "nl": "Calatañazor",
      "ar": "قلعة النسور",
      "zh": "卡拉塔尼亚索尔",
      "ko": "칼라타냐소르",
      "ru": "Калатаньясор",
      "tr": "Calatañazor",
      "pl": "Calatañazor"
    }
  },
  "ES::ucles": {
    "type": "village",
    "names": {
      "ar": "اقليش",
      "fr": "Uclès",
      "en": "Uclés",
      "es": "Uclés",
      "it": "Uclés",
      "pt": "Uclés",
      "de": "Uclés",
      "nl": "Uclés",
      "zh": "乌克莱斯",
      "ja": "ウクレス",
      "ru": "Уклес",
      "tr": "Uclés",
      "pl": "Uclés"
    }
  },
  "ES::consuegra": {
    "type": "small_city",
    "names": {
      "ko": "콘수에그라",
      "ru": "Консуэгра",
      "fr": "Consuegra",
      "en": "Consuegra",
      "es": "Consuegra",
      "it": "Consuegra",
      "pt": "Consuegra",
      "de": "Consuegra",
      "nl": "Consuegra",
      "zh": "孔苏埃格拉",
      "ja": "コンスエグラ",
      "tr": "Consuegra",
      "pl": "Consuegra"
    }
  }
}