{
  "TH::chiang-mai": {
    "type": "large_city",
    "names": {
      "fr": "Chiang Mai",
      "en": "Chiang Mai City Municipality",
      "de": "Chiang Mai",
      "zh": "清迈",
      "ja": "チェンマイ",
      "ko": "치앙마이",
      "ru": "Чиангмай",
      "hi": "चिआंग माई",
      "es": "Chiang Mai",
      "it": "Chiang Mai",
      "pt": "Chiang Mai",
      "nl": "Chiang Mai",
      "ar": "تشيانغ مي",
      "tr": "Chiang Mai",
      "pl": "Chiang Mai"
    }
  },
  "TH::bangkok": {
    "type": "large_city",
    "names": {
      "fr": "Bangkok",
      "en": "Bangkok",
      "es": "Bangkok",
      "it": "Bangkok",
      "pt": "Banguecoque",
      "de": "Bangkok",
      "nl": "Bangkok",
      "ar": "بانكوك",
      "zh": "曼谷",
      "ja": "バンコク",
      "ko": "방콕",
      "ru": "Бангкок",
      "hi": "बैंकॉक",
      "tr": "Bangkok",
      "pl": "Bangkok"
    }
  },
  "TH::phuket": {
    "type": "large_city",
    "names": {
      "fr": "Phuket",
      "en": "Phuket Province",
      "es": "Provincia de Phuket",
      "it": "Provincia di Phuket",
      "pt": "Phuket",
      "de": "Provinz Phuket",
      "nl": "Phuket",
      "ar": "محافظة بوكيت",
      "zh": "普吉府",
      "ja": "プーケット県",
      "ko": "푸껫",
      "ru": "Пхукет",
      "hi": "फूकेत प्रान्त",
      "tr": "Phuket",
      "pl": "Phuket"
    }
  },
  "TH::krabi": {
    "type": "medium_city",
    "names": {
      "fr": "Krabi",
      "en": "Krabi Province",
      "es": "Provincia de Krabi",
      "it": "Provincia di Krabi",
      "pt": "Krabi (província)",
      "de": "Provinz Krabi",
      "nl": "Krabi (provincie)",
      "ar": "محافظة كرابي",
      "zh": "甲米府",
      "ja": "クラビー県",
      "ko": "끄라비 주",
      "ru": "Краби",
      "hi": "क्रबी प्रान्त",
      "tr": "Krabi",
      "pl": "Krabi"
    }
  },
  "TH::ayutthaya": {
    "type": "small_city",
    "names": {
      "fr": "Phra Nakhon Si Ayutthaya",
      "en": "Phra Nakhon Si Ayutthaya Province",
      "es": "Provincia de Phra Nakhon Si Ayutthaya",
      "it": "Provincia di Ayutthaya",
      "pt": "Aiutaia",
      "de": "Ayutthaya",
      "nl": "Ayutthaya",
      "ar": "محافظة فرا ناخون سي أيوتثايا",
      "zh": "大城府",
      "ja": "プラナコーンシーアユッタヤー県",
      "ko": "아유타야주",
      "ru": "Аюттхая",
      "hi": "फ्र नखोन सी अयुथया प्रान्त",
      "tr": "Ayutthaya",
      "pl": "Ayutthaya"
    }
  },
  "TH::koh-phangan": {
    "type": "medium_city",
    "names": {
      "fr": "Ko Pha-ngan",
      "en": "Ko Pha-ngan",
      "ru": "Панган",
      "es": "Ko Pha Ngan",
      "it": "Ko Phangan",
      "pt": "Ko Pha Ngan",
      "de": "Ko Pha-ngan",
      "nl": "Ko Pha Ngan",
      "ar": "كو فا نجان",
      "zh": "帕岸島",
      "ja": "パナガン島",
      "ko": "팡안섬",
      "tr": "Ko Pha Ngan",
      "pl": "Phangan"
    }
  },
  "TH::koh-pha-ngan": {
    "type": "small_city",
    "names": {
      "fr": "Ko Pha-ngan",
      "en": "Ko Pha-ngan",
      "ru": "Панган",
      "es": "Ko Pha Ngan",
      "it": "Ko Phangan",
      "pt": "Ko Pha Ngan",
      "de": "Ko Pha-ngan",
      "nl": "Ko Pha Ngan",
      "ar": "كو فا نجان",
      "zh": "帕岸島",
      "ja": "パナガン島",
      "ko": "팡안섬",
      "tr": "Ko Pha Ngan",
      "pl": "Phangan"
    }
  },
  "TH::chiang-rai": {
    "type": "medium_city",
    "names": {
      "fr": "Chiang Rai",
      "en": "Chiang Rai Province",
      "es": "Provincia de Chiang Rai",
      "it": "Provincia di Chiang Rai",
      "pt": "Chiang Rai",
      "de": "Chiang Rai",
      "nl": "Chiang Rai",
      "ar": "تشيانغ ري",
      "zh": "清莱府",
      "ja": "チエンラーイ県",
      "ko": "치앙라이주",
      "ru": "Чианграй",
      "hi": "चिअंग राई प्रान्त",
      "tr": "Chiang Rai",
      "pl": "Chiang Rai"
    }
  },
  "TH::koh-samui": {
    "type": "small_city",
    "names": {
      "fr": "Ko Samui",
      "en": "Ko Samui",
      "nl": "Ko Samui",
      "zh": "蘇梅島",
      "ru": "Самуи",
      "es": "Ko Samui",
      "it": "Ko Samui",
      "pt": "Ko Samui",
      "de": "Ko Samui",
      "ar": "جزيرة ساموي",
      "ja": "サムイ島",
      "ko": "사무이섬",
      "tr": "Ko Samui",
      "pl": "Ko Samui"
    }
  },
  "TH::huai-yang": {
    "type": "small_city",
    "names": {
      "en": "Huai Yang",
      "fr": "Huai Yang",
      "ja": "フワイヤーン駅"
    }
  },
  "TH::pai": {
    "type": "small_city",
    "names": {
      "en": "Pai",
      "ru": "Пай",
      "fr": "Pai",
      "it": "Pai",
      "pt": "Pai",
      "de": "Pai",
      "nl": "Pai",
      "ko": "빠이"
    }
  },
  "TH::koh-tao": {
    "type": "medium_city",
    "names": {
      "fr": "Koh Tao",
      "en": "Ko Tao",
      "ru": "Ко Тау",
      "es": "Ko Tao",
      "it": "Ko Tao",
      "pt": "Ko Tao",
      "de": "Ko Tao",
      "nl": "Ko Tao",
      "ar": "كو تاو",
      "zh": "濤島",
      "ja": "タオ島",
      "ko": "따오섬",
      "tr": "Ko Tao",
      "pl": "Ko tao"
    }
  },
  "TH::prachuap-khiri-khan": {
    "type": "medium_city",
    "names": {
      "fr": "Prachuap Khiri Khan",
      "en": "Prachuap Khiri Khan Province",
      "es": "Provincia de Prachuap Khiri Khan",
      "it": "Provincia di Prachuap Khiri Khan",
      "pt": "Prachuap Khiri Khan (província)",
      "de": "Prachuap Khiri Khan (Provinz)",
      "nl": "Prachuap Khiri Khan (provincie)",
      "ar": "محافظة براتشواب خيري خان",
      "zh": "巴蜀府",
      "ja": "プラチュワップキーリーカン県",
      "ko": "쁘라쭈압키리칸주",
      "ru": "Прачуапкхирикхан",
      "hi": "प्रचुअप खीरी खन प्रान्त",
      "tr": "Prachuap Khiri Khan (il)",
      "pl": "Prachuap Khiri Khan"
    }
  },
  "TH::ranong": {
    "type": "small_city",
    "names": {
      "fr": "Ranong",
      "en": "Ranong Province",
      "es": "Provincia de Ranong",
      "it": "Provincia di Ranong",
      "pt": "Ranong",
      "de": "Ranong",
      "nl": "Ranong",
      "ar": "محافظة رانونغ",
      "zh": "拉廊府",
      "ja": "ラノーン県",
      "ko": "라농주",
      "ru": "Ранонг",
      "hi": "रनोंग प्रान्त",
      "tr": "Ranong",
      "pl": "Ranong"
    }
  },
  "TH::khao-sok": {
    "type": "small_city",
    "names": {
      "en": "Khao Sok National Park",
      "fr": "parc national de Khao Sok",
      "es": "Parque nacional de Khao Sok",
      "de": "Nationalpark Khao Sok",
      "nl": "Khao Sok",
      "zh": "考索國家公園",
      "ru": "Кхао Сок",
      "hi": "खाओ सोक राष्ट्रीय उद्यान",
      "pl": "Park Narodowy Khao Sok"
    }
  },
  "TH::mae-hong-son": {
    "type": "village",
    "names": {
      "fr": "Mae Hong Son",
      "en": "Mae Hong Son Province",
      "es": "Provincia de Mae Hong Son",
      "it": "Provincia di Mae Hong Son",
      "pt": "Mae Hong Son (província)",
      "de": "Provinz Mae Hong Son",
      "nl": "Mae Hong Son (provincie)",
      "ar": "محافظة ماي هونغ سون",
      "zh": "夜丰颂府",
      "ja": "メーホンソーン県",
      "ko": "매홍손주",
      "ru": "Мэхонгсон",
      "hi": "मै होंग सोन प्रान्त",
      "tr": "Mae Hong Son (il)",
      "pl": "Mae Hong Son"
    }
  },
  "TH::doi-inthanon": {
    "type": "small_city",
    "names": {
      "en": "Doi Inthanon",
      "de": "Doi Inthanon",
      "ru": "Дои Интанон",
      "fr": "Doi Inthanon",
      "es": "Doi Inthanon",
      "it": "Doi Inthanon",
      "pt": "Doi Inthanon",
      "nl": "Doi Inthanon",
      "ar": "جبل دوى إن تانون",
      "zh": "因他暖山",
      "ja": "ドイ・インタノン山",
      "ko": "도이인타논산",
      "pl": "Doi Inthanon"
    }
  },
  "TH::satun": {
    "type": "village",
    "names": {
      "fr": "Satun",
      "en": "Satun Province",
      "es": "Provincia de Satun",
      "it": "Provincia di Satun",
      "pt": "Satun (província)",
      "de": "Provinz Satun",
      "nl": "Satun",
      "ar": "محافظة ساتون",
      "zh": "沙敦府",
      "ja": "サトゥーン県",
      "ko": "사뚠주",
      "ru": "Сатун",
      "hi": "सतून प्रान्त",
      "tr": "Satun",
      "pl": "Satun"
    }
  },
  "TH::narathiwat": {
    "type": "village",
    "names": {
      "fr": "Narathiwat",
      "en": "Narathiwat Province",
      "es": "Provincia de Narathiwat",
      "it": "Provincia di Narathiwat",
      "pt": "Narathiwat (província)",
      "de": "Provinz Narathiwat",
      "nl": "Narathiwat (provincie)",
      "ar": "محافظة ناراتيوات",
      "zh": "陶公府",
      "ja": "ナラーティワート県",
      "ko": "나라티왓주",
      "ru": "Наратхиват",
      "hi": "नराथिवात प्रान्त",
      "tr": "Narathiwat (il)",
      "pl": "Narathiwat"
    }
  },
  "TH::sadao": {
    "type": "village",
    "names": {
      "fr": "Sadao",
      "en": "Sadao"
    }
  },
  "TH::ban-rak-thai": {
    "type": "village",
    "names": {
      "en": "Ban Rak Thai"
    }
  },
  "TH::yala": {
    "type": "village",
    "names": {
      "fr": "Yala",
      "en": "Yala Province",
      "es": "Provincia de Yala",
      "it": "Provincia di Yala",
      "pt": "Yala (província)",
      "de": "Yala (Provinz)",
      "nl": "Yala (provincie)",
      "ar": "محافظة يالا",
      "zh": "惹拉府",
      "ja": "ヤラー県",
      "ko": "얄라주",
      "ru": "Яла",
      "hi": "याला प्रान्त",
      "tr": "Yala (il)",
      "pl": "Yala"
    }
  },
  "TH::hat-yao-trang": {
    "type": "village",
    "names": {
      "en": "Hat Yao"
    }
  }
}