{
  "ID::ubud": {
    "type": "large_city",
    "names": {
      "ru": "Убуд",
      "fr": "Ubud",
      "en": "Ubud",
      "es": "Ubud",
      "it": "Ubud",
      "pt": "Ubud",
      "de": "Ubud",
      "nl": "Ubud",
      "ar": "أوبود",
      "zh": "烏布",
      "ja": "ウブド",
      "ko": "우붓",
      "hi": "उबुद",
      "pl": "Ubud"
    }
  },
  "ID::seminyak": {
    "type": "large_city",
    "names": {
      "ru": "Семиньяк",
      "fr": "Seminyak",
      "en": "Seminyak",
      "es": "Seminyak",
      "it": "Seminyak",
      "pt": "Seminyak",
      "de": "Seminyak",
      "nl": "Seminyak",
      "zh": "水明漾",
      "ja": "スミニャック",
      "ko": "스미냑"
    }
  },
  "ID::canggu": {
    "type": "large_city",
    "names": {
      "en": "Canggu",
      "ru": "Чангу",
      "fr": "Canggu",
      "it": "Canggu",
      "pt": "Canggu",
      "de": "Canggu",
      "nl": "Canggu",
      "zh": "坎古",
      "hi": "चंगू"
    }
  },
  "ID::kuta-bali": {
    "type": "small_city",
    "names": {
      "ko": "쿠타",
      "ru": "Район Кута",
      "fr": "Kuta",
      "en": "Kuta",
      "it": "Kuta",
      "pt": "Kuta",
      "de": "Kuta",
      "nl": "Kuta",
      "ar": "كوتا بالي",
      "zh": "庫塔",
      "ja": "クタ",
      "hi": "कूटा",
      "pl": "Kuta"
    }
  },
  "ID::uluwatu": {
    "type": "medium_city",
    "names": {
      "fr": "temple d'Uluwatu",
      "en": "Pura Luhur",
      "es": "templo de Uluwatu",
      "it": "Tempio di Uluwatu",
      "pt": "Pura Uluwatu",
      "de": "Pura Luhur Uluwatu",
      "nl": "Poera Oeloewatoe",
      "zh": "烏魯瓦圖寺",
      "ja": "ウルワツ寺院",
      "ru": "Лухур Улувату"
    }
  },
  "ID::jakarta": {
    "type": "medium_city",
    "names": {
      "fr": "Jakarta",
      "en": "Special Capital Region of Jakarta",
      "es": "Yakarta",
      "it": "Giacarta",
      "pt": "Jacarta",
      "de": "Besondere Hauptstadtregion Jakarta",
      "nl": "Speciale Hoofdstedelijke Regio Jakarta",
      "ar": "منطقة جاكرتا العاصمة",
      "zh": "雅加达首都特区 / 雅加達首都特區",
      "ja": "ジャカルタ",
      "ko": "자카르타 특별수도주",
      "ru": "Особый столичный округ Джакарта",
      "hi": "जकार्ता",
      "tr": "Cakarta",
      "pl": "Specjalny Region Stołeczny Dżakarta"
    }
  },
  "ID::sidemen": {
    "type": "medium_city",
    "names": {
      "fr": "Sidemen",
      "en": "Sidemen",
      "es": "Sidemen",
      "pt": "Sidemen",
      "de": "Sidemen",
      "nl": "Sidemen"
    }
  },
  "ID::gili-air": {
    "type": "medium_city",
    "names": {
      "en": "Gili Air",
      "fr": "Gili Air",
      "de": "Gili Air",
      "nl": "Gili Air",
      "ru": "Гили-Аир",
      "tr": "Gili Air"
    }
  },
  "ID::munduk": {
    "type": "medium_city",
    "names": {
      "ru": "Мундук",
      "fr": "Munduk",
      "en": "Munduk",
      "es": "Munduk",
      "pt": "Munduk",
      "de": "Munduk",
      "nl": "Munduk"
    }
  },
  "ID::nusa-lembongan": {
    "type": "medium_city",
    "names": {
      "en": "Nusa Lembongan",
      "de": "Lumbung Bali Huts",
      "ja": "レンボンガン島",
      "fr": "Nusa Lembongan",
      "pt": "Nusa Lembongan",
      "nl": "Nusa Lembongan",
      "ar": "ليمبونغان",
      "zh": "倫邦岸島",
      "ru": "Нуса-Лембонган"
    }
  },
  "ID::labuan-bajo": {
    "type": "small_city",
    "names": {
      "ar": "لابوان باجو",
      "zh": "拉布汉巴焦",
      "ja": "ラブハンバジョ",
      "fr": "Labuan Bajo",
      "en": "Labuan Bajo",
      "es": "Labuan Bajo",
      "de": "Labuan Bajo",
      "nl": "Labuan Bajo",
      "ru": "Лабуан Баджо",
      "pl": "Labuan Bajo"
    }
  },
  "ID::amed": {
    "type": "small_city",
    "names": {
      "fr": "Diyarbakır",
      "en": "Diyarbakır",
      "es": "Diyarbakır",
      "it": "Diyarbakır",
      "pt": "Diyarbakır",
      "de": "Diyarbakır",
      "nl": "Diyarbakır",
      "ar": "ديار بكر",
      "zh": "迪亚巴克尔",
      "ja": "ディヤルバクル",
      "ko": "디야르바키르",
      "ru": "Диярбакыр",
      "hi": "दियारबाकिर",
      "tr": "Diyarbakır",
      "pl": "Diyarbakır"
    }
  },
  "ID::borobudur": {
    "type": "small_city",
    "names": {
      "en": "Borobudur Temple",
      "nl": "Borobudur tempel;Boduran",
      "zh": "婆罗浮屠",
      "fr": "Borobudur",
      "es": "Borobudur",
      "it": "Borobudur",
      "pt": "Borobudur",
      "de": "Borobudur",
      "ar": "بوروبودور",
      "ja": "ボロブドゥール遺跡",
      "ko": "보로부두르",
      "ru": "Боробудур",
      "hi": "बोरोबुदुर",
      "tr": "Borobudur",
      "pl": "Borobudur"
    }
  },
  "ID::bromo": {
    "type": "village",
    "names": {
      "en": "Penanjakan",
      "fr": "halothane",
      "es": "Halotano",
      "it": "alotano",
      "pt": "halotano",
      "de": "Halothan",
      "nl": "halothaan",
      "ar": "هالوثان",
      "zh": "氟烷",
      "ja": "ハロタン",
      "ko": "할로세인",
      "ru": "Галотан",
      "hi": "हैलोथेन",
      "tr": "Halotan",
      "pl": "Halotan"
    }
  },
  "ID::sembalun": {
    "type": "small_city",
    "names": {
      "fr": "Sembalun",
      "en": "Sembalun",
      "de": "Sembalun",
      "nl": "Sembalun",
      "zh": "森巴仑区"
    }
  },
  "ID::cemoro-lawang": {
    "type": "village",
    "names": {
      "en": "Cemoro Lawang",
      "de": "Cemoro Lawang"
    }
  },
  "ID::probolinggo": {
    "type": "village",
    "names": {
      "en": "Probolinggo",
      "ar": "بروبولينقو",
      "zh": "龐越",
      "ja": "プロボリンゴ",
      "ru": "Проболинго",
      "fr": "Probolinggo",
      "es": "Probolinggo",
      "it": "Probolinggo",
      "pt": "Probolinggo",
      "de": "Probolinggo",
      "nl": "Probolinggo",
      "ko": "프로볼링고",
      "hi": "प्रोबोलिंगो",
      "tr": "Probolinggo",
      "pl": "Probolinggo"
    }
  },
  "ID::alas-purwo": {
    "type": "small_city",
    "names": {
      "fr": "parc national d'Alas Purwo",
      "en": "Alas Purwo National Park",
      "es": "Parque nacional de Alas Purwo",
      "it": "parco nazionale di Alas Purwo",
      "de": "Nationalpark Alas Purwo",
      "nl": "Nationaal Park Alas Purwo",
      "zh": "阿拉斯普沃國家公園",
      "ja": "アラス・プルウォ国立公園",
      "ru": "Алас Пурво"
    }
  }
}