{
  "KZ::almaty": {
    "type": "large_city",
    "names": {
      "fr": "Almaty",
      "en": "Almaty",
      "es": "Almatý",
      "it": "Almaty",
      "pt": "Almaty",
      "de": "Almaty",
      "nl": "Almaty",
      "ar": "ألماتي",
      "zh": "阿拉木图",
      "ja": "アルマトイ",
      "ko": "알마티",
      "ru": "Алматы",
      "hi": "अलमाती",
      "tr": "Almatı",
      "pl": "Ałmaty"
    }
  },
  "KZ::zharkent": {
    "type": "small_city",
    "names": {
      "fr": "Jarkent",
      "en": "Zharkent",
      "pt": "Dzharkent",
      "de": "Scharkent",
      "ar": "زاركينت",
      "zh": "扎尔肯特",
      "ru": "Жаркент",
      "tr": "Jarkent",
      "pl": "Żarkent"
    }
  },
  "KZ::oskemen": {
    "type": "medium_city",
    "names": {
      "fr": "Öskemen",
      "en": "Oskemen",
      "es": "Öskemen",
      "it": "Öskemen",
      "pt": "Öskemen",
      "de": "Öskemen",
      "nl": "Öskemen",
      "ar": "أوسكمان",
      "zh": "厄斯克门",
      "ja": "オスケメン",
      "ko": "외스케멘",
      "ru": "Усть-Каменогорск",
      "tr": "Öskemen",
      "pl": "Ust-Kamienogorsk"
    }
  },
  "KZ::karaganda": {
    "type": "medium_city",
    "names": {
      "fr": "Oblys de Karaganda",
      "en": "Karaganda Region",
      "es": "Provincia de Karagandá",
      "it": "Regione di Karaganda",
      "pt": "Karaganda",
      "de": "Gebiet Qaraghandy",
      "nl": "Oblast Karaganda",
      "ar": "أوبليس كراغندي",
      "zh": "卡拉干达州",
      "ja": "カラガンダ州",
      "ko": "카라간다주",
      "ru": "Карагандинская область",
      "hi": "काराग़ान्दी प्रांत",
      "tr": "Karagandı Eyaleti",
      "pl": "Obwód karagandyjski"
    }
  },
  "KZ::astana": {
    "type": "large_city",
    "names": {
      "fr": "Astana",
      "en": "Astana",
      "es": "Astaná",
      "it": "Astana",
      "pt": "Astana",
      "de": "Astana",
      "nl": "Astana",
      "ar": "أستانا",
      "zh": "阿斯塔纳",
      "ja": "ヌルスルタン",
      "ko": "아스타나",
      "ru": "Астана",
      "hi": "अस्ताना",
      "tr": "Astana",
      "pl": "Astana"
    }
  },
  "KZ::aktau": {
    "type": "medium_city",
    "names": {
      "fr": "Aktaou",
      "en": "Aktau",
      "es": "Aktau",
      "it": "Actaun",
      "pt": "Aktau",
      "de": "Aqtau",
      "nl": "Aqtau",
      "ar": "أكتاو",
      "zh": "阿克套",
      "ja": "アクタウ",
      "ko": "악타우",
      "ru": "Актау",
      "hi": "अक़तऊ",
      "tr": "Aktav",
      "pl": "Aktau"
    }
  },
  "KZ::shymkent": {
    "type": "large_city",
    "names": {
      "fr": "Chimkent",
      "en": "Shymkent",
      "es": "Shymkent",
      "it": "Şımkent",
      "pt": "Shymkent",
      "de": "Schymkent",
      "nl": "Şımkent",
      "ar": "شيمكنت",
      "zh": "希姆肯特",
      "ja": "シムケント",
      "ko": "심켄트",
      "ru": "Шымкент",
      "tr": "Çimkent",
      "pl": "Szymkent"
    }
  }
}