{
  "BO::la-paz": {
    "type": "large_city",
    "names": {
      "fr": "La Paz",
      "en": "La Paz",
      "it": "La Paz",
      "pt": "La Paz",
      "de": "La Paz",
      "nl": "La Paz",
      "ar": "لاباز",
      "zh": "拉巴斯",
      "ja": "ラパス",
      "ko": "라파스",
      "ru": "Ла-Пас",
      "hi": "ला पास",
      "tr": "La Paz",
      "pl": "La Paz",
      "es": "La Paz"
    }
  },
  "BO::cochabamba": {
    "type": "small_city",
    "names": {
      "es": "Municipio de Cochabamba",
      "de": "Municipio Cochabamba",
      "nl": "Cochabamba"
    }
  },
  "BO::sucre": {
    "type": "medium_city",
    "names": {
      "fr": "Sucre",
      "en": "Sucre",
      "es": "Sucre",
      "de": "Sucre",
      "nl": "Sucre",
      "ar": "سوكري",
      "zh": "蘇克雷",
      "ja": "スクレ",
      "ko": "수크레",
      "ru": "Сукре",
      "pl": "Sucre",
      "it": "Sucre",
      "pt": "Sucre",
      "hi": "सूक्रे",
      "tr": "Sucre"
    }
  },
  "BO::santa-cruz-de-la-sierra": {
    "type": "small_city",
    "names": {
      "fr": "Santa Cruz de la Sierra",
      "en": "Santa Cruz de la Sierra",
      "es": "Santa Cruz de la Sierra",
      "it": "Santa Cruz de la Sierra",
      "pt": "Santa Cruz de la Sierra",
      "de": "Santa Cruz de la Sierra",
      "nl": "Santa Cruz de la Sierra",
      "ar": "سانتا كروز دي لا سييرا",
      "ja": "サンタ・クルス・デ・ラ・シエラ",
      "ko": "산타크루스데라시에라",
      "ru": "Санта-Крус-де-ла-Сьерра",
      "zh": "圣克鲁斯-德拉谢拉",
      "hi": "सांता क्रूज़ दे ला सीएरा",
      "tr": "Santa Cruz de la Sierra",
      "pl": "Santa Cruz"
    }
  },
  "BO::samaipata": {
    "type": "small_city",
    "names": {
      "es": "Samaipata",
      "fr": "Samaipata",
      "en": "Samaipata",
      "it": "Samaipata",
      "pt": "Samaipata",
      "de": "Samaipata",
      "nl": "Samaipata",
      "zh": "薩邁帕塔",
      "ja": "サマイパタ (ボリビア)",
      "pl": "Samaipata"
    }
  },
  "BO::potosi": {
    "type": "small_city",
    "names": {
      "zh": "波托西",
      "ru": "Потоси",
      "en": "Potosí Municipality",
      "de": "Municipio Potosí",
      "nl": "Potosí"
    }
  },
  "BO::isla-del-sol": {
    "type": "medium_city",
    "names": {
      "fr": "Isla del Sol",
      "en": "Isla del Sol",
      "es": "Isla del Sol",
      "it": "Isla del Sol",
      "pt": "Isla del Sol",
      "de": "Isla del Sol",
      "nl": "Isla del Sol",
      "zh": "太陽島",
      "ja": "太陽の島",
      "ko": "태양의 섬",
      "ru": "Исла-дель-Соль",
      "tr": "Güneş Adası",
      "pl": "Wyspa Słońca"
    }
  },
  "BO::copacabana": {
    "type": "medium_city",
    "names": {
      "fr": "Copacabana",
      "en": "Copacabana",
      "es": "Copacabana",
      "pt": "Copacabana",
      "de": "Copacabana",
      "nl": "Copacabana",
      "ar": "كوباكابانا",
      "zh": "科帕卡瓦納",
      "ja": "コパカバーナ (ボリビア)",
      "ko": "코파카바나",
      "ru": "Копакабана",
      "pl": "Copacabana"
    }
  },
  "BO::uyuni": {
    "type": "small_city",
    "names": {
      "fr": "Catégorie:Uyuni",
      "en": "Uyuni Municipality",
      "it": "Uyuni",
      "de": "Municipio Uyuni",
      "nl": "Uyuni",
      "zh": "乌尤尼市镇",
      "ru": "Уюни"
    }
  },
  "BO::tarija": {
    "type": "small_city",
    "names": {
      "en": "Tarija",
      "es": "Tarija",
      "ru": "Тариха",
      "fr": "Tarija",
      "it": "dipartimento di Tarija",
      "pt": "Departamento de Tarija",
      "de": "Departamento Tarija",
      "nl": "Tarija",
      "ar": "إدارة تاريا",
      "zh": "塔里哈省",
      "ja": "タリハ県",
      "ko": "타리하주",
      "hi": "तारिहा विभाग",
      "tr": "Tarija Departmanı",
      "pl": "Tarija"
    }
  },
  "BO::torotoro": {
    "type": "village",
    "names": {
      "fr": "Torotoro",
      "en": "Torotoro",
      "es": "Toro Toro",
      "de": "Torotoro",
      "nl": "Torotoro"
    }
  },
  "BO::sajama": {
    "type": "village",
    "names": {
      "fr": "Sajama",
      "en": "Sajama Province",
      "es": "Provincia de Sajama",
      "it": "provincia di Sajama",
      "pt": "Sajama",
      "de": "Provinz Sajama",
      "nl": "Sajama",
      "ar": "ساجاما (بوليفيا)",
      "zh": "萨哈马县",
      "ru": "Сахама",
      "pl": "Sajama"
    }
  },
  "BO::rurrenabaque": {
    "type": "small_city",
    "names": {
      "ko": "루레나바께",
      "fr": "Rurrenabaque",
      "en": "Rurrenabaque",
      "es": "Rurrenabaque",
      "it": "Rurrenabaque",
      "pt": "Rurrenabaque",
      "de": "Rurrenabaque",
      "nl": "Rurrenabaque",
      "ar": "روريناباكوي",
      "zh": "魯雷納瓦克",
      "ja": "ルレナバケ",
      "ru": "Рурренабаке",
      "pl": "Rurrenabaque"
    }
  },
  "BO::aguas-calientes": {
    "type": "village",
    "names": {
      "fr": "Quebrada Aguas Calientes",
      "en": "Quebrada Aguas Calientes",
      "es": "Quebrada Aguas Calientes",
      "de": "Quebrada Aguas Calientes"
    }
  },
  "BO::santiago-de-chiquitos": {
    "type": "village",
    "names": {
      "en": "Santiago de Chiquitos",
      "es": "Santiago de Chiquitos",
      "de": "Santiago de Chiquitos",
      "nl": "Santiago de Chiquitos"
    }
  },
  "BO::laguna-colorada": {
    "type": "village",
    "names": {
      "fr": "Laguna Colorada",
      "en": "Laguna Colorada",
      "pt": "Laguna Colorada",
      "de": "Laguna Colorada",
      "zh": "科罗拉达湖",
      "ja": "ラグナ・コロラダ",
      "es": "Laguna Colorada",
      "it": "Laguna Colorada",
      "nl": "Laguna Colorada",
      "ar": "بحيرة اللاجون الأحمر",
      "ru": "Лагуна-Колорада",
      "tr": "Laguna Colorada"
    }
  },
  "BO::colchani": {
    "type": "village",
    "names": {
      "fr": "Colchani",
      "en": "Colchani",
      "es": "Colchani",
      "it": "Colchani",
      "de": "Colchani",
      "nl": "Colchani",
      "zh": "科爾查尼",
      "pl": "Colchani"
    }
  }
}